time,event_name,event_type
2015-01-01,Chinese Holiday New Year's Day,Chinese Holiday
2015-01-01,US Holiday New Year's Day,US Holiday
2015-01-02,Chinese Holiday Rest Day,Chinese Holiday
2015-01-09,NFP Release,NFP Release
2015-01-16,CPI Release,CPI Release
2015-01-19,US Holiday Martin Luther King Jr. Day,US Holiday
2015-01-28,US Market Summit FOMC Statement,US Market Summit FOMC
2015-02-02,PCE Release for December 2014,PCE Release
2015-02-06,NFP Release,NFP Release
2015-02-09,SPY Component Report L,SPY Component Report
2015-02-16,US Holiday Washington's Birthday,US Holiday
2015-02-18,Chinese Holiday Rest Day,Chinese Holiday
2015-02-19,Chinese Holiday Spring Festival,Chinese Holiday
2015-02-20,Chinese Holiday Spring Festival,Chinese Holiday
2015-02-20,CPI Release,CPI Release
2015-02-21,Chinese Holiday Spring Festival,Chinese Holiday
2015-02-23,Chinese Holiday Spring Festival,Chinese Holiday
2015-02-24,Chinese Holiday Rest Day,Chinese Holiday
2015-02-26,CPI Release,CPI Release
2015-03-02,PCE Release for January 2015,PCE Release
2015-03-06,NFP Release,NFP Release
2015-03-18,US Market Summit FOMC w/ SEP,US Market Summit FOMC
2015-03-20,US Market Summit SPY OpEx Quarterly,Other Event
2015-03-24,CPI Release,CPI Release
2015-03-30,PCE Release for February 2015,PCE Release
2015-04-03,NFP Release,NFP Release
2015-04-05,Chinese Holiday Qingming Festival,Chinese Holiday
2015-04-06,Chinese Holiday Qingming Festival,Chinese Holiday
2015-04-17,CPI Release,CPI Release
2015-04-29,US Market Summit FOMC Statement,US Market Summit FOMC
2015-04-30,PCE Release for March 2015,PCE Release
2015-05-01,Chinese Holiday Labor Day,Chinese Holiday
2015-05-04,SPY Component Report L,SPY Component Report
2015-05-08,NFP Release,NFP Release
2015-05-22,CPI Release,CPI Release
2015-05-25,US Holiday Memorial Day,US Holiday
2015-06-01,PCE Release for April 2015,PCE Release
2015-06-05,NFP Release,NFP Release
2015-06-07,US Market Summit G7 Summit,US Market Summit G7
2015-06-17,US Market Summit FOMC w/ SEP,US Market Summit FOMC
2015-06-18,CPI Release,CPI Release
2015-06-19,US Market Summit SPY OpEx Quarterly,Other Event
2015-06-20,Chinese Holiday Dragon Boat Festival,Chinese Holiday
2015-06-22,Chinese Holiday Dragon Boat Festival,Chinese Holiday
2015-06-25,PCE Release for May 2015,PCE Release
2015-07-02,NFP Release,NFP Release
2015-07-03,US Holiday Independence Day (observed),US Holiday
2015-07-04,US Holiday Independence Day,US Holiday
2015-07-17,CPI Release,CPI Release
2015-07-29,US Market Summit FOMC Statement,US Market Summit FOMC
2015-08-03,SPY Component Report L,SPY Component Report
2015-08-07,NFP Release,NFP Release
2015-08-19,CPI Release,CPI Release
2015-08-28,PCE Release for July 2015,PCE Release
2015-09-03,Chinese Holiday Victory Day of the Chinese People's War of Resistance Against Japanese Aggression and World Anti-Fascist War,Chinese Holiday
2015-09-04,Chinese Holiday Rest Day,Chinese Holiday
2015-09-04,NFP Release,NFP Release
2015-09-07,US Holiday Labor Day,US Holiday
2015-09-16,CPI Release,CPI Release
2015-09-17,US Market Summit FOMC w/ SEP,US Market Summit FOMC
2015-09-18,US Market Summit SPY OpEx Quarterly,Other Event
2015-09-27,Chinese Holiday Mid-Autumn Festival,Chinese Holiday
2015-10-01,Chinese Holiday National Day,Chinese Holiday
2015-10-02,Chinese Holiday National Day,Chinese Holiday
2015-10-02,NFP Release,NFP Release
2015-10-03,Chinese Holiday National Day,Chinese Holiday
2015-10-05,Chinese Holiday National Day,Chinese Holiday
2015-10-06,Chinese Holiday Mid-Autumn Festival,Chinese Holiday
2015-10-07,Chinese Holiday Rest Day,Chinese Holiday
2015-10-12,US Holiday Columbus Day,US Holiday
2015-10-13,US Presidential Election First Democratic primary debate,US Presidential Election
2015-10-15,CPI Release,CPI Release
2015-10-28,US Market Summit FOMC Statement,US Market Summit FOMC
2015-10-28,US Presidential Election Third Republican primary debate,US Presidential Election
2015-10-30,PCE Release for September 2015,PCE Release
2015-11-02,SPY Component Report L,SPY Component Report
2015-11-06,NFP Release,NFP Release
2015-11-11,US Holiday Veterans Day,US Holiday
2015-11-15,US Market Summit G20 Summit,US Market Summit G20
2015-11-17,CPI Release,CPI Release
2015-11-25,PCE Release for October 2015,PCE Release
2015-11-26,US Holiday Thanksgiving Day,US Holiday
2015-12-04,NFP Release,NFP Release
2015-12-15,CPI Release,CPI Release
2015-12-15,US Market Summit WTO MC10,US Market Summit WTO
2015-12-16,US Market Summit FOMC w/ SEP,US Market Summit FOMC
2015-12-18,SPY OpEx Quarterly,SPY OpEx Quarterly
2015-12-25,US Holiday Christmas Day,US Holiday
2016-01-01,Chinese Holiday New Year's Day,Chinese Holiday
2016-01-01,US Holiday New Year's Day,US Holiday
2016-01-08,NFP Release,NFP Release
2016-01-18,US Holiday Martin Luther King Jr. Day,US Holiday
2016-01-20,CPI Release,CPI Release
2016-01-27,US Market Summit FOMC Statement,US Market Summit FOMC
2016-02-01,PCE Release for December 2015,PCE Release
2016-02-01,US Presidential Election Iowa caucuses,US Presidential Election
2016-02-05,NFP Release,NFP Release
2016-02-08,Chinese Holiday Spring Festival,Chinese Holiday
2016-02-08,SPY Component Report L,SPY Component Report
2016-02-09,Chinese Holiday Spring Festival,Chinese Holiday
2016-02-10,Chinese Holiday Spring Festival,Chinese Holiday
2016-02-11,Chinese Holiday Rest Day,Chinese Holiday
2016-02-12,Chinese Holiday Rest Day,Chinese Holiday
2016-02-15,US Holiday Washington's Birthday,US Holiday
2016-02-19,CPI Release,CPI Release
2016-02-26,PCE Release for January 2016,PCE Release
2016-03-01,US Presidential Election Super Tuesday primaries,US Presidential Election
2016-03-04,NFP Release,NFP Release
2016-03-16,CPI Release,CPI Release
2016-03-16,US Market Summit FOMC w/ SEP,US Market Summit FOMC
2016-03-18,SPY OpEx Quarterly,SPY OpEx Quarterly
2016-03-28,PCE Release for February 2016,PCE Release
2016-04-01,NFP Release,NFP Release
2016-04-04,Chinese Holiday Qingming Festival,Chinese Holiday
2016-04-14,CPI Release,CPI Release
2016-05-01,Chinese Holiday Labor Day,Chinese Holiday
2016-05-02,Chinese Holiday Labor Day,Chinese Holiday
2016-05-02,SPY Component Report L,SPY Component Report
2016-05-06,NFP Release,NFP Release
2016-05-17,CPI Release,CPI Release
2016-05-26,US Market Summit G7 Summit,US Market Summit G7
2016-05-30,US Holiday Memorial Day,US Holiday
2016-06-03,NFP Release,NFP Release
2016-06-09,Chinese Holiday Dragon Boat Festival,Chinese Holiday
2016-06-10,Chinese Holiday Rest Day,Chinese Holiday
2016-06-15,US Market Summit FOMC w/ SEP,US Market Summit FOMC
2016-06-16,CPI Release,CPI Release
2016-06-17,SPY OpEx Quarterly,SPY OpEx Quarterly
2016-06-29,PCE Release for May 2016,PCE Release
2016-07-04,US Holiday Independence Day,US Holiday
2016-07-08,NFP Release,NFP Release
2016-07-15,CPI Release,CPI Release
2016-07-18,US Presidential Election RNC convention (Trump nominated),US Presidential Election
2016-07-25,US Presidential Election DNC convention (Clinton nominated),US Presidential Election
2016-08-01,SPY Component Report L,SPY Component Report
2016-08-02,PCE Release for June 2016,PCE Release
2016-08-05,NFP Release,NFP Release
2016-08-16,CPI Release,CPI Release
2016-08-26,US Market Summit Jackson Hole,US Market Summit Jackson Hole
2016-08-29,PCE Release for July 2016,PCE Release
2016-09-02,NFP Release,NFP Release
2016-09-04,US Market Summit G20 Summit,US Market Summit G20
2016-09-05,US Holiday Labor Day,US Holiday
2016-09-15,Chinese Holiday Mid-Autumn Festival,Chinese Holiday
2016-09-16,Chinese Holiday Rest Day,Chinese Holiday
2016-09-16,CPI Release,CPI Release
2016-09-16,SPY OpEx Quarterly,SPY OpEx Quarterly
2016-09-21,US Market Summit FOMC w/ SEP,US Market Summit FOMC
2016-09-26,US Presidential Election First presidential debate,US Presidential Election
2016-09-30,PCE Release for August 2016,PCE Release
2016-10-01,Chinese Holiday National Day,Chinese Holiday
2016-10-02,Chinese Holiday National Day,Chinese Holiday
2016-10-03,Chinese Holiday National Day,Chinese Holiday
2016-10-04,Chinese Holiday National Day,Chinese Holiday
2016-10-05,Chinese Holiday National Day,Chinese Holiday
2016-10-06,Chinese Holiday Rest Day,Chinese Holiday
2016-10-07,Chinese Holiday Rest Day,Chinese Holiday
2016-10-07,NFP Release,NFP Release
2016-10-09,US Presidential Election Second presidential debate,US Presidential Election
2016-10-10,US Holiday Columbus Day,US Holiday
2016-10-18,CPI Release,CPI Release
2016-10-19,US Presidential Election Third presidential debate,US Presidential Election
2016-10-31,PCE Release for September 2016,PCE Release
2016-10-31,SPY Component Report L,SPY Component Report
2016-11-04,NFP Release,NFP Release
2016-11-08,US Presidential Election Day 2016 (Trump wins),US Presidential Election
2016-11-11,US Holiday Veterans Day,US Holiday
2016-11-17,CPI Release,CPI Release
2016-11-24,US Holiday Thanksgiving Day,US Holiday
2016-11-30,PCE Release for October 2016,PCE Release
2016-11-30,US Market Summit OPEC+,US Market Summit OPEC
2016-12-02,NFP Release,NFP Release
2016-12-14,US Market Summit FOMC w/ SEP,US Market Summit FOMC
2016-12-15,CPI Release,CPI Release
2016-12-16,SPY OpEx Quarterly,SPY OpEx Quarterly
2016-12-19,US Presidential Election Electoral College vote,US Presidential Election
2016-12-22,PCE Release for November 2016,PCE Release
2016-12-25,US Holiday Christmas Day,US Holiday
2016-12-26,US Holiday Christmas Day (observed),US Holiday
2017-01-01,Chinese Holiday New Year's Day,Chinese Holiday
2017-01-01,US Holiday New Year's Day,US Holiday
2017-01-02,Chinese Holiday New Year's Day,Chinese Holiday
2017-01-02,US Holiday New Year's Day (observed),US Holiday
2017-01-06,NFP Release,NFP Release
2017-01-06,US Presidential Election Congress certifies EC result,US Presidential Election
2017-01-16,US Holiday Martin Luther King Jr. Day,US Holiday
2017-01-18,CPI Release,CPI Release
2017-01-20,US Presidential Election Inauguration Trump 45th,US Presidential Election
2017-01-27,Chinese Holiday Rest Day,Chinese Holiday
2017-01-28,Chinese Holiday Spring Festival,Chinese Holiday
2017-01-29,Chinese Holiday Spring Festival,Chinese Holiday
2017-01-30,Chinese Holiday Spring Festival,Chinese Holiday
2017-01-30,PCE Release for December 2016,PCE Release
2017-01-31,Chinese Holiday Spring Festival,Chinese Holiday
2017-02-01,Chinese Holiday Spring Festival,Chinese Holiday
2017-02-02,Chinese Holiday Rest Day,Chinese Holiday
2017-02-03,NFP Release,NFP Release
2017-02-06,SPY Component Report L,SPY Component Report
2017-02-13,CPI Release,CPI Release
2017-02-15,CPI Release,CPI Release
2017-02-20,US Holiday Washington's Birthday,US Holiday
2017-03-01,PCE Release for January 2017,PCE Release
2017-03-10,NFP Release,NFP Release
2017-03-15,CPI Release,CPI Release
2017-03-15,US Market Summit FOMC w/ SEP,US Market Summit FOMC
2017-03-17,SPY OpEx Quarterly,SPY OpEx Quarterly
2017-03-31,PCE Release for February 2017,PCE Release
2017-04-03,Chinese Holiday Rest Day,Chinese Holiday
2017-04-04,Chinese Holiday Qingming Festival,Chinese Holiday
2017-04-07,NFP Release,NFP Release
2017-04-14,CPI Release,CPI Release
2017-05-01,Chinese Holiday Labor Day,Chinese Holiday
2017-05-01,PCE Release for March 2017,PCE Release
2017-05-01,SPY Component Report L,SPY Component Report
2017-05-05,NFP Release,NFP Release
2017-05-12,CPI Release,CPI Release
2017-05-26,US Market Summit G7 Summit,US Market Summit G7
2017-05-29,Chinese Holiday Rest Day,Chinese Holiday
2017-05-29,US Holiday Memorial Day,US Holiday
2017-05-30,Chinese Holiday Dragon Boat Festival,Chinese Holiday
2017-05-30,PCE Release for April 2017,PCE Release
2017-06-02,NFP Release,NFP Release
2017-06-14,CPI Release,CPI Release
2017-06-14,US Market Summit FOMC w/ SEP,US Market Summit FOMC
2017-06-16,SPY OpEx Quarterly,SPY OpEx Quarterly
2017-06-30,PCE Release for May 2017,PCE Release
2017-07-04,US Holiday Independence Day,US Holiday
2017-07-07,NFP Release,NFP Release
2017-07-07,US Market Summit G20 Summit,US Market Summit G20
2017-07-14,CPI Release,CPI Release
2017-07-31,SPY Component Report L,SPY Component Report
2017-08-01,PCE Release for June 2017 and Annual Update,PCE Release
2017-08-04,NFP Release,NFP Release
2017-08-11,CPI Release,CPI Release
2017-08-25,US Market Summit Jackson Hole,US Market Summit Jackson Hole
2017-08-31,PCE Release for July 2017,PCE Release
2017-09-01,NFP Release,NFP Release
2017-09-04,US Holiday Labor Day,US Holiday
2017-09-14,CPI Release,CPI Release
2017-09-15,SPY OpEx Quarterly,SPY OpEx Quarterly
2017-09-20,US Market Summit FOMC w/ SEP,US Market Summit FOMC
2017-09-29,PCE Release for August 2017,PCE Release
2017-10-01,Chinese Holiday National Day,Chinese Holiday
2017-10-02,Chinese Holiday National Day,Chinese Holiday
2017-10-03,Chinese Holiday National Day,Chinese Holiday
2017-10-04,Chinese Holiday Mid-Autumn Festival,Chinese Holiday
2017-10-05,Chinese Holiday National Day,Chinese Holiday
2017-10-06,Chinese Holiday Rest Day,Chinese Holiday
2017-10-06,NFP Release,NFP Release
2017-10-09,US Holiday Columbus Day,US Holiday
2017-10-13,CPI Release,CPI Release
2017-10-30,PCE Release for September 2017,PCE Release
2017-10-30,SPY Component Report L,SPY Component Report
2017-11-03,NFP Release,NFP Release
2017-11-10,US Holiday Veterans Day (observed),US Holiday
2017-11-11,US Holiday Veterans Day,US Holiday
2017-11-15,CPI Release,CPI Release
2017-11-23,US Holiday Thanksgiving Day,US Holiday
2017-11-30,PCE Release for October 2017,PCE Release
2017-12-08,NFP Release,NFP Release
2017-12-13,CPI Release,CPI Release
2017-12-13,US Market Summit FOMC w/ SEP,US Market Summit FOMC
2017-12-15,SPY OpEx Quarterly,SPY OpEx Quarterly
2017-12-22,PCE Release for November 2017,PCE Release
2017-12-25,US Holiday Christmas Day,US Holiday
2018-01-01,Chinese Holiday New Year's Day,Chinese Holiday
2018-01-01,US Holiday New Year's Day,US Holiday
2018-01-05,NFP Release,NFP Release
2018-01-12,CPI Release,CPI Release
2018-01-15,US Holiday Martin Luther King Jr. Day,US Holiday
2018-01-29,PCE Release for December 2017,PCE Release
2018-02-02,NFP Release,NFP Release
2018-02-12,SPY Component Report L,SPY Component Report
2018-02-14,CPI Release,CPI Release
2018-02-15,Chinese Holiday Rest Day,Chinese Holiday
2018-02-16,Chinese Holiday Spring Festival,Chinese Holiday
2018-02-17,Chinese Holiday Spring Festival,Chinese Holiday
2018-02-18,Chinese Holiday Spring Festival,Chinese Holiday
2018-02-19,Chinese Holiday Spring Festival,Chinese Holiday
2018-02-19,US Holiday Washington's Birthday,US Holiday
2018-02-20,Chinese Holiday Spring Festival,Chinese Holiday
2018-02-21,Chinese Holiday Rest Day,Chinese Holiday
2018-03-01,PCE Release for January 2018,PCE Release
2018-03-09,NFP Release,NFP Release
2018-03-13,CPI Release,CPI Release
2018-03-16,SPY OpEx Quarterly,SPY OpEx Quarterly
2018-03-21,US Market Summit FOMC w/ SEP,US Market Summit FOMC
2018-03-29,PCE Release for February 2018,PCE Release
2018-04-05,Chinese Holiday Qingming Festival,Chinese Holiday
2018-04-06,Chinese Holiday Rest Day,Chinese Holiday
2018-04-06,NFP Release,NFP Release
2018-04-11,CPI Release,CPI Release
2018-04-30,Chinese Holiday Rest Day,Chinese Holiday
2018-04-30,PCE Release for March 2018,PCE Release
2018-04-30,SPY Component Report L,SPY Component Report
2018-05-01,Chinese Holiday Labor Day,Chinese Holiday
2018-05-04,NFP Release,NFP Release
2018-05-10,CPI Release,CPI Release
2018-05-28,US Holiday Memorial Day,US Holiday
2018-05-31,PCE Release for April 2018,PCE Release
2018-06-01,NFP Release,NFP Release
2018-06-08,US Market Summit G7 Summit,US Market Summit G7
2018-06-12,CPI Release,CPI Release
2018-06-13,US Market Summit FOMC w/ SEP,US Market Summit FOMC
2018-06-15,SPY OpEx Quarterly,SPY OpEx Quarterly
2018-06-18,Chinese Holiday Dragon Boat Festival,Chinese Holiday
2018-06-29,PCE Release for May 2018,PCE Release
2018-07-04,US Holiday Independence Day,US Holiday
2018-07-06,NFP Release,NFP Release
2018-07-12,CPI Release,CPI Release
2018-07-30,SPY Component Report L,SPY Component Report
2018-07-31,PCE Release for June 2018,PCE Release
2018-08-03,NFP Release,NFP Release
2018-08-10,CPI Release,CPI Release
2018-08-24,US Market Summit Jackson Hole,US Market Summit Jackson Hole
2018-08-30,PCE Release for July 2018,PCE Release
2018-09-03,US Holiday Labor Day,US Holiday
2018-09-07,NFP Release,NFP Release
2018-09-13,CPI Release,CPI Release
2018-09-21,SPY OpEx Quarterly,SPY OpEx Quarterly
2018-09-24,Chinese Holiday Mid-Autumn Festival,Chinese Holiday
2018-09-26,US Market Summit FOMC w/ SEP,US Market Summit FOMC
2018-09-28,PCE Release for August 2018,PCE Release
2018-10-01,Chinese Holiday National Day,Chinese Holiday
2018-10-02,Chinese Holiday National Day,Chinese Holiday
2018-10-03,Chinese Holiday National Day,Chinese Holiday
2018-10-04,Chinese Holiday Rest Day,Chinese Holiday
2018-10-05,Chinese Holiday Rest Day,Chinese Holiday
2018-10-05,NFP Release,NFP Release
2018-10-08,US Holiday Columbus Day,US Holiday
2018-10-11,CPI Release,CPI Release
2018-10-29,PCE Release for September 2018,PCE Release
2018-11-02,NFP Release,NFP Release
2018-11-05,SPY Component Report L,SPY Component Report
2018-11-11,US Holiday Veterans Day,US Holiday
2018-11-12,US Holiday Veterans Day (observed),US Holiday
2018-11-14,CPI Release,CPI Release
2018-11-22,US Holiday Thanksgiving Day,US Holiday
2018-11-29,PCE Release for October 2018,PCE Release
2018-11-30,US Market Summit G20 Summit,US Market Summit G20
2018-12-07,NFP Release,NFP Release
2018-12-12,CPI Release,CPI Release
2018-12-19,US Market Summit FOMC w/ SEP,US Market Summit FOMC
2018-12-21,PCE Release for November 2018,PCE Release
2018-12-21,SPY OpEx Quarterly,SPY OpEx Quarterly
2018-12-25,US Holiday Christmas Day,US Holiday
2018-12-31,Chinese Holiday Rest Day,Chinese Holiday
2019-01-01,Chinese Holiday New Year's Day,Chinese Holiday
2019-01-01,US Holiday New Year's Day,US Holiday
2019-01-04,NFP Release,NFP Release
2019-01-11,CPI Release,CPI Release
2019-01-21,US Holiday Martin Luther King Jr. Day,US Holiday
2019-02-01,NFP Release,NFP Release
2019-02-04,Chinese Holiday Rest Day,Chinese Holiday
2019-02-05,Chinese Holiday Spring Festival,Chinese Holiday
2019-02-06,Chinese Holiday Spring Festival,Chinese Holiday
2019-02-07,Chinese Holiday Spring Festival,Chinese Holiday
2019-02-08,Chinese Holiday Rest Day,Chinese Holiday
2019-02-11,CPI Release,CPI Release
2019-02-11,SPY Component Report L,SPY Component Report
2019-02-13,CPI Release,CPI Release
2019-02-18,US Holiday Washington's Birthday,US Holiday
2019-03-08,NFP Release,NFP Release
2019-03-12,CPI Release,CPI Release
2019-03-15,SPY OpEx Quarterly,SPY OpEx Quarterly
2019-03-20,US Market Summit FOMC w/ SEP,US Market Summit FOMC
2019-04-05,Chinese Holiday Qingming Festival,Chinese Holiday
2019-04-05,NFP Release,NFP Release
2019-04-10,CPI Release,CPI Release
2019-04-29,PCE Release for March 2019,PCE Release
2019-04-29,SPY Component Report L,SPY Component Report
2019-05-01,Chinese Holiday Labor Day,Chinese Holiday
2019-05-03,NFP Release,NFP Release
2019-05-10,CPI Release,CPI Release
2019-05-27,US Holiday Memorial Day,US Holiday
2019-05-31,PCE Release for April 2019,PCE Release
2019-06-07,Chinese Holiday Dragon Boat Festival,Chinese Holiday
2019-06-07,NFP Release,NFP Release
2019-06-12,CPI Release,CPI Release
2019-06-19,US Market Summit FOMC w/ SEP,US Market Summit FOMC
2019-06-21,SPY OpEx Quarterly,SPY OpEx Quarterly
2019-06-26,US Presidential Election First Democratic primary debate,US Presidential Election
2019-06-28,PCE Release for May 2019,PCE Release
2019-06-28,US Market Summit G20 Summit,US Market Summit G20
2019-07-04,US Holiday Independence Day,US Holiday
2019-07-05,NFP Release,NFP Release
2019-07-11,CPI Release,CPI Release
2019-07-25,SPY Component Report JNPR,SPY Component Report
2019-07-30,PCE Release for June 2019,PCE Release
2019-07-31,SPY Component Report HES,SPY Component Report
2019-08-02,NFP Release,NFP Release
2019-08-05,SPY Component Report ANSS,SPY Component Report
2019-08-05,SPY Component Report L,SPY Component Report
2019-08-07,SPY Component Report FOX,SPY Component Report
2019-08-13,CPI Release,CPI Release
2019-08-15,SPY Component Report TPR,SPY Component Report
2019-08-23,US Market Summit Jackson Hole,US Market Summit Jackson Hole
2019-08-24,US Market Summit G7 Summit,US Market Summit G7
2019-08-30,PCE Release for July 2019,PCE Release
2019-09-02,US Holiday Labor Day,US Holiday
2019-09-06,NFP Release,NFP Release
2019-09-12,CPI Release,CPI Release
2019-09-13,Chinese Holiday Mid-Autumn Festival,Chinese Holiday
2019-09-18,US Market Summit FOMC w/ SEP,US Market Summit FOMC
2019-09-20,SPY OpEx Quarterly,SPY OpEx Quarterly
2019-09-27,PCE Release for August 2019,PCE Release
2019-10-01,Chinese Holiday National Day,Chinese Holiday
2019-10-02,Chinese Holiday National Day,Chinese Holiday
2019-10-03,Chinese Holiday National Day,Chinese Holiday
2019-10-04,Chinese Holiday Rest Day,Chinese Holiday
2019-10-04,NFP Release,NFP Release
2019-10-07,Chinese Holiday Rest Day,Chinese Holiday
2019-10-10,CPI Release,CPI Release
2019-10-14,US Holiday Columbus Day,US Holiday
2019-10-15,SPY Component Report OMC,SPY Component Report
2019-10-15,SPY Component Report UNH,SPY Component Report
2019-10-16,SPY Component Report CCI,SPY Component Report
2019-10-16,SPY Component Report IBM,SPY Component Report
2019-10-16,SPY Component Report KMI,SPY Component Report
2019-10-16,SPY Component Report NFLX,SPY Component Report
2019-10-16,SPY Component Report STLD,SPY Component Report
2019-10-16,SPY Component Report URI,SPY Component Report
2019-10-17,SPY Component Report DOV,SPY Component Report
2019-10-17,SPY Component Report GPC,SPY Component Report
2019-10-17,SPY Component Report HON,SPY Component Report
2019-10-17,SPY Component Report ISRG,SPY Component Report
2019-10-17,SPY Component Report PM,SPY Component Report
2019-10-17,SPY Component Report POOL,SPY Component Report
2019-10-17,SPY Component Report PPG,SPY Component Report
2019-10-17,SPY Component Report TXT,SPY Component Report
2019-10-17,SPY Component Report UNP,SPY Component Report
2019-10-18,SPY Component Report KO,SPY Component Report
2019-10-18,SPY Component Report NVR,SPY Component Report
2019-10-21,SPY Component Report CDNS,SPY Component Report
2019-10-21,SPY Component Report HAL,SPY Component Report
2019-10-21,SPY Component Report LII,SPY Component Report
2019-10-22,SPY Component Report BIIB,SPY Component Report
2019-10-22,SPY Component Report CMG,SPY Component Report
2019-10-22,SPY Component Report CNC,SPY Component Report
2019-10-22,SPY Component Report CSGP,SPY Component Report
2019-10-22,SPY Component Report DGX,SPY Component Report
2019-10-22,SPY Component Report EQR,SPY Component Report
2019-10-22,SPY Component Report HAS,SPY Component Report
2019-10-22,SPY Component Report IPG,SPY Component Report
2019-10-22,SPY Component Report KMB,SPY Component Report
2019-10-22,SPY Component Report LMT,SPY Component Report
2019-10-22,SPY Component Report MCD,SPY Component Report
2019-10-22,SPY Component Report MPWR,SPY Component Report
2019-10-22,SPY Component Report NEE,SPY Component Report
2019-10-22,SPY Component Report NUE,SPY Component Report
2019-10-22,SPY Component Report PCAR,SPY Component Report
2019-10-22,SPY Component Report PG,SPY Component Report
2019-10-22,SPY Component Report PHM,SPY Component Report
2019-10-22,SPY Component Report RTX,SPY Component Report
2019-10-22,SPY Component Report SHW,SPY Component Report
2019-10-22,SPY Component Report TER,SPY Component Report
2019-10-22,SPY Component Report TXN,SPY Component Report
2019-10-22,SPY Component Report UPS,SPY Component Report
2019-10-22,SPY Component Report WRB,SPY Component Report
2019-10-23,SPY Component Report ALGN,SPY Component Report
2019-10-23,SPY Component Report AMP,SPY Component Report
2019-10-23,SPY Component Report APH,SPY Component Report
2019-10-23,SPY Component Report AVY,SPY Component Report
2019-10-23,SPY Component Report BA,SPY Component Report
2019-10-23,SPY Component Report BSX,SPY Component Report
2019-10-23,SPY Component Report BX,SPY Component Report
2019-10-23,SPY Component Report CAT,SPY Component Report
2019-10-23,SPY Component Report EBAY,SPY Component Report
2019-10-23,SPY Component Report EFX,SPY Component Report
2019-10-23,SPY Component Report ELV,SPY Component Report
2019-10-23,SPY Component Report ESS,SPY Component Report
2019-10-23,SPY Component Report EW,SPY Component Report
2019-10-23,SPY Component Report F,SPY Component Report
2019-10-23,SPY Component Report FCX,SPY Component Report
2019-10-23,SPY Component Report FFIV,SPY Component Report
2019-10-23,SPY Component Report GD,SPY Component Report
2019-10-23,SPY Component Report GL,SPY Component Report
2019-10-23,SPY Component Report GWW,SPY Component Report
2019-10-23,SPY Component Report HLT,SPY Component Report
2019-10-23,SPY Component Report IVZ,SPY Component Report
2019-10-23,SPY Component Report LLY,SPY Component Report
2019-10-23,SPY Component Report LRCX,SPY Component Report
2019-10-23,SPY Component Report LVS,SPY Component Report
2019-10-23,SPY Component Report MKTX,SPY Component Report
2019-10-23,SPY Component Report MSFT,SPY Component Report
2019-10-23,SPY Component Report NDAQ,SPY Component Report
2019-10-23,SPY Component Report NOW,SPY Component Report
2019-10-23,SPY Component Report NSC,SPY Component Report
2019-10-23,SPY Component Report NTRS,SPY Component Report
2019-10-23,SPY Component Report ORLY,SPY Component Report
2019-10-23,SPY Component Report PKG,SPY Component Report
2019-10-23,SPY Component Report PNR,SPY Component Report
2019-10-23,SPY Component Report PTC,SPY Component Report
2019-10-23,SPY Component Report PYPL,SPY Component Report
2019-10-23,SPY Component Report RJF,SPY Component Report
2019-10-23,SPY Component Report ROL,SPY Component Report
2019-10-23,SPY Component Report TDY,SPY Component Report
2019-10-23,SPY Component Report TMO,SPY Component Report
2019-10-23,SPY Component Report TSLA,SPY Component Report
2019-10-23,SPY Component Report WM,SPY Component Report
2019-10-24,SPY Component Report AEP,SPY Component Report
2019-10-24,SPY Component Report AFL,SPY Component Report
2019-10-24,SPY Component Report AJG,SPY Component Report
2019-10-24,SPY Component Report ALLE,SPY Component Report
2019-10-24,SPY Component Report AMZN,SPY Component Report
2019-10-24,SPY Component Report CINF,SPY Component Report
2019-10-24,SPY Component Report CMCSA,SPY Component Report
2019-10-24,SPY Component Report CMS,SPY Component Report
2019-10-24,SPY Component Report COF,SPY Component Report
2019-10-24,SPY Component Report CTRA,SPY Component Report
2019-10-24,SPY Component Report DECK,SPY Component Report
2019-10-24,SPY Component Report DHR,SPY Component Report
2019-10-24,SPY Component Report DOW,SPY Component Report
2019-10-24,SPY Component Report EMN,SPY Component Report
2019-10-24,SPY Component Report ERIE,SPY Component Report
2019-10-24,SPY Component Report FSLR,SPY Component Report
2019-10-24,SPY Component Report FTV,SPY Component Report
2019-10-24,SPY Component Report GILD,SPY Component Report
2019-10-24,SPY Component Report HSY,SPY Component Report
2019-10-24,SPY Component Report INTC,SPY Component Report
2019-10-24,SPY Component Report JNPR,SPY Component Report
2019-10-24,SPY Component Report KIM,SPY Component Report
2019-10-24,SPY Component Report LH,SPY Component Report
2019-10-24,SPY Component Report LUV,SPY Component Report
2019-10-24,SPY Component Report MHK,SPY Component Report
2019-10-24,SPY Component Report MMM,SPY Component Report
2019-10-24,SPY Component Report NOC,SPY Component Report
2019-10-24,SPY Component Report ODFL,SPY Component Report
2019-10-24,SPY Component Report PFG,SPY Component Report
2019-10-24,SPY Component Report RMD,SPY Component Report
2019-10-24,SPY Component Report ROP,SPY Component Report
2019-10-24,SPY Component Report SWK,SPY Component Report
2019-10-24,SPY Component Report TROW,SPY Component Report
2019-10-24,SPY Component Report TSCO,SPY Component Report
2019-10-24,SPY Component Report UHS,SPY Component Report
2019-10-24,SPY Component Report V,SPY Component Report
2019-10-24,SPY Component Report VLO,SPY Component Report
2019-10-24,SPY Component Report VRSN,SPY Component Report
2019-10-24,SPY Component Report WST,SPY Component Report
2019-10-24,SPY Component Report XEL,SPY Component Report
2019-10-25,SPY Component Report AON,SPY Component Report
2019-10-25,SPY Component Report BEN,SPY Component Report
2019-10-25,SPY Component Report CHTR,SPY Component Report
2019-10-25,SPY Component Report ITW,SPY Component Report
2019-10-25,SPY Component Report PSX,SPY Component Report
2019-10-25,SPY Component Report VTR,SPY Component Report
2019-10-25,SPY Component Report VZ,SPY Component Report
2019-10-25,SPY Component Report WY,SPY Component Report
2019-10-27,SPY Component Report ON,SPY Component Report
2019-10-28,SPY Component Report AKAM,SPY Component Report
2019-10-28,SPY Component Report ARE,SPY Component Report
2019-10-28,SPY Component Report AVB,SPY Component Report
2019-10-28,SPY Component Report BRO,SPY Component Report
2019-10-28,SPY Component Report DTE,SPY Component Report
2019-10-28,SPY Component Report EG,SPY Component Report
2019-10-28,SPY Component Report GOOG,SPY Component Report
2019-10-28,SPY Component Report GOOGL,SPY Component Report
2019-10-28,SPY Component Report IR,SPY Component Report
2019-10-28,SPY Component Report L,SPY Component Report
2019-10-28,SPY Component Report NXPI,SPY Component Report
2019-10-28,SPY Component Report SBAC,SPY Component Report
2019-10-28,SPY Component Report T,SPY Component Report
2019-10-28,SPY Component Report TMUS,SPY Component Report
2019-10-28,SPY Component Report WBA,SPY Component Report
2019-10-28,SPY Component Report WELL,SPY Component Report
2019-10-29,SPY Component Report ACGL,SPY Component Report
2019-10-29,SPY Component Report ALL,SPY Component Report
2019-10-29,SPY Component Report AMD,SPY Component Report
2019-10-29,SPY Component Report AMGN,SPY Component Report
2019-10-29,SPY Component Report AOS,SPY Component Report
2019-10-29,SPY Component Report BXP,SPY Component Report
2019-10-29,SPY Component Report CB,SPY Component Report
2019-10-29,SPY Component Report CHRW,SPY Component Report
2019-10-29,SPY Component Report CMI,SPY Component Report
2019-10-29,SPY Component Report COP,SPY Component Report
2019-10-29,SPY Component Report DLR,SPY Component Report
2019-10-29,SPY Component Report EA,SPY Component Report
2019-10-29,SPY Component Report ECL,SPY Component Report
2019-10-29,SPY Component Report EIX,SPY Component Report
2019-10-29,SPY Component Report ENPH,SPY Component Report
2019-10-29,SPY Component Report ETN,SPY Component Report
2019-10-29,SPY Component Report EXR,SPY Component Report
2019-10-29,SPY Component Report GLW,SPY Component Report
2019-10-29,SPY Component Report GM,SPY Component Report
2019-10-29,SPY Component Report HCA,SPY Component Report
2019-10-29,SPY Component Report HUBB,SPY Component Report
2019-10-29,SPY Component Report IEX,SPY Component Report
2019-10-29,SPY Component Report INCY,SPY Component Report
2019-10-29,SPY Component Report INVH,SPY Component Report
2019-10-29,SPY Component Report KKR,SPY Component Report
2019-10-29,SPY Component Report LDOS,SPY Component Report
2019-10-29,SPY Component Report MA,SPY Component Report
2019-10-29,SPY Component Report MDLZ,SPY Component Report
2019-10-29,SPY Component Report MLM,SPY Component Report
2019-10-29,SPY Component Report MOH,SPY Component Report
2019-10-29,SPY Component Report MRK,SPY Component Report
2019-10-29,SPY Component Report PAYC,SPY Component Report
2019-10-29,SPY Component Report PFE,SPY Component Report
2019-10-29,SPY Component Report PSA,SPY Component Report
2019-10-29,SPY Component Report SPGI,SPY Component Report
2019-10-29,SPY Component Report SYK,SPY Component Report
2019-10-29,SPY Component Report TECH,SPY Component Report
2019-10-29,SPY Component Report TT,SPY Component Report
2019-10-29,SPY Component Report UDR,SPY Component Report
2019-10-29,SPY Component Report VRSK,SPY Component Report
2019-10-29,SPY Component Report WAT,SPY Component Report
2019-10-29,SPY Component Report ZBRA,SPY Component Report
2019-10-30,SPY Component Report AAPL,SPY Component Report
2019-10-30,SPY Component Report ADP,SPY Component Report
2019-10-30,SPY Component Report APA,SPY Component Report
2019-10-30,SPY Component Report APTV,SPY Component Report
2019-10-30,SPY Component Report AWK,SPY Component Report
2019-10-30,SPY Component Report BG,SPY Component Report
2019-10-30,SPY Component Report BKR,SPY Component Report
2019-10-30,SPY Component Report CF,SPY Component Report
2019-10-30,SPY Component Report CME,SPY Component Report
2019-10-30,SPY Component Report CTSH,SPY Component Report
2019-10-30,SPY Component Report DOC,SPY Component Report
2019-10-30,SPY Component Report EQIX,SPY Component Report
2019-10-30,SPY Component Report ETR,SPY Component Report
2019-10-30,SPY Component Report FRT,SPY Component Report
2019-10-30,SPY Component Report GE,SPY Component Report
2019-10-30,SPY Component Report GRMN,SPY Component Report
2019-10-30,SPY Component Report HES,SPY Component Report
2019-10-30,SPY Component Report IQV,SPY Component Report
2019-10-30,SPY Component Report K,SPY Component Report
2019-10-30,SPY Component Report KLAC,SPY Component Report
2019-10-30,SPY Component Report LHX,SPY Component Report
2019-10-30,SPY Component Report MAA,SPY Component Report
2019-10-30,SPY Component Report MAS,SPY Component Report
2019-10-30,SPY Component Report MCK,SPY Component Report
2019-10-30,SPY Component Report MCO,SPY Component Report
2019-10-30,SPY Component Report MET,SPY Component Report
2019-10-30,SPY Component Report META,SPY Component Report
2019-10-30,SPY Component Report MGM,SPY Component Report
2019-10-30,SPY Component Report MSI,SPY Component Report
2019-10-30,SPY Component Report NI,SPY Component Report
2019-10-30,SPY Component Report OKE,SPY Component Report
2019-10-30,SPY Component Report RCL,SPY Component Report
2019-10-30,SPY Component Report REG,SPY Component Report
2019-10-30,SPY Component Report RSG,SPY Component Report
2019-10-30,SPY Component Report RVTY,SPY Component Report
2019-10-30,SPY Component Report SBUX,SPY Component Report
2019-10-30,SPY Component Report SO,SPY Component Report
2019-10-30,SPY Component Report SPG,SPY Component Report
2019-10-30,SPY Component Report TAP,SPY Component Report
2019-10-30,SPY Component Report TEL,SPY Component Report
2019-10-30,SPY Component Report TRMB,SPY Component Report
2019-10-30,SPY Component Report TYL,SPY Component Report
2019-10-30,SPY Component Report VRTX,SPY Component Report
2019-10-30,SPY Component Report WDC,SPY Component Report
2019-10-30,SPY Component Report WMB,SPY Component Report
2019-10-30,SPY Component Report YUM,SPY Component Report
2019-10-30,US Market Summit FOMC Statement,US Market Summit FOMC
2019-10-31,PCE Release for September 2019,PCE Release
2019-10-31,SPY Component Report ADM,SPY Component Report
2019-10-31,SPY Component Report AME,SPY Component Report
2019-10-31,SPY Component Report AMT,SPY Component Report
2019-10-31,SPY Component Report ANET,SPY Component Report
2019-10-31,SPY Component Report APO,SPY Component Report
2019-10-31,SPY Component Report BALL,SPY Component Report
2019-10-31,SPY Component Report BLDR,SPY Component Report
2019-10-31,SPY Component Report BMY,SPY Component Report
2019-10-31,SPY Component Report CDW,SPY Component Report
2019-10-31,SPY Component Report CHD,SPY Component Report
2019-10-31,SPY Component Report CI,SPY Component Report
2019-10-31,SPY Component Report CLX,SPY Component Report
2019-10-31,SPY Component Report CPT,SPY Component Report
2019-10-31,SPY Component Report CTVA,SPY Component Report
2019-10-31,SPY Component Report DD,SPY Component Report
2019-10-31,SPY Component Report EL,SPY Component Report
2019-10-31,SPY Component Report EQT,SPY Component Report
2019-10-31,SPY Component Report EXC,SPY Component Report
2019-10-31,SPY Component Report FTNT,SPY Component Report
2019-10-31,SPY Component Report GNRC,SPY Component Report
2019-10-31,SPY Component Report GPN,SPY Component Report
2019-10-31,SPY Component Report ICE,SPY Component Report
2019-10-31,SPY Component Report IDXX,SPY Component Report
2019-10-31,SPY Component Report IP,SPY Component Report
2019-10-31,SPY Component Report IRM,SPY Component Report
2019-10-31,SPY Component Report IT,SPY Component Report
2019-10-31,SPY Component Report KHC,SPY Component Report
2019-10-31,SPY Component Report LKQ,SPY Component Report
2019-10-31,SPY Component Report LYV,SPY Component Report
2019-10-31,SPY Component Report MO,SPY Component Report
2019-10-31,SPY Component Report MPC,SPY Component Report
2019-10-31,SPY Component Report MSCI,SPY Component Report
2019-10-31,SPY Component Report PEG,SPY Component Report
2019-10-31,SPY Component Report PH,SPY Component Report
2019-10-31,SPY Component Report PWR,SPY Component Report
2019-10-31,SPY Component Report VICI,SPY Component Report
2019-10-31,SPY Component Report WAB,SPY Component Report
2019-10-31,SPY Component Report WTW,SPY Component Report
2019-10-31,SPY Component Report XYL,SPY Component Report
2019-11-01,NFP Release,NFP Release
2019-11-01,SPY Component Report ABBV,SPY Component Report
2019-11-01,SPY Component Report AIG,SPY Component Report
2019-11-01,SPY Component Report CBOE,SPY Component Report
2019-11-01,SPY Component Report CL,SPY Component Report
2019-11-01,SPY Component Report CVX,SPY Component Report
2019-11-01,SPY Component Report D,SPY Component Report
2019-11-01,SPY Component Report LYB,SPY Component Report
2019-11-01,SPY Component Report SRE,SPY Component Report
2019-11-01,SPY Component Report STX,SPY Component Report
2019-11-01,SPY Component Report XOM,SPY Component Report
2019-11-02,SPY Component Report BRK-B,SPY Component Report
2019-11-04,SPY Component Report ED,SPY Component Report
2019-11-04,SPY Component Report FE,SPY Component Report
2019-11-04,SPY Component Report FICO,SPY Component Report
2019-11-04,SPY Component Report HIG,SPY Component Report
2019-11-04,SPY Component Report IFF,SPY Component Report
2019-11-04,SPY Component Report JKHY,SPY Component Report
2019-11-04,SPY Component Report MAR,SPY Component Report
2019-11-04,SPY Component Report MOS,SPY Component Report
2019-11-04,SPY Component Report O,SPY Component Report
2019-11-04,SPY Component Report OXY,SPY Component Report
2019-11-04,SPY Component Report PRU,SPY Component Report
2019-11-04,SPY Component Report STE,SPY Component Report
2019-11-04,SPY Component Report SYY,SPY Component Report
2019-11-04,SPY Component Report UBER,SPY Component Report
2019-11-05,SPY Component Report AIZ,SPY Component Report
2019-11-05,SPY Component Report BDX,SPY Component Report
2019-11-05,SPY Component Report DVA,SPY Component Report
2019-11-05,SPY Component Report DVN,SPY Component Report
2019-11-05,SPY Component Report EMR,SPY Component Report
2019-11-05,SPY Component Report ES,SPY Component Report
2019-11-05,SPY Component Report EXPD,SPY Component Report
2019-11-05,SPY Component Report FANG,SPY Component Report
2019-11-05,SPY Component Report FIS,SPY Component Report
2019-11-05,SPY Component Report HSIC,SPY Component Report
2019-11-05,SPY Component Report HST,SPY Component Report
2019-11-05,SPY Component Report HWM,SPY Component Report
2019-11-05,SPY Component Report MCHP,SPY Component Report
2019-11-05,SPY Component Report NEM,SPY Component Report
2019-11-05,SPY Component Report PODD,SPY Component Report
2019-11-05,SPY Component Report PPL,SPY Component Report
2019-11-05,SPY Component Report REGN,SPY Component Report
2019-11-05,SPY Component Report TPR,SPY Component Report
2019-11-05,SPY Component Report VST,SPY Component Report
2019-11-05,SPY Component Report VTRS,SPY Component Report
2019-11-05,SPY Component Report ZBH,SPY Component Report
2019-11-06,SPY Component Report AES,SPY Component Report
2019-11-06,SPY Component Report ALB,SPY Component Report
2019-11-06,SPY Component Report ANSS,SPY Component Report
2019-11-06,SPY Component Report ATO,SPY Component Report
2019-11-06,SPY Component Report BR,SPY Component Report
2019-11-06,SPY Component Report CBRE,SPY Component Report
2019-11-06,SPY Component Report CPAY,SPY Component Report
2019-11-06,SPY Component Report CRL,SPY Component Report
2019-11-06,SPY Component Report CVS,SPY Component Report
2019-11-06,SPY Component Report CZR,SPY Component Report
2019-11-06,SPY Component Report DXCM,SPY Component Report
2019-11-06,SPY Component Report EOG,SPY Component Report
2019-11-06,SPY Component Report EVRG,SPY Component Report
2019-11-06,SPY Component Report EXPE,SPY Component Report
2019-11-06,SPY Component Report FI,SPY Component Report
2019-11-06,SPY Component Report FOX,SPY Component Report
2019-11-06,SPY Component Report FOXA,SPY Component Report
2019-11-06,SPY Component Report GDDY,SPY Component Report
2019-11-06,SPY Component Report HOLX,SPY Component Report
2019-11-06,SPY Component Report HUM,SPY Component Report
2019-11-06,SPY Component Report LNT,SPY Component Report
2019-11-06,SPY Component Report MRNA,SPY Component Report
2019-11-06,SPY Component Report QCOM,SPY Component Report
2019-11-06,SPY Component Report VMC,SPY Component Report
2019-11-06,SPY Component Report WEC,SPY Component Report
2019-11-06,SPY Component Report WYNN,SPY Component Report
2019-11-07,SPY Component Report AMCR,SPY Component Report
2019-11-07,SPY Component Report APD,SPY Component Report
2019-11-07,SPY Component Report AXON,SPY Component Report
2019-11-07,SPY Component Report BKNG,SPY Component Report
2019-11-07,SPY Component Report CAH,SPY Component Report
2019-11-07,SPY Component Report CNP,SPY Component Report
2019-11-07,SPY Component Report COR,SPY Component Report
2019-11-07,SPY Component Report DAY,SPY Component Report
2019-11-07,SPY Component Report DIS,SPY Component Report
2019-11-07,SPY Component Report EPAM,SPY Component Report
2019-11-07,SPY Component Report GEN,SPY Component Report
2019-11-07,SPY Component Report HII,SPY Component Report
2019-11-07,SPY Component Report JCI,SPY Component Report
2019-11-07,SPY Component Report KDP,SPY Component Report
2019-11-07,SPY Component Report MNST,SPY Component Report
2019-11-07,SPY Component Report MTD,SPY Component Report
2019-11-07,SPY Component Report NCLH,SPY Component Report
2019-11-07,SPY Component Report NRG,SPY Component Report
2019-11-07,SPY Component Report NWS,SPY Component Report
2019-11-07,SPY Component Report NWSA,SPY Component Report
2019-11-07,SPY Component Report PCG,SPY Component Report
2019-11-07,SPY Component Report PNW,SPY Component Report
2019-11-07,SPY Component Report RL,SPY Component Report
2019-11-07,SPY Component Report TRGP,SPY Component Report
2019-11-07,SPY Component Report TTWO,SPY Component Report
2019-11-07,SPY Component Report WBD,SPY Component Report
2019-11-07,SPY Component Report ZTS,SPY Component Report
2019-11-08,SPY Component Report AEE,SPY Component Report
2019-11-08,SPY Component Report DUK,SPY Component Report
2019-11-11,US Holiday Veterans Day,US Holiday
2019-11-12,SPY Component Report DHI,SPY Component Report
2019-11-12,SPY Component Report PARA,SPY Component Report
2019-11-12,SPY Component Report ROK,SPY Component Report
2019-11-12,SPY Component Report SWKS,SPY Component Report
2019-11-12,SPY Component Report TSN,SPY Component Report
2019-11-13,CPI Release,CPI Release
2019-11-13,SPY Component Report CSCO,SPY Component Report
2019-11-13,SPY Component Report NTAP,SPY Component Report
2019-11-14,SPY Component Report AMAT,SPY Component Report
2019-11-14,SPY Component Report NVDA,SPY Component Report
2019-11-14,SPY Component Report WMT,SPY Component Report
2019-11-19,SPY Component Report HD,SPY Component Report
2019-11-19,SPY Component Report MDT,SPY Component Report
2019-11-19,SPY Component Report TDG,SPY Component Report
2019-11-19,SPY Component Report TJX,SPY Component Report
2019-11-20,SPY Component Report CPRT,SPY Component Report
2019-11-20,SPY Component Report LOW,SPY Component Report
2019-11-20,SPY Component Report TGT,SPY Component Report
2019-11-21,SPY Component Report INTU,SPY Component Report
2019-11-21,SPY Component Report ROST,SPY Component Report
2019-11-21,SPY Component Report WSM,SPY Component Report
2019-11-22,SPY Component Report SJM,SPY Component Report
2019-11-25,SPY Component Report A,SPY Component Report
2019-11-25,SPY Component Report HPE,SPY Component Report
2019-11-25,SPY Component Report J,SPY Component Report
2019-11-25,SPY Component Report PANW,SPY Component Report
2019-11-26,SPY Component Report ADI,SPY Component Report
2019-11-26,SPY Component Report ADSK,SPY Component Report
2019-11-26,SPY Component Report BBY,SPY Component Report
2019-11-26,SPY Component Report DELL,SPY Component Report
2019-11-26,SPY Component Report DLTR,SPY Component Report
2019-11-26,SPY Component Report HPQ,SPY Component Report
2019-11-26,SPY Component Report HRL,SPY Component Report
2019-11-26,SPY Component Report KEYS,SPY Component Report
2019-11-27,PCE Release for October 2019,PCE Release
2019-11-27,SPY Component Report DE,SPY Component Report
2019-11-28,US Holiday Thanksgiving Day,US Holiday
2019-12-03,SPY Component Report CRM,SPY Component Report
2019-12-03,SPY Component Report WDAY,SPY Component Report
2019-12-04,SPY Component Report CPB,SPY Component Report
2019-12-04,SPY Component Report SNPS,SPY Component Report
2019-12-05,SPY Component Report BF-B,SPY Component Report
2019-12-05,SPY Component Report COO,SPY Component Report
2019-12-05,SPY Component Report CRWD,SPY Component Report
2019-12-05,SPY Component Report DG,SPY Component Report
2019-12-05,SPY Component Report KR,SPY Component Report
2019-12-05,SPY Component Report ULTA,SPY Component Report
2019-12-06,NFP Release,NFP Release
2019-12-10,SPY Component Report AZO,SPY Component Report
2019-12-11,CPI Release,CPI Release
2019-12-11,SPY Component Report LULU,SPY Component Report
2019-12-11,SPY Component Report NDSN,SPY Component Report
2019-12-12,SPY Component Report ADBE,SPY Component Report
2019-12-12,SPY Component Report AVGO,SPY Component Report
2019-12-12,SPY Component Report COST,SPY Component Report
2019-12-12,SPY Component Report ORCL,SPY Component Report
2019-12-17,SPY Component Report CTAS,SPY Component Report
2019-12-17,SPY Component Report FDX,SPY Component Report
2019-12-17,SPY Component Report JBL,SPY Component Report
2019-12-18,SPY Component Report GIS,SPY Component Report
2019-12-18,SPY Component Report MU,SPY Component Report
2019-12-18,SPY Component Report PAYX,SPY Component Report
2019-12-19,SPY Component Report ACN,SPY Component Report
2019-12-19,SPY Component Report CAG,SPY Component Report
2019-12-19,SPY Component Report DRI,SPY Component Report
2019-12-19,SPY Component Report FDS,SPY Component Report
2019-12-19,SPY Component Report NKE,SPY Component Report
2019-12-20,PCE Release for November 2019,PCE Release
2019-12-20,SPY Component Report CCL,SPY Component Report
2019-12-20,SPY Component Report KMX,SPY Component Report
2019-12-20,SPY Component Report SMCI,SPY Component Report
2019-12-20,SPY OpEx Quarterly,SPY OpEx Quarterly
2019-12-25,US Holiday Christmas Day,US Holiday
2020-01-01,Chinese Holiday New Year's Day,Chinese Holiday
2020-01-01,US Holiday New Year's Day,US Holiday
2020-01-03,SPY Component Report LW,SPY Component Report
2020-01-08,SPY Component Report LEN,SPY Component Report
2020-01-08,SPY Component Report STZ,SPY Component Report
2020-01-08,SPY Component Report WBA,SPY Component Report
2020-01-10,NFP Release,NFP Release
2020-01-14,CPI Release,CPI Release
2020-01-14,SPY Component Report C,SPY Component Report
2020-01-14,SPY Component Report DAL,SPY Component Report
2020-01-14,SPY Component Report JPM,SPY Component Report
2020-01-14,SPY Component Report WFC,SPY Component Report
2020-01-15,SPY Component Report BAC,SPY Component Report
2020-01-15,SPY Component Report GS,SPY Component Report
2020-01-15,SPY Component Report PNC,SPY Component Report
2020-01-15,SPY Component Report UNH,SPY Component Report
2020-01-15,SPY Component Report USB,SPY Component Report
2020-01-16,SPY Component Report BK,SPY Component Report
2020-01-16,SPY Component Report CSX,SPY Component Report
2020-01-16,SPY Component Report MS,SPY Component Report
2020-01-16,SPY Component Report PPG,SPY Component Report
2020-01-16,SPY Component Report SCHW,SPY Component Report
2020-01-17,SPY Component Report CFG,SPY Component Report
2020-01-17,SPY Component Report FAST,SPY Component Report
2020-01-17,SPY Component Report JBHT,SPY Component Report
2020-01-17,SPY Component Report RF,SPY Component Report
2020-01-17,SPY Component Report SLB,SPY Component Report
2020-01-17,SPY Component Report STT,SPY Component Report
2020-01-20,US Holiday Martin Luther King Jr. Day,US Holiday
2020-01-21,SPY Component Report COF,SPY Component Report
2020-01-21,SPY Component Report HAL,SPY Component Report
2020-01-21,SPY Component Report IBM,SPY Component Report
2020-01-21,SPY Component Report NFLX,SPY Component Report
2020-01-21,SPY Component Report UAL,SPY Component Report
2020-01-22,SPY Component Report ABT,SPY Component Report
2020-01-22,SPY Component Report APH,SPY Component Report
2020-01-22,SPY Component Report BKR,SPY Component Report
2020-01-22,SPY Component Report FITB,SPY Component Report
2020-01-22,SPY Component Report JNJ,SPY Component Report
2020-01-22,SPY Component Report KMI,SPY Component Report
2020-01-22,SPY Component Report NTRS,SPY Component Report
2020-01-22,SPY Component Report PLD,SPY Component Report
2020-01-22,SPY Component Report PTC,SPY Component Report
2020-01-22,SPY Component Report RJF,SPY Component Report
2020-01-22,SPY Component Report STLD,SPY Component Report
2020-01-22,SPY Component Report TDY,SPY Component Report
2020-01-22,SPY Component Report TER,SPY Component Report
2020-01-22,SPY Component Report TXN,SPY Component Report
2020-01-23,SPY Component Report CMCSA,SPY Component Report
2020-01-23,SPY Component Report FCX,SPY Component Report
2020-01-23,SPY Component Report HBAN,SPY Component Report
2020-01-23,SPY Component Report INTC,SPY Component Report
2020-01-23,SPY Component Report ISRG,SPY Component Report
2020-01-23,SPY Component Report KEY,SPY Component Report
2020-01-23,SPY Component Report KMB,SPY Component Report
2020-01-23,SPY Component Report LUV,SPY Component Report
2020-01-23,SPY Component Report MTB,SPY Component Report
2020-01-23,SPY Component Report PG,SPY Component Report
2020-01-23,SPY Component Report SWKS,SPY Component Report
2020-01-23,SPY Component Report TRV,SPY Component Report
2020-01-23,SPY Component Report UNP,SPY Component Report
2020-01-24,Chinese Holiday Rest Day,Chinese Holiday
2020-01-24,SPY Component Report APD,SPY Component Report
2020-01-24,SPY Component Report AXP,SPY Component Report
2020-01-24,SPY Component Report NEE,SPY Component Report
2020-01-24,SPY Component Report SYF,SPY Component Report
2020-01-25,Chinese Holiday Spring Festival,Chinese Holiday
2020-01-26,Chinese Holiday Spring Festival,Chinese Holiday
2020-01-27,Chinese Holiday Spring Festival,Chinese Holiday
2020-01-27,SPY Component Report BRO,SPY Component Report
2020-01-27,SPY Component Report DHI,SPY Component Report
2020-01-27,SPY Component Report FFIV,SPY Component Report
2020-01-27,SPY Component Report HWM,SPY Component Report
2020-01-27,SPY Component Report JNPR,SPY Component Report
2020-01-27,SPY Component Report RVTY,SPY Component Report
2020-01-28,Chinese Holiday Spring Festival,Chinese Holiday
2020-01-28,SPY Component Report AAPL,SPY Component Report
2020-01-28,SPY Component Report AMD,SPY Component Report
2020-01-28,SPY Component Report AOS,SPY Component Report
2020-01-28,SPY Component Report BXP,SPY Component Report
2020-01-28,SPY Component Report CHRW,SPY Component Report
2020-01-28,SPY Component Report EBAY,SPY Component Report
2020-01-28,SPY Component Report EQR,SPY Component Report
2020-01-28,SPY Component Report HCA,SPY Component Report
2020-01-28,SPY Component Report LMT,SPY Component Report
2020-01-28,SPY Component Report MKC,SPY Component Report
2020-01-28,SPY Component Report MMM,SPY Component Report
2020-01-28,SPY Component Report NUE,SPY Component Report
2020-01-28,SPY Component Report NVR,SPY Component Report
2020-01-28,SPY Component Report PCAR,SPY Component Report
2020-01-28,SPY Component Report PFE,SPY Component Report
2020-01-28,SPY Component Report PFG,SPY Component Report
2020-01-28,SPY Component Report PHM,SPY Component Report
2020-01-28,SPY Component Report PNR,SPY Component Report
2020-01-28,SPY Component Report RTX,SPY Component Report
2020-01-28,SPY Component Report SBUX,SPY Component Report
2020-01-28,SPY Component Report SYK,SPY Component Report
2020-01-28,SPY Component Report WRB,SPY Component Report
2020-01-29,Chinese Holiday Spring Festival,Chinese Holiday
2020-01-29,SPY Component Report ADM,SPY Component Report
2020-01-29,SPY Component Report ADP,SPY Component Report
2020-01-29,SPY Component Report ALGN,SPY Component Report
2020-01-29,SPY Component Report AMP,SPY Component Report
2020-01-29,SPY Component Report AVY,SPY Component Report
2020-01-29,SPY Component Report BA,SPY Component Report
2020-01-29,SPY Component Report DOW,SPY Component Report
2020-01-29,SPY Component Report ELV,SPY Component Report
2020-01-29,SPY Component Report ESS,SPY Component Report
2020-01-29,SPY Component Report GD,SPY Component Report
2020-01-29,SPY Component Report GE,SPY Component Report
2020-01-29,SPY Component Report GLW,SPY Component Report
2020-01-29,SPY Component Report HES,SPY Component Report
2020-01-29,SPY Component Report HOLX,SPY Component Report
2020-01-29,SPY Component Report IEX,SPY Component Report
2020-01-29,SPY Component Report IVZ,SPY Component Report
2020-01-29,SPY Component Report LRCX,SPY Component Report
2020-01-29,SPY Component Report LVS,SPY Component Report
2020-01-29,SPY Component Report MA,SPY Component Report
2020-01-29,SPY Component Report MAA,SPY Component Report
2020-01-29,SPY Component Report MCD,SPY Component Report
2020-01-29,SPY Component Report MDLZ,SPY Component Report
2020-01-29,SPY Component Report META,SPY Component Report
2020-01-29,SPY Component Report MKTX,SPY Component Report
2020-01-29,SPY Component Report MPC,SPY Component Report
2020-01-29,SPY Component Report MSFT,SPY Component Report
2020-01-29,SPY Component Report NDAQ,SPY Component Report
2020-01-29,SPY Component Report NOW,SPY Component Report
2020-01-29,SPY Component Report NSC,SPY Component Report
2020-01-29,SPY Component Report PGR,SPY Component Report
2020-01-29,SPY Component Report PKG,SPY Component Report
2020-01-29,SPY Component Report PYPL,SPY Component Report
2020-01-29,SPY Component Report ROK,SPY Component Report
2020-01-29,SPY Component Report ROL,SPY Component Report
2020-01-29,SPY Component Report SWK,SPY Component Report
2020-01-29,SPY Component Report T,SPY Component Report
2020-01-29,SPY Component Report TEL,SPY Component Report
2020-01-29,SPY Component Report TROW,SPY Component Report
2020-01-29,SPY Component Report TSLA,SPY Component Report
2020-01-29,SPY Component Report TT,SPY Component Report
2020-01-29,SPY Component Report TXT,SPY Component Report
2020-01-29,SPY Component Report URI,SPY Component Report
2020-01-30,Chinese Holiday Spring Festival,Chinese Holiday
2020-01-30,SPY Component Report AJG,SPY Component Report
2020-01-30,SPY Component Report AMGN,SPY Component Report
2020-01-30,SPY Component Report AMZN,SPY Component Report
2020-01-30,SPY Component Report APO,SPY Component Report
2020-01-30,SPY Component Report APTV,SPY Component Report
2020-01-30,SPY Component Report BEN,SPY Component Report
2020-01-30,SPY Component Report BIIB,SPY Component Report
2020-01-30,SPY Component Report BX,SPY Component Report
2020-01-30,SPY Component Report CMS,SPY Component Report
2020-01-30,SPY Component Report COR,SPY Component Report
2020-01-30,SPY Component Report CPT,SPY Component Report
2020-01-30,SPY Component Report CTVA,SPY Component Report
2020-01-30,SPY Component Report DD,SPY Component Report
2020-01-30,SPY Component Report DECK,SPY Component Report
2020-01-30,SPY Component Report DGX,SPY Component Report
2020-01-30,SPY Component Report DHR,SPY Component Report
2020-01-30,SPY Component Report DOV,SPY Component Report
2020-01-30,SPY Component Report EA,SPY Component Report
2020-01-30,SPY Component Report EMN,SPY Component Report
2020-01-30,SPY Component Report EW,SPY Component Report
2020-01-30,SPY Component Report FICO,SPY Component Report
2020-01-30,SPY Component Report GWW,SPY Component Report
2020-01-30,SPY Component Report HSY,SPY Component Report
2020-01-30,SPY Component Report IP,SPY Component Report
2020-01-30,SPY Component Report KIM,SPY Component Report
2020-01-30,SPY Component Report KO,SPY Component Report
2020-01-30,SPY Component Report LLY,SPY Component Report
2020-01-30,SPY Component Report MMC,SPY Component Report
2020-01-30,SPY Component Report MO,SPY Component Report
2020-01-30,SPY Component Report MSCI,SPY Component Report
2020-01-30,SPY Component Report NOC,SPY Component Report
2020-01-30,SPY Component Report PH,SPY Component Report
2020-01-30,SPY Component Report RMD,SPY Component Report
2020-01-30,SPY Component Report ROP,SPY Component Report
2020-01-30,SPY Component Report SHW,SPY Component Report
2020-01-30,SPY Component Report TFC,SPY Component Report
2020-01-30,SPY Component Report TMO,SPY Component Report
2020-01-30,SPY Component Report TPL,SPY Component Report
2020-01-30,SPY Component Report TSCO,SPY Component Report
2020-01-30,SPY Component Report UPS,SPY Component Report
2020-01-30,SPY Component Report V,SPY Component Report
2020-01-30,SPY Component Report VLO,SPY Component Report
2020-01-30,SPY Component Report VRTX,SPY Component Report
2020-01-30,SPY Component Report VZ,SPY Component Report
2020-01-30,SPY Component Report WDC,SPY Component Report
2020-01-30,SPY Component Report WEC,SPY Component Report
2020-01-30,SPY Component Report XEL,SPY Component Report
2020-01-31,Chinese Holiday Spring Festival,Chinese Holiday
2020-01-31,PCE Release for December 2019,PCE Release
2020-01-31,SPY Component Report AON,SPY Component Report
2020-01-31,SPY Component Report BR,SPY Component Report
2020-01-31,SPY Component Report CAT,SPY Component Report
2020-01-31,SPY Component Report CHD,SPY Component Report
2020-01-31,SPY Component Report CHTR,SPY Component Report
2020-01-31,SPY Component Report CL,SPY Component Report
2020-01-31,SPY Component Report CVX,SPY Component Report
2020-01-31,SPY Component Report HON,SPY Component Report
2020-01-31,SPY Component Report IDXX,SPY Component Report
2020-01-31,SPY Component Report ITW,SPY Component Report
2020-01-31,SPY Component Report JCI,SPY Component Report
2020-01-31,SPY Component Report KKR,SPY Component Report
2020-01-31,SPY Component Report LYB,SPY Component Report
2020-01-31,SPY Component Report PSX,SPY Component Report
2020-01-31,SPY Component Report WY,SPY Component Report
2020-01-31,SPY Component Report XOM,SPY Component Report
2020-02-01,Chinese Holiday Spring Festival,Chinese Holiday
2020-02-02,Chinese Holiday Spring Festival,Chinese Holiday
2020-02-03,SPY Component Report ARE,SPY Component Report
2020-02-03,SPY Component Report GOOG,SPY Component Report
2020-02-03,SPY Component Report GOOGL,SPY Component Report
2020-02-03,SPY Component Report HIG,SPY Component Report
2020-02-03,SPY Component Report NXPI,SPY Component Report
2020-02-03,SPY Component Report ON,SPY Component Report
2020-02-03,SPY Component Report SYY,SPY Component Report
2020-02-03,US Presidential Election Iowa caucuses (APP fiasco),US Presidential Election
2020-02-04,SPY Component Report AFL,SPY Component Report
2020-02-04,SPY Component Report ALL,SPY Component Report
2020-02-04,SPY Component Report ATO,SPY Component Report
2020-02-04,SPY Component Report CB,SPY Component Report
2020-02-04,SPY Component Report CLX,SPY Component Report
2020-02-04,SPY Component Report CMG,SPY Component Report
2020-02-04,SPY Component Report CMI,SPY Component Report
2020-02-04,SPY Component Report CNC,SPY Component Report
2020-02-04,SPY Component Report COP,SPY Component Report
2020-02-04,SPY Component Report DIS,SPY Component Report
2020-02-04,SPY Component Report EMR,SPY Component Report
2020-02-04,SPY Component Report ETN,SPY Component Report
2020-02-04,SPY Component Report F,SPY Component Report
2020-02-04,SPY Component Report FI,SPY Component Report
2020-02-04,SPY Component Report GILD,SPY Component Report
2020-02-04,SPY Component Report GL,SPY Component Report
2020-02-04,SPY Component Report HUBB,SPY Component Report
2020-02-04,SPY Component Report IT,SPY Component Report
2020-02-04,SPY Component Report J,SPY Component Report
2020-02-04,SPY Component Report JKHY,SPY Component Report
2020-02-04,SPY Component Report KLAC,SPY Component Report
2020-02-04,SPY Component Report LHX,SPY Component Report
2020-02-04,SPY Component Report LII,SPY Component Report
2020-02-04,SPY Component Report MCHP,SPY Component Report
2020-02-04,SPY Component Report MCK,SPY Component Report
2020-02-04,SPY Component Report PRU,SPY Component Report
2020-02-04,SPY Component Report RCL,SPY Component Report
2020-02-04,SPY Component Report RL,SPY Component Report
2020-02-04,SPY Component Report SPG,SPY Component Report
2020-02-04,SPY Component Report STX,SPY Component Report
2020-02-04,SPY Component Report TDG,SPY Component Report
2020-02-04,SPY Component Report TECH,SPY Component Report
2020-02-04,SPY Component Report WAT,SPY Component Report
2020-02-04,SPY Component Report ZBH,SPY Component Report
2020-02-05,SPY Component Report AME,SPY Component Report
2020-02-05,SPY Component Report AVB,SPY Component Report
2020-02-05,SPY Component Report BSX,SPY Component Report
2020-02-05,SPY Component Report CINF,SPY Component Report
2020-02-05,SPY Component Report CTSH,SPY Component Report
2020-02-05,SPY Component Report DAY,SPY Component Report
2020-02-05,SPY Component Report DTE,SPY Component Report
2020-02-05,SPY Component Report FOX,SPY Component Report
2020-02-05,SPY Component Report FOXA,SPY Component Report
2020-02-05,SPY Component Report GM,SPY Component Report
2020-02-05,SPY Component Report HUM,SPY Component Report
2020-02-05,SPY Component Report MET,SPY Component Report
2020-02-05,SPY Component Report MPWR,SPY Component Report
2020-02-05,SPY Component Report MRK,SPY Component Report
2020-02-05,SPY Component Report ORLY,SPY Component Report
2020-02-05,SPY Component Report PAYC,SPY Component Report
2020-02-05,SPY Component Report QCOM,SPY Component Report
2020-02-06,SPY Component Report BALL,SPY Component Report
2020-02-06,SPY Component Report BDX,SPY Component Report
2020-02-06,SPY Component Report BMY,SPY Component Report
2020-02-06,SPY Component Report CAH,SPY Component Report
2020-02-06,SPY Component Report CDW,SPY Component Report
2020-02-06,SPY Component Report CI,SPY Component Report
2020-02-06,SPY Component Report CPAY,SPY Component Report
2020-02-06,SPY Component Report EL,SPY Component Report
2020-02-06,SPY Component Report FTNT,SPY Component Report
2020-02-06,SPY Component Report FTV,SPY Component Report
2020-02-06,SPY Component Report GEN,SPY Component Report
2020-02-06,SPY Component Report ICE,SPY Component Report
2020-02-06,SPY Component Report K,SPY Component Report
2020-02-06,SPY Component Report MSI,SPY Component Report
2020-02-06,SPY Component Report MTD,SPY Component Report
2020-02-06,SPY Component Report NWS,SPY Component Report
2020-02-06,SPY Component Report NWSA,SPY Component Report
2020-02-06,SPY Component Report ODFL,SPY Component Report
2020-02-06,SPY Component Report PM,SPY Component Report
2020-02-06,SPY Component Report REGN,SPY Component Report
2020-02-06,SPY Component Report SMCI,SPY Component Report
2020-02-06,SPY Component Report SNA,SPY Component Report
2020-02-06,SPY Component Report SPGI,SPY Component Report
2020-02-06,SPY Component Report TMUS,SPY Component Report
2020-02-06,SPY Component Report TPR,SPY Component Report
2020-02-06,SPY Component Report TSN,SPY Component Report
2020-02-06,SPY Component Report TTWO,SPY Component Report
2020-02-06,SPY Component Report UBER,SPY Component Report
2020-02-06,SPY Component Report VRSN,SPY Component Report
2020-02-06,SPY Component Report WTW,SPY Component Report
2020-02-06,SPY Component Report WYNN,SPY Component Report
2020-02-06,SPY Component Report XYL,SPY Component Report
2020-02-06,SPY Component Report YUM,SPY Component Report
2020-02-07,NFP Release,NFP Release
2020-02-07,SPY Component Report ABBV,SPY Component Report
2020-02-07,SPY Component Report CBOE,SPY Component Report
2020-02-07,SPY Component Report FE,SPY Component Report
2020-02-10,SPY Component Report DVA,SPY Component Report
2020-02-10,SPY Component Report EG,SPY Component Report
2020-02-10,SPY Component Report FRT,SPY Component Report
2020-02-10,SPY Component Report L,SPY Component Report
2020-02-10,SPY Component Report MOH,SPY Component Report
2020-02-10,SPY Component Report STE,SPY Component Report
2020-02-11,CPI Release,CPI Release
2020-02-11,SPY Component Report ACGL,SPY Component Report
2020-02-11,SPY Component Report AIZ,SPY Component Report
2020-02-11,SPY Component Report AKAM,SPY Component Report
2020-02-11,SPY Component Report AMCR,SPY Component Report
2020-02-11,SPY Component Report CRL,SPY Component Report
2020-02-11,SPY Component Report D,SPY Component Report
2020-02-11,SPY Component Report DOC,SPY Component Report
2020-02-11,SPY Component Report EXC,SPY Component Report
2020-02-11,SPY Component Report HAS,SPY Component Report
2020-02-11,SPY Component Report HLT,SPY Component Report
2020-02-11,SPY Component Report MAS,SPY Component Report
2020-02-11,SPY Component Report MLM,SPY Component Report
2020-02-11,SPY Component Report OMC,SPY Component Report
2020-02-11,SPY Component Report UDR,SPY Component Report
2020-02-12,SPY Component Report AMAT,SPY Component Report
2020-02-12,SPY Component Report BG,SPY Component Report
2020-02-12,SPY Component Report CDNS,SPY Component Report
2020-02-12,SPY Component Report CF,SPY Component Report
2020-02-12,SPY Component Report CME,SPY Component Report
2020-02-12,SPY Component Report CSCO,SPY Component Report
2020-02-12,SPY Component Report CVS,SPY Component Report
2020-02-12,SPY Component Report EFX,SPY Component Report
2020-02-12,SPY Component Report EQIX,SPY Component Report
2020-02-12,SPY Component Report GPN,SPY Component Report
2020-02-12,SPY Component Report IFF,SPY Component Report
2020-02-12,SPY Component Report IPG,SPY Component Report
2020-02-12,SPY Component Report IQV,SPY Component Report
2020-02-12,SPY Component Report MCO,SPY Component Report
2020-02-12,SPY Component Report MGM,SPY Component Report
2020-02-12,SPY Component Report NTAP,SPY Component Report
2020-02-12,SPY Component Report REG,SPY Component Report
2020-02-12,SPY Component Report TAP,SPY Component Report
2020-02-12,SPY Component Report TRMB,SPY Component Report
2020-02-12,SPY Component Report TYL,SPY Component Report
2020-02-12,SPY Component Report WELL,SPY Component Report
2020-02-13,CPI Release,CPI Release
2020-02-13,SPY Component Report AIG,SPY Component Report
2020-02-13,SPY Component Report ANET,SPY Component Report
2020-02-13,SPY Component Report DLR,SPY Component Report
2020-02-13,SPY Component Report DUK,SPY Component Report
2020-02-13,SPY Component Report DXCM,SPY Component Report
2020-02-13,SPY Component Report EXPE,SPY Component Report
2020-02-13,SPY Component Report FIS,SPY Component Report
2020-02-13,SPY Component Report GDDY,SPY Component Report
2020-02-13,SPY Component Report GNRC,SPY Component Report
2020-02-13,SPY Component Report HII,SPY Component Report
2020-02-13,SPY Component Report INCY,SPY Component Report
2020-02-13,SPY Component Report IRM,SPY Component Report
2020-02-13,SPY Component Report KHC,SPY Component Report
2020-02-13,SPY Component Report LH,SPY Component Report
2020-02-13,SPY Component Report LIN,SPY Component Report
2020-02-13,SPY Component Report MHK,SPY Component Report
2020-02-13,SPY Component Report NVDA,SPY Component Report
2020-02-13,SPY Component Report PEP,SPY Component Report
2020-02-13,SPY Component Report POOL,SPY Component Report
2020-02-13,SPY Component Report RSG,SPY Component Report
2020-02-13,SPY Component Report WM,SPY Component Report
2020-02-13,SPY Component Report WST,SPY Component Report
2020-02-13,SPY Component Report ZBRA,SPY Component Report
2020-02-13,SPY Component Report ZTS,SPY Component Report
2020-02-14,SPY Component Report PPL,SPY Component Report
2020-02-17,SPY Component Report IR,SPY Component Report
2020-02-17,US Holiday Washington's Birthday,US Holiday
2020-02-18,SPY Component Report A,SPY Component Report
2020-02-18,SPY Component Report ALLE,SPY Component Report
2020-02-18,SPY Component Report AWK,SPY Component Report
2020-02-18,SPY Component Report DVN,SPY Component Report
2020-02-18,SPY Component Report ECL,SPY Component Report
2020-02-18,SPY Component Report ENPH,SPY Component Report
2020-02-18,SPY Component Report EXPD,SPY Component Report
2020-02-18,SPY Component Report EXR,SPY Component Report
2020-02-18,SPY Component Report FANG,SPY Component Report
2020-02-18,SPY Component Report INVH,SPY Component Report
2020-02-18,SPY Component Report LDOS,SPY Component Report
2020-02-18,SPY Component Report MDT,SPY Component Report
2020-02-18,SPY Component Report PCG,SPY Component Report
2020-02-18,SPY Component Report VMC,SPY Component Report
2020-02-18,SPY Component Report VRSK,SPY Component Report
2020-02-18,SPY Component Report WAB,SPY Component Report
2020-02-18,SPY Component Report WMT,SPY Component Report
2020-02-19,SPY Component Report ADI,SPY Component Report
2020-02-19,SPY Component Report ALB,SPY Component Report
2020-02-19,SPY Component Report CPRT,SPY Component Report
2020-02-19,SPY Component Report ES,SPY Component Report
2020-02-19,SPY Component Report ETR,SPY Component Report
2020-02-19,SPY Component Report GPC,SPY Component Report
2020-02-19,SPY Component Report GRMN,SPY Component Report
2020-02-19,SPY Component Report HST,SPY Component Report
2020-02-19,SPY Component Report MOS,SPY Component Report
2020-02-19,SPY Component Report NDSN,SPY Component Report
2020-02-19,SPY Component Report O,SPY Component Report
2020-02-19,SPY Component Report SNPS,SPY Component Report
2020-02-19,SPY Component Report WMB,SPY Component Report
2020-02-20,SPY Component Report AEP,SPY Component Report
2020-02-20,SPY Component Report BLDR,SPY Component Report
2020-02-20,SPY Component Report CTRA,SPY Component Report
2020-02-20,SPY Component Report DPZ,SPY Component Report
2020-02-20,SPY Component Report ED,SPY Component Report
2020-02-20,SPY Component Report EPAM,SPY Component Report
2020-02-20,SPY Component Report FSLR,SPY Component Report
2020-02-20,SPY Component Report HRL,SPY Component Report
2020-02-20,SPY Component Report HSIC,SPY Component Report
2020-02-20,SPY Component Report LKQ,SPY Component Report
2020-02-20,SPY Component Report LNT,SPY Component Report
2020-02-20,SPY Component Report NCLH,SPY Component Report
2020-02-20,SPY Component Report NEM,SPY Component Report
2020-02-20,SPY Component Report PARA,SPY Component Report
2020-02-20,SPY Component Report SBAC,SPY Component Report
2020-02-20,SPY Component Report SO,SPY Component Report
2020-02-20,SPY Component Report TRGP,SPY Component Report
2020-02-20,SPY Component Report VICI,SPY Component Report
2020-02-20,SPY Component Report VTR,SPY Component Report
2020-02-21,SPY Component Report DE,SPY Component Report
2020-02-21,SPY Component Report PNW,SPY Component Report
2020-02-22,SPY Component Report BRK-B,SPY Component Report
2020-02-24,SPY Component Report HPQ,SPY Component Report
2020-02-24,SPY Component Report INTU,SPY Component Report
2020-02-24,SPY Component Report KEYS,SPY Component Report
2020-02-24,SPY Component Report OKE,SPY Component Report
2020-02-24,SPY Component Report PANW,SPY Component Report
2020-02-25,SPY Component Report AMT,SPY Component Report
2020-02-25,SPY Component Report CRM,SPY Component Report
2020-02-25,SPY Component Report CSGP,SPY Component Report
2020-02-25,SPY Component Report HD,SPY Component Report
2020-02-25,SPY Component Report PODD,SPY Component Report
2020-02-25,SPY Component Report PSA,SPY Component Report
2020-02-26,SPY Component Report AEE,SPY Component Report
2020-02-26,SPY Component Report ANSS,SPY Component Report
2020-02-26,SPY Component Report APA,SPY Component Report
2020-02-26,SPY Component Report BKNG,SPY Component Report
2020-02-26,SPY Component Report CCI,SPY Component Report
2020-02-26,SPY Component Report CZR,SPY Component Report
2020-02-26,SPY Component Report LOW,SPY Component Report
2020-02-26,SPY Component Report MAR,SPY Component Report
2020-02-26,SPY Component Report MRNA,SPY Component Report
2020-02-26,SPY Component Report NI,SPY Component Report
2020-02-26,SPY Component Report PEG,SPY Component Report
2020-02-26,SPY Component Report SJM,SPY Component Report
2020-02-26,SPY Component Report TJX,SPY Component Report
2020-02-26,SPY Component Report UHS,SPY Component Report
2020-02-27,SPY Component Report ADSK,SPY Component Report
2020-02-27,SPY Component Report AXON,SPY Component Report
2020-02-27,SPY Component Report BBY,SPY Component Report
2020-02-27,SPY Component Report CBRE,SPY Component Report
2020-02-27,SPY Component Report CNP,SPY Component Report
2020-02-27,SPY Component Report DELL,SPY Component Report
2020-02-27,SPY Component Report EIX,SPY Component Report
2020-02-27,SPY Component Report EOG,SPY Component Report
2020-02-27,SPY Component Report EQT,SPY Component Report
2020-02-27,SPY Component Report ERIE,SPY Component Report
2020-02-27,SPY Component Report KDP,SPY Component Report
2020-02-27,SPY Component Report LYV,SPY Component Report
2020-02-27,SPY Component Report MNST,SPY Component Report
2020-02-27,SPY Component Report NRG,SPY Component Report
2020-02-27,SPY Component Report OXY,SPY Component Report
2020-02-27,SPY Component Report PWR,SPY Component Report
2020-02-27,SPY Component Report SRE,SPY Component Report
2020-02-27,SPY Component Report VTRS,SPY Component Report
2020-02-27,SPY Component Report WBD,SPY Component Report
2020-02-27,SPY Component Report WDAY,SPY Component Report
2020-02-28,PCE Release for January 2020,PCE Release
2020-02-28,SPY Component Report AES,SPY Component Report
2020-02-28,SPY Component Report VST,SPY Component Report
2020-03-01,SPY Component Report LIN,SPY Component Report
2020-03-02,SPY Component Report EVRG,SPY Component Report
2020-03-03,SPY Component Report AZO,SPY Component Report
2020-03-03,SPY Component Report HPE,SPY Component Report
2020-03-03,SPY Component Report ROST,SPY Component Report
2020-03-03,SPY Component Report TGT,SPY Component Report
2020-03-03,US Market Summit FOMC Emergency,US Market Summit FOMC
2020-03-04,SPY Component Report BF-B,SPY Component Report
2020-03-04,SPY Component Report CPB,SPY Component Report
2020-03-04,SPY Component Report DLTR,SPY Component Report
2020-03-05,SPY Component Report COO,SPY Component Report
2020-03-05,SPY Component Report COST,SPY Component Report
2020-03-05,SPY Component Report KR,SPY Component Report
2020-03-06,NFP Release,NFP Release
2020-03-11,CPI Release,CPI Release
2020-03-12,SPY Component Report ADBE,SPY Component Report
2020-03-12,SPY Component Report AVGO,SPY Component Report
2020-03-12,SPY Component Report DG,SPY Component Report
2020-03-12,SPY Component Report ORCL,SPY Component Report
2020-03-12,SPY Component Report ULTA,SPY Component Report
2020-03-13,SPY Component Report JBL,SPY Component Report
2020-03-15,US Market Summit FOMC Emergency,US Market Summit FOMC
2020-03-15,US Presidential Election Biden seals primary lead (COVID halt),US Presidential Election
2020-03-17,SPY Component Report BAX,SPY Component Report
2020-03-17,SPY Component Report BAX,SPY Component Report
2020-03-17,SPY Component Report FDX,SPY Component Report
2020-03-18,SPY Component Report GIS,SPY Component Report
2020-03-18,SPY Component Report WSM,SPY Component Report
2020-03-19,SPY Component Report ACN,SPY Component Report
2020-03-19,SPY Component Report CRWD,SPY Component Report
2020-03-19,SPY Component Report CTAS,SPY Component Report
2020-03-19,SPY Component Report DRI,SPY Component Report
2020-03-19,SPY Component Report LEN,SPY Component Report
2020-03-20,SPY Component Report CCL,SPY Component Report
2020-03-20,SPY OpEx Quarterly,SPY OpEx Quarterly
2020-03-24,SPY Component Report NKE,SPY Component Report
2020-03-25,SPY Component Report MU,SPY Component Report
2020-03-25,SPY Component Report PAYX,SPY Component Report
2020-03-26,SPY Component Report FDS,SPY Component Report
2020-03-26,SPY Component Report LULU,SPY Component Report
2020-03-26,US Market Summit G20 Extraord.,US Market Summit G20
2020-03-27,PCE Release for February 2020,PCE Release
2020-03-31,SPY Component Report CAG,SPY Component Report
2020-03-31,SPY Component Report MKC,SPY Component Report
2020-04-01,SPY Component Report LW,SPY Component Report
2020-04-02,SPY Component Report KMX,SPY Component Report
2020-04-02,SPY Component Report WBA,SPY Component Report
2020-04-03,NFP Release,NFP Release
2020-04-03,SPY Component Report STZ,SPY Component Report
2020-04-04,Chinese Holiday Qingming Festival,Chinese Holiday
2020-04-06,Chinese Holiday Qingming Festival,Chinese Holiday
2020-04-10,CPI Release,CPI Release
2020-04-14,SPY Component Report FAST,SPY Component Report
2020-04-14,SPY Component Report JBHT,SPY Component Report
2020-04-14,SPY Component Report JNJ,SPY Component Report
2020-04-14,SPY Component Report JPM,SPY Component Report
2020-04-14,SPY Component Report WFC,SPY Component Report
2020-04-15,SPY Component Report BAC,SPY Component Report
2020-04-15,SPY Component Report C,SPY Component Report
2020-04-15,SPY Component Report GS,SPY Component Report
2020-04-15,SPY Component Report PGR,SPY Component Report
2020-04-15,SPY Component Report PNC,SPY Component Report
2020-04-15,SPY Component Report SCHW,SPY Component Report
2020-04-15,SPY Component Report UNH,SPY Component Report
2020-04-15,SPY Component Report USB,SPY Component Report
2020-04-16,SPY Component Report ABT,SPY Component Report
2020-04-16,SPY Component Report BK,SPY Component Report
2020-04-16,SPY Component Report ISRG,SPY Component Report
2020-04-16,SPY Component Report KEY,SPY Component Report
2020-04-16,SPY Component Report MS,SPY Component Report
2020-04-17,SPY Component Report CFG,SPY Component Report
2020-04-17,SPY Component Report PG,SPY Component Report
2020-04-17,SPY Component Report RF,SPY Component Report
2020-04-17,SPY Component Report SLB,SPY Component Report
2020-04-17,SPY Component Report STT,SPY Component Report
2020-04-20,SPY Component Report CDNS,SPY Component Report
2020-04-20,SPY Component Report EFX,SPY Component Report
2020-04-20,SPY Component Report HAL,SPY Component Report
2020-04-20,SPY Component Report IBM,SPY Component Report
2020-04-20,SPY Component Report LII,SPY Component Report
2020-04-20,SPY Component Report MTB,SPY Component Report
2020-04-20,SPY Component Report STLD,SPY Component Report
2020-04-20,SPY Component Report TFC,SPY Component Report
2020-04-21,SPY Component Report CB,SPY Component Report
2020-04-21,SPY Component Report CMG,SPY Component Report
2020-04-21,SPY Component Report DOV,SPY Component Report
2020-04-21,SPY Component Report EMR,SPY Component Report
2020-04-21,SPY Component Report FITB,SPY Component Report
2020-04-21,SPY Component Report HCA,SPY Component Report
2020-04-21,SPY Component Report KO,SPY Component Report
2020-04-21,SPY Component Report LMT,SPY Component Report
2020-04-21,SPY Component Report NFLX,SPY Component Report
2020-04-21,SPY Component Report NTRS,SPY Component Report
2020-04-21,SPY Component Report PCAR,SPY Component Report
2020-04-21,SPY Component Report PLD,SPY Component Report
2020-04-21,SPY Component Report PM,SPY Component Report
2020-04-21,SPY Component Report SNA,SPY Component Report
2020-04-21,SPY Component Report SYF,SPY Component Report
2020-04-21,SPY Component Report TER,SPY Component Report
2020-04-21,SPY Component Report TRV,SPY Component Report
2020-04-21,SPY Component Report TXN,SPY Component Report
2020-04-21,SPY Component Report WRB,SPY Component Report
2020-04-22,SPY Component Report APH,SPY Component Report
2020-04-22,SPY Component Report BIIB,SPY Component Report
2020-04-22,SPY Component Report BKR,SPY Component Report
2020-04-22,SPY Component Report CSX,SPY Component Report
2020-04-22,SPY Component Report DAL,SPY Component Report
2020-04-22,SPY Component Report DGX,SPY Component Report
2020-04-22,SPY Component Report GL,SPY Component Report
2020-04-22,SPY Component Report IPG,SPY Component Report
2020-04-22,SPY Component Report KMB,SPY Component Report
2020-04-22,SPY Component Report KMI,SPY Component Report
2020-04-22,SPY Component Report LRCX,SPY Component Report
2020-04-22,SPY Component Report LVS,SPY Component Report
2020-04-22,SPY Component Report NDAQ,SPY Component Report
2020-04-22,SPY Component Report NEE,SPY Component Report
2020-04-22,SPY Component Report ORLY,SPY Component Report
2020-04-22,SPY Component Report STX,SPY Component Report
2020-04-22,SPY Component Report T,SPY Component Report
2020-04-22,SPY Component Report TDY,SPY Component Report
2020-04-22,SPY Component Report TMO,SPY Component Report
2020-04-23,SPY Component Report ALLE,SPY Component Report
2020-04-23,SPY Component Report APD,SPY Component Report
2020-04-23,SPY Component Report BX,SPY Component Report
2020-04-23,SPY Component Report COF,SPY Component Report
2020-04-23,SPY Component Report DPZ,SPY Component Report
2020-04-23,SPY Component Report EW,SPY Component Report
2020-04-23,SPY Component Report FE,SPY Component Report
2020-04-23,SPY Component Report GWW,SPY Component Report
2020-04-23,SPY Component Report HBAN,SPY Component Report
2020-04-23,SPY Component Report HSY,SPY Component Report
2020-04-23,SPY Component Report IEX,SPY Component Report
2020-04-23,SPY Component Report INTC,SPY Component Report
2020-04-23,SPY Component Report IVZ,SPY Component Report
2020-04-23,SPY Component Report LLY,SPY Component Report
2020-04-23,SPY Component Report NVR,SPY Component Report
2020-04-23,SPY Component Report ODFL,SPY Component Report
2020-04-23,SPY Component Report PHM,SPY Component Report
2020-04-23,SPY Component Report POOL,SPY Component Report
2020-04-23,SPY Component Report TSCO,SPY Component Report
2020-04-23,SPY Component Report UNP,SPY Component Report
2020-04-23,SPY Component Report VRSN,SPY Component Report
2020-04-23,SPY Component Report WST,SPY Component Report
2020-04-24,SPY Component Report AXP,SPY Component Report
2020-04-24,SPY Component Report FCX,SPY Component Report
2020-04-24,SPY Component Report VZ,SPY Component Report
2020-04-27,SPY Component Report ARE,SPY Component Report
2020-04-27,SPY Component Report BRO,SPY Component Report
2020-04-27,SPY Component Report CINF,SPY Component Report
2020-04-27,SPY Component Report CMS,SPY Component Report
2020-04-27,SPY Component Report FFIV,SPY Component Report
2020-04-27,SPY Component Report KDP,SPY Component Report
2020-04-27,SPY Component Report PFG,SPY Component Report
2020-04-27,SPY Component Report PKG,SPY Component Report
2020-04-27,SPY Component Report PPG,SPY Component Report
2020-04-27,SPY Component Report UHS,SPY Component Report
2020-04-28,SPY Component Report AKAM,SPY Component Report
2020-04-28,SPY Component Report AMD,SPY Component Report
2020-04-28,SPY Component Report BXP,SPY Component Report
2020-04-28,SPY Component Report CAT,SPY Component Report
2020-04-28,SPY Component Report CHRW,SPY Component Report
2020-04-28,SPY Component Report CMI,SPY Component Report
2020-04-28,SPY Component Report CNC,SPY Component Report
2020-04-28,SPY Component Report CSGP,SPY Component Report
2020-04-28,SPY Component Report DHI,SPY Component Report
2020-04-28,SPY Component Report DTE,SPY Component Report
2020-04-28,SPY Component Report DXCM,SPY Component Report
2020-04-28,SPY Component Report ECL,SPY Component Report
2020-04-28,SPY Component Report F,SPY Component Report
2020-04-28,SPY Component Report GLW,SPY Component Report
2020-04-28,SPY Component Report GOOG,SPY Component Report
2020-04-28,SPY Component Report GOOGL,SPY Component Report
2020-04-28,SPY Component Report IQV,SPY Component Report
2020-04-28,SPY Component Report JNPR,SPY Component Report
2020-04-28,SPY Component Report LUV,SPY Component Report
2020-04-28,SPY Component Report MDLZ,SPY Component Report
2020-04-28,SPY Component Report MMM,SPY Component Report
2020-04-28,SPY Component Report MPWR,SPY Component Report
2020-04-28,SPY Component Report MRK,SPY Component Report
2020-04-28,SPY Component Report MSCI,SPY Component Report
2020-04-28,SPY Component Report NUE,SPY Component Report
2020-04-28,SPY Component Report NXPI,SPY Component Report
2020-04-28,SPY Component Report OKE,SPY Component Report
2020-04-28,SPY Component Report OMC,SPY Component Report
2020-04-28,SPY Component Report PAYC,SPY Component Report
2020-04-28,SPY Component Report PEP,SPY Component Report
2020-04-28,SPY Component Report PFE,SPY Component Report
2020-04-28,SPY Component Report ROK,SPY Component Report
2020-04-28,SPY Component Report ROP,SPY Component Report
2020-04-28,SPY Component Report SBUX,SPY Component Report
2020-04-28,SPY Component Report SPGI,SPY Component Report
2020-04-28,SPY Component Report TEL,SPY Component Report
2020-04-28,SPY Component Report TROW,SPY Component Report
2020-04-28,SPY Component Report UPS,SPY Component Report
2020-04-28,SPY Component Report WAT,SPY Component Report
2020-04-28,SPY Component Report ZBRA,SPY Component Report
2020-04-29,SPY Component Report ADM,SPY Component Report
2020-04-29,SPY Component Report ADP,SPY Component Report
2020-04-29,SPY Component Report AFL,SPY Component Report
2020-04-29,SPY Component Report ALGN,SPY Component Report
2020-04-29,SPY Component Report AMT,SPY Component Report
2020-04-29,SPY Component Report AVY,SPY Component Report
2020-04-29,SPY Component Report BA,SPY Component Report
2020-04-29,SPY Component Report BSX,SPY Component Report
2020-04-29,SPY Component Report CCI,SPY Component Report
2020-04-29,SPY Component Report CME,SPY Component Report
2020-04-29,SPY Component Report EBAY,SPY Component Report
2020-04-29,SPY Component Report ELV,SPY Component Report
2020-04-29,SPY Component Report FICO,SPY Component Report
2020-04-29,SPY Component Report GD,SPY Component Report
2020-04-29,SPY Component Report GE,SPY Component Report
2020-04-29,SPY Component Report GRMN,SPY Component Report
2020-04-29,SPY Component Report HAS,SPY Component Report
2020-04-29,SPY Component Report HIG,SPY Component Report
2020-04-29,SPY Component Report HOLX,SPY Component Report
2020-04-29,SPY Component Report HUM,SPY Component Report
2020-04-29,SPY Component Report LH,SPY Component Report
2020-04-29,SPY Component Report MA,SPY Component Report
2020-04-29,SPY Component Report MAS,SPY Component Report
2020-04-29,SPY Component Report META,SPY Component Report
2020-04-29,SPY Component Report MKTX,SPY Component Report
2020-04-29,SPY Component Report MSFT,SPY Component Report
2020-04-29,SPY Component Report NOC,SPY Component Report
2020-04-29,SPY Component Report NOW,SPY Component Report
2020-04-29,SPY Component Report NSC,SPY Component Report
2020-04-29,SPY Component Report PTC,SPY Component Report
2020-04-29,SPY Component Report QCOM,SPY Component Report
2020-04-29,SPY Component Report RJF,SPY Component Report
2020-04-29,SPY Component Report ROL,SPY Component Report
2020-04-29,SPY Component Report SHW,SPY Component Report
2020-04-29,SPY Component Report TSLA,SPY Component Report
2020-04-29,SPY Component Report TYL,SPY Component Report
2020-04-29,SPY Component Report URI,SPY Component Report
2020-04-29,SPY Component Report VLO,SPY Component Report
2020-04-29,SPY Component Report VRTX,SPY Component Report
2020-04-29,SPY Component Report YUM,SPY Component Report
2020-04-29,US Market Summit FOMC Statement,US Market Summit FOMC
2020-04-30,PCE Release for March 2020,PCE Release
2020-04-30,SPY Component Report AAPL,SPY Component Report
2020-04-30,SPY Component Report AJG,SPY Component Report
2020-04-30,SPY Component Report AMGN,SPY Component Report
2020-04-30,SPY Component Report AMZN,SPY Component Report
2020-04-30,SPY Component Report BAX,SPY Component Report
2020-04-30,SPY Component Report BEN,SPY Component Report
2020-04-30,SPY Component Report BLDR,SPY Component Report
2020-04-30,SPY Component Report CHD,SPY Component Report
2020-04-30,SPY Component Report CI,SPY Component Report
2020-04-30,SPY Component Report CMCSA,SPY Component Report
2020-04-30,SPY Component Report COP,SPY Component Report
2020-04-30,SPY Component Report CTRA,SPY Component Report
2020-04-30,SPY Component Report DOW,SPY Component Report
2020-04-30,SPY Component Report EIX,SPY Component Report
2020-04-30,SPY Component Report EMN,SPY Component Report
2020-04-30,SPY Component Report ETN,SPY Component Report
2020-04-30,SPY Component Report FTV,SPY Component Report
2020-04-30,SPY Component Report GILD,SPY Component Report
2020-04-30,SPY Component Report GNRC,SPY Component Report
2020-04-30,SPY Component Report HUBB,SPY Component Report
2020-04-30,SPY Component Report ICE,SPY Component Report
2020-04-30,SPY Component Report IDXX,SPY Component Report
2020-04-30,SPY Component Report IP,SPY Component Report
2020-04-30,SPY Component Report KHC,SPY Component Report
2020-04-30,SPY Component Report LKQ,SPY Component Report
2020-04-30,SPY Component Report MCD,SPY Component Report
2020-04-30,SPY Component Report MCO,SPY Component Report
2020-04-30,SPY Component Report MGM,SPY Component Report
2020-04-30,SPY Component Report MMC,SPY Component Report
2020-04-30,SPY Component Report MO,SPY Component Report
2020-04-30,SPY Component Report MOH,SPY Component Report
2020-04-30,SPY Component Report PH,SPY Component Report
2020-04-30,SPY Component Report PNR,SPY Component Report
2020-04-30,SPY Component Report PSA,SPY Component Report
2020-04-30,SPY Component Report RMD,SPY Component Report
2020-04-30,SPY Component Report SO,SPY Component Report
2020-04-30,SPY Component Report SWK,SPY Component Report
2020-04-30,SPY Component Report SYK,SPY Component Report
2020-04-30,SPY Component Report TAP,SPY Component Report
2020-04-30,SPY Component Report TECH,SPY Component Report
2020-04-30,SPY Component Report TPL,SPY Component Report
2020-04-30,SPY Component Report TPR,SPY Component Report
2020-04-30,SPY Component Report TXT,SPY Component Report
2020-04-30,SPY Component Report UAL,SPY Component Report
2020-04-30,SPY Component Report V,SPY Component Report
2020-04-30,SPY Component Report VICI,SPY Component Report
2020-04-30,SPY Component Report WDC,SPY Component Report
2020-04-30,SPY Component Report WTW,SPY Component Report
2020-05-01,Chinese Holiday Labor Day,Chinese Holiday
2020-05-01,SPY Component Report ABBV,SPY Component Report
2020-05-01,SPY Component Report AON,SPY Component Report
2020-05-01,SPY Component Report APO,SPY Component Report
2020-05-01,SPY Component Report CBOE,SPY Component Report
2020-05-01,SPY Component Report CHTR,SPY Component Report
2020-05-01,SPY Component Report CL,SPY Component Report
2020-05-01,SPY Component Report CLX,SPY Component Report
2020-05-01,SPY Component Report CVX,SPY Component Report
2020-05-01,SPY Component Report EL,SPY Component Report
2020-05-01,SPY Component Report HON,SPY Component Report
2020-05-01,SPY Component Report JCI,SPY Component Report
2020-05-01,SPY Component Report K,SPY Component Report
2020-05-01,SPY Component Report LYB,SPY Component Report
2020-05-01,SPY Component Report PCG,SPY Component Report
2020-05-01,SPY Component Report PSX,SPY Component Report
2020-05-01,SPY Component Report WY,SPY Component Report
2020-05-01,SPY Component Report XOM,SPY Component Report
2020-05-02,SPY Component Report BRK-B,SPY Component Report
2020-05-04,Chinese Holiday Rest Day,Chinese Holiday
2020-05-04,SPY Component Report ACGL,SPY Component Report
2020-05-04,SPY Component Report AIG,SPY Component Report
2020-05-04,SPY Component Report FANG,SPY Component Report
2020-05-04,SPY Component Report JKHY,SPY Component Report
2020-05-04,SPY Component Report MHK,SPY Component Report
2020-05-04,SPY Component Report O,SPY Component Report
2020-05-04,SPY Component Report PEG,SPY Component Report
2020-05-04,SPY Component Report SRE,SPY Component Report
2020-05-04,SPY Component Report SWKS,SPY Component Report
2020-05-04,SPY Component Report TSN,SPY Component Report
2020-05-04,SPY Component Report WAB,SPY Component Report
2020-05-04,SPY Component Report WEC,SPY Component Report
2020-05-04,SPY Component Report WMB,SPY Component Report
2020-05-05,Chinese Holiday Rest Day,Chinese Holiday
2020-05-05,SPY Component Report AIZ,SPY Component Report
2020-05-05,SPY Component Report ALL,SPY Component Report
2020-05-05,SPY Component Report AME,SPY Component Report
2020-05-05,SPY Component Report ANET,SPY Component Report
2020-05-05,SPY Component Report AOS,SPY Component Report
2020-05-05,SPY Component Report APA,SPY Component Report
2020-05-05,SPY Component Report APTV,SPY Component Report
2020-05-05,SPY Component Report D,SPY Component Report
2020-05-05,SPY Component Report DD,SPY Component Report
2020-05-05,SPY Component Report DIS,SPY Component Report
2020-05-05,SPY Component Report DOC,SPY Component Report
2020-05-05,SPY Component Report DVA,SPY Component Report
2020-05-05,SPY Component Report DVN,SPY Component Report
2020-05-05,SPY Component Report EA,SPY Component Report
2020-05-05,SPY Component Report ENPH,SPY Component Report
2020-05-05,SPY Component Report EQR,SPY Component Report
2020-05-05,SPY Component Report EXPD,SPY Component Report
2020-05-05,SPY Component Report HSIC,SPY Component Report
2020-05-05,SPY Component Report HWM,SPY Component Report
2020-05-05,SPY Component Report INCY,SPY Component Report
2020-05-05,SPY Component Report ITW,SPY Component Report
2020-05-05,SPY Component Report KLAC,SPY Component Report
2020-05-05,SPY Component Report LDOS,SPY Component Report
2020-05-05,SPY Component Report LHX,SPY Component Report
2020-05-05,SPY Component Report MLM,SPY Component Report
2020-05-05,SPY Component Report MOS,SPY Component Report
2020-05-05,SPY Component Report MPC,SPY Component Report
2020-05-05,SPY Component Report NEM,SPY Component Report
2020-05-05,SPY Component Report OXY,SPY Component Report
2020-05-05,SPY Component Report PRU,SPY Component Report
2020-05-05,SPY Component Report REGN,SPY Component Report
2020-05-05,SPY Component Report RSG,SPY Component Report
2020-05-05,SPY Component Report RVTY,SPY Component Report
2020-05-05,SPY Component Report SBAC,SPY Component Report
2020-05-05,SPY Component Report SYY,SPY Component Report
2020-05-05,SPY Component Report TDG,SPY Component Report
2020-05-05,SPY Component Report TT,SPY Component Report
2020-05-05,SPY Component Report VRSK,SPY Component Report
2020-05-05,SPY Component Report VST,SPY Component Report
2020-05-05,SPY Component Report XYL,SPY Component Report
2020-05-06,SPY Component Report AEP,SPY Component Report
2020-05-06,SPY Component Report ALB,SPY Component Report
2020-05-06,SPY Component Report AMP,SPY Component Report
2020-05-06,SPY Component Report ANSS,SPY Component Report
2020-05-06,SPY Component Report ATO,SPY Component Report
2020-05-06,SPY Component Report AVB,SPY Component Report
2020-05-06,SPY Component Report AWK,SPY Component Report
2020-05-06,SPY Component Report BG,SPY Component Report
2020-05-06,SPY Component Report CDW,SPY Component Report
2020-05-06,SPY Component Report CF,SPY Component Report
2020-05-06,SPY Component Report CTVA,SPY Component Report
2020-05-06,SPY Component Report CVS,SPY Component Report
2020-05-06,SPY Component Report DAY,SPY Component Report
2020-05-06,SPY Component Report DHR,SPY Component Report
2020-05-06,SPY Component Report EG,SPY Component Report
2020-05-06,SPY Component Report EQIX,SPY Component Report
2020-05-06,SPY Component Report ES,SPY Component Report
2020-05-06,SPY Component Report ESS,SPY Component Report
2020-05-06,SPY Component Report EVRG,SPY Component Report
2020-05-06,SPY Component Report EXR,SPY Component Report
2020-05-06,SPY Component Report FOX,SPY Component Report
2020-05-06,SPY Component Report FOXA,SPY Component Report
2020-05-06,SPY Component Report FRT,SPY Component Report
2020-05-06,SPY Component Report FTNT,SPY Component Report
2020-05-06,SPY Component Report GDDY,SPY Component Report
2020-05-06,SPY Component Report GM,SPY Component Report
2020-05-06,SPY Component Report GPC,SPY Component Report
2020-05-06,SPY Component Report GPN,SPY Component Report
2020-05-06,SPY Component Report INVH,SPY Component Report
2020-05-06,SPY Component Report J,SPY Component Report
2020-05-06,SPY Component Report KKR,SPY Component Report
2020-05-06,SPY Component Report MAA,SPY Component Report
2020-05-06,SPY Component Report MET,SPY Component Report
2020-05-06,SPY Component Report NI,SPY Component Report
2020-05-06,SPY Component Report OTIS,SPY Component Report
2020-05-06,SPY Component Report PYPL,SPY Component Report
2020-05-06,SPY Component Report TMUS,SPY Component Report
2020-05-06,SPY Component Report TRMB,SPY Component Report
2020-05-06,SPY Component Report UDR,SPY Component Report
2020-05-06,SPY Component Report VMC,SPY Component Report
2020-05-06,SPY Component Report WBD,SPY Component Report
2020-05-06,SPY Component Report WELL,SPY Component Report
2020-05-06,SPY Component Report WM,SPY Component Report
2020-05-06,SPY Component Report WYNN,SPY Component Report
2020-05-06,SPY Component Report ZTS,SPY Component Report
2020-05-07,SPY Component Report AES,SPY Component Report
2020-05-07,SPY Component Report AXON,SPY Component Report
2020-05-07,SPY Component Report BALL,SPY Component Report
2020-05-07,SPY Component Report BDX,SPY Component Report
2020-05-07,SPY Component Report BKNG,SPY Component Report
2020-05-07,SPY Component Report BMY,SPY Component Report
2020-05-07,SPY Component Report CBRE,SPY Component Report
2020-05-07,SPY Component Report CNP,SPY Component Report
2020-05-07,SPY Component Report COR,SPY Component Report
2020-05-07,SPY Component Report CPAY,SPY Component Report
2020-05-07,SPY Component Report CPT,SPY Component Report
2020-05-07,SPY Component Report CRL,SPY Component Report
2020-05-07,SPY Component Report CTSH,SPY Component Report
2020-05-07,SPY Component Report DLR,SPY Component Report
2020-05-07,SPY Component Report ED,SPY Component Report
2020-05-07,SPY Component Report EOG,SPY Component Report
2020-05-07,SPY Component Report EPAM,SPY Component Report
2020-05-07,SPY Component Report EQT,SPY Component Report
2020-05-07,SPY Component Report ERIE,SPY Component Report
2020-05-07,SPY Component Report FI,SPY Component Report
2020-05-07,SPY Component Report FIS,SPY Component Report
2020-05-07,SPY Component Report FSLR,SPY Component Report
2020-05-07,SPY Component Report HES,SPY Component Report
2020-05-07,SPY Component Report HII,SPY Component Report
2020-05-07,SPY Component Report HLT,SPY Component Report
2020-05-07,SPY Component Report HST,SPY Component Report
2020-05-07,SPY Component Report IRM,SPY Component Report
2020-05-07,SPY Component Report IT,SPY Component Report
2020-05-07,SPY Component Report LIN,SPY Component Report
2020-05-07,SPY Component Report LNT,SPY Component Report
2020-05-07,SPY Component Report LYV,SPY Component Report
2020-05-07,SPY Component Report MCHP,SPY Component Report
2020-05-07,SPY Component Report MNST,SPY Component Report
2020-05-07,SPY Component Report MRNA,SPY Component Report
2020-05-07,SPY Component Report MSI,SPY Component Report
2020-05-07,SPY Component Report MTD,SPY Component Report
2020-05-07,SPY Component Report NRG,SPY Component Report
2020-05-07,SPY Component Report NWS,SPY Component Report
2020-05-07,SPY Component Report NWSA,SPY Component Report
2020-05-07,SPY Component Report PARA,SPY Component Report
2020-05-07,SPY Component Report PODD,SPY Component Report
2020-05-07,SPY Component Report PWR,SPY Component Report
2020-05-07,SPY Component Report REG,SPY Component Report
2020-05-07,SPY Component Report RTX,SPY Component Report
2020-05-07,SPY Component Report SMCI,SPY Component Report
2020-05-07,SPY Component Report TRGP,SPY Component Report
2020-05-07,SPY Component Report UBER,SPY Component Report
2020-05-07,SPY Component Report XEL,SPY Component Report
2020-05-08,NFP Release,NFP Release
2020-05-08,SPY Component Report BR,SPY Component Report
2020-05-08,SPY Component Report CARR,SPY Component Report
2020-05-08,SPY Component Report EXC,SPY Component Report
2020-05-08,SPY Component Report KIM,SPY Component Report
2020-05-08,SPY Component Report PNW,SPY Component Report
2020-05-08,SPY Component Report PPL,SPY Component Report
2020-05-08,SPY Component Report VTR,SPY Component Report
2020-05-09,SPY Component Report ON,SPY Component Report
2020-05-11,NFP Release,NFP Release
2020-05-11,SPY Component Report AEE,SPY Component Report
2020-05-11,SPY Component Report AMCR,SPY Component Report
2020-05-11,SPY Component Report CAH,SPY Component Report
2020-05-11,SPY Component Report CZR,SPY Component Report
2020-05-11,SPY Component Report ETR,SPY Component Report
2020-05-11,SPY Component Report IFF,SPY Component Report
2020-05-11,SPY Component Report MAR,SPY Component Report
2020-05-11,SPY Component Report SPG,SPY Component Report
2020-05-11,SPY Component Report VTRS,SPY Component Report
2020-05-11,SPY Component Report ZBH,SPY Component Report
2020-05-12,CPI Release,CPI Release
2020-05-12,SPY Component Report DUK,SPY Component Report
2020-05-12,SPY Component Report IR,SPY Component Report
2020-05-13,SPY Component Report CSCO,SPY Component Report
2020-05-13,SPY Component Report STE,SPY Component Report
2020-05-14,SPY Component Report AMAT,SPY Component Report
2020-05-14,SPY Component Report GEN,SPY Component Report
2020-05-14,SPY Component Report NCLH,SPY Component Report
2020-05-19,SPY Component Report HD,SPY Component Report
2020-05-19,SPY Component Report WMT,SPY Component Report
2020-05-20,SPY Component Report ADI,SPY Component Report
2020-05-20,SPY Component Report CPRT,SPY Component Report
2020-05-20,SPY Component Report EXPE,SPY Component Report
2020-05-20,SPY Component Report LOW,SPY Component Report
2020-05-20,SPY Component Report MCK,SPY Component Report
2020-05-20,SPY Component Report NDSN,SPY Component Report
2020-05-20,SPY Component Report RCL,SPY Component Report
2020-05-20,SPY Component Report SNPS,SPY Component Report
2020-05-20,SPY Component Report TGT,SPY Component Report
2020-05-20,SPY Component Report TTWO,SPY Component Report
2020-05-21,SPY Component Report A,SPY Component Report
2020-05-21,SPY Component Report BBY,SPY Component Report
2020-05-21,SPY Component Report DECK,SPY Component Report
2020-05-21,SPY Component Report HPE,SPY Component Report
2020-05-21,SPY Component Report HRL,SPY Component Report
2020-05-21,SPY Component Report INTU,SPY Component Report
2020-05-21,SPY Component Report MDT,SPY Component Report
2020-05-21,SPY Component Report NVDA,SPY Component Report
2020-05-21,SPY Component Report PANW,SPY Component Report
2020-05-21,SPY Component Report ROST,SPY Component Report
2020-05-21,SPY Component Report TJX,SPY Component Report
2020-05-22,SPY Component Report DE,SPY Component Report
2020-05-25,US Holiday Memorial Day,US Holiday
2020-05-26,SPY Component Report AZO,SPY Component Report
2020-05-26,SPY Component Report KEYS,SPY Component Report
2020-05-27,SPY Component Report ADSK,SPY Component Report
2020-05-27,SPY Component Report HPQ,SPY Component Report
2020-05-27,SPY Component Report NTAP,SPY Component Report
2020-05-27,SPY Component Report RL,SPY Component Report
2020-05-27,SPY Component Report WDAY,SPY Component Report
2020-05-28,SPY Component Report COST,SPY Component Report
2020-05-28,SPY Component Report CRM,SPY Component Report
2020-05-28,SPY Component Report DELL,SPY Component Report
2020-05-28,SPY Component Report DG,SPY Component Report
2020-05-28,SPY Component Report DLTR,SPY Component Report
2020-05-28,SPY Component Report ULTA,SPY Component Report
2020-05-28,SPY Component Report WSM,SPY Component Report
2020-05-29,PCE Release for April 2020,PCE Release
2020-06-02,SPY Component Report CRWD,SPY Component Report
2020-06-03,SPY Component Report CPB,SPY Component Report
2020-06-04,SPY Component Report AVGO,SPY Component Report
2020-06-04,SPY Component Report COO,SPY Component Report
2020-06-04,SPY Component Report SJM,SPY Component Report
2020-06-05,NFP Release,NFP Release
2020-06-09,SPY Component Report BF-B,SPY Component Report
2020-06-10,CPI Release,CPI Release
2020-06-10,US Market Summit FOMC w/ SEP,US Market Summit FOMC
2020-06-11,SPY Component Report ADBE,SPY Component Report
2020-06-11,SPY Component Report LULU,SPY Component Report
2020-06-15,SPY Component Report LEN,SPY Component Report
2020-06-16,SPY Component Report ORCL,SPY Component Report
2020-06-18,SPY Component Report CCL,SPY Component Report
2020-06-18,SPY Component Report KR,SPY Component Report
2020-06-19,SPY Component Report JBL,SPY Component Report
2020-06-19,SPY Component Report KMX,SPY Component Report
2020-06-19,SPY OpEx Quarterly,SPY OpEx Quarterly
2020-06-25,Chinese Holiday Dragon Boat Festival,Chinese Holiday
2020-06-25,SPY Component Report ACN,SPY Component Report
2020-06-25,SPY Component Report DRI,SPY Component Report
2020-06-25,SPY Component Report FDS,SPY Component Report
2020-06-25,SPY Component Report MKC,SPY Component Report
2020-06-25,SPY Component Report NKE,SPY Component Report
2020-06-26,Chinese Holiday Rest Day,Chinese Holiday
2020-06-26,PCE Release for May 2020,PCE Release
2020-06-29,SPY Component Report MU,SPY Component Report
2020-06-30,SPY Component Report CAG,SPY Component Report
2020-06-30,SPY Component Report FDX,SPY Component Report
2020-07-01,SPY Component Report GIS,SPY Component Report
2020-07-01,SPY Component Report STZ,SPY Component Report
2020-07-02,NFP Release,NFP Release
2020-07-03,US Holiday Independence Day (observed),US Holiday
2020-07-04,US Holiday Independence Day,US Holiday
2020-07-07,SPY Component Report PAYX,SPY Component Report
2020-07-09,SPY Component Report WBA,SPY Component Report
2020-07-13,SPY Component Report PEP,SPY Component Report
2020-07-14,CPI Release,CPI Release
2020-07-14,SPY Component Report C,SPY Component Report
2020-07-14,SPY Component Report DAL,SPY Component Report
2020-07-14,SPY Component Report FAST,SPY Component Report
2020-07-14,SPY Component Report JPM,SPY Component Report
2020-07-14,SPY Component Report WFC,SPY Component Report
2020-07-15,SPY Component Report BK,SPY Component Report
2020-07-15,SPY Component Report GS,SPY Component Report
2020-07-15,SPY Component Report PGR,SPY Component Report
2020-07-15,SPY Component Report PNC,SPY Component Report
2020-07-15,SPY Component Report UNH,SPY Component Report
2020-07-15,SPY Component Report USB,SPY Component Report
2020-07-16,SPY Component Report ABT,SPY Component Report
2020-07-16,SPY Component Report BAC,SPY Component Report
2020-07-16,SPY Component Report DPZ,SPY Component Report
2020-07-16,SPY Component Report JBHT,SPY Component Report
2020-07-16,SPY Component Report JNJ,SPY Component Report
2020-07-16,SPY Component Report MS,SPY Component Report
2020-07-16,SPY Component Report NFLX,SPY Component Report
2020-07-16,SPY Component Report PPG,SPY Component Report
2020-07-16,SPY Component Report SCHW,SPY Component Report
2020-07-16,SPY Component Report TFC,SPY Component Report
2020-07-17,SPY Component Report CFG,SPY Component Report
2020-07-17,SPY Component Report RF,SPY Component Report
2020-07-17,SPY Component Report STT,SPY Component Report
2020-07-20,SPY Component Report CDNS,SPY Component Report
2020-07-20,SPY Component Report HAL,SPY Component Report
2020-07-20,SPY Component Report IBM,SPY Component Report
2020-07-20,SPY Component Report LII,SPY Component Report
2020-07-20,SPY Component Report STLD,SPY Component Report
2020-07-21,SPY Component Report COF,SPY Component Report
2020-07-21,SPY Component Report ISRG,SPY Component Report
2020-07-21,SPY Component Report KO,SPY Component Report
2020-07-21,SPY Component Report LMT,SPY Component Report
2020-07-21,SPY Component Report PCAR,SPY Component Report
2020-07-21,SPY Component Report PLD,SPY Component Report
2020-07-21,SPY Component Report PM,SPY Component Report
2020-07-21,SPY Component Report SYF,SPY Component Report
2020-07-21,SPY Component Report TER,SPY Component Report
2020-07-21,SPY Component Report TXN,SPY Component Report
2020-07-21,SPY Component Report UAL,SPY Component Report
2020-07-21,SPY Component Report WRB,SPY Component Report
2020-07-22,SPY Component Report ALGN,SPY Component Report
2020-07-22,SPY Component Report APH,SPY Component Report
2020-07-22,SPY Component Report BIIB,SPY Component Report
2020-07-22,SPY Component Report BKR,SPY Component Report
2020-07-22,SPY Component Report CMG,SPY Component Report
2020-07-22,SPY Component Report CSX,SPY Component Report
2020-07-22,SPY Component Report DOV,SPY Component Report
2020-07-22,SPY Component Report EFX,SPY Component Report
2020-07-22,SPY Component Report GL,SPY Component Report
2020-07-22,SPY Component Report HCA,SPY Component Report
2020-07-22,SPY Component Report IQV,SPY Component Report
2020-07-22,SPY Component Report KEY,SPY Component Report
2020-07-22,SPY Component Report KMI,SPY Component Report
2020-07-22,SPY Component Report LVS,SPY Component Report
2020-07-22,SPY Component Report MKTX,SPY Component Report
2020-07-22,SPY Component Report MSFT,SPY Component Report
2020-07-22,SPY Component Report NDAQ,SPY Component Report
2020-07-22,SPY Component Report NTRS,SPY Component Report
2020-07-22,SPY Component Report NVR,SPY Component Report
2020-07-22,SPY Component Report TDY,SPY Component Report
2020-07-22,SPY Component Report TMO,SPY Component Report
2020-07-22,SPY Component Report TSLA,SPY Component Report
2020-07-23,SPY Component Report ALLE,SPY Component Report
2020-07-23,SPY Component Report APD,SPY Component Report
2020-07-23,SPY Component Report BX,SPY Component Report
2020-07-23,SPY Component Report CTAS,SPY Component Report
2020-07-23,SPY Component Report DGX,SPY Component Report
2020-07-23,SPY Component Report DHR,SPY Component Report
2020-07-23,SPY Component Report DOW,SPY Component Report
2020-07-23,SPY Component Report EW,SPY Component Report
2020-07-23,SPY Component Report FCX,SPY Component Report
2020-07-23,SPY Component Report FE,SPY Component Report
2020-07-23,SPY Component Report FITB,SPY Component Report
2020-07-23,SPY Component Report GWW,SPY Component Report
2020-07-23,SPY Component Report HBAN,SPY Component Report
2020-07-23,SPY Component Report HSY,SPY Component Report
2020-07-23,SPY Component Report IEX,SPY Component Report
2020-07-23,SPY Component Report INTC,SPY Component Report
2020-07-23,SPY Component Report KMB,SPY Component Report
2020-07-23,SPY Component Report LUV,SPY Component Report
2020-07-23,SPY Component Report MTB,SPY Component Report
2020-07-23,SPY Component Report NUE,SPY Component Report
2020-07-23,SPY Component Report PHM,SPY Component Report
2020-07-23,SPY Component Report PNR,SPY Component Report
2020-07-23,SPY Component Report POOL,SPY Component Report
2020-07-23,SPY Component Report SWKS,SPY Component Report
2020-07-23,SPY Component Report T,SPY Component Report
2020-07-23,SPY Component Report TRV,SPY Component Report
2020-07-23,SPY Component Report TSCO,SPY Component Report
2020-07-23,SPY Component Report UNP,SPY Component Report
2020-07-23,SPY Component Report VRSN,SPY Component Report
2020-07-23,SPY Component Report WST,SPY Component Report
2020-07-24,SPY Component Report AXP,SPY Component Report
2020-07-24,SPY Component Report HON,SPY Component Report
2020-07-24,SPY Component Report NEE,SPY Component Report
2020-07-24,SPY Component Report SLB,SPY Component Report
2020-07-24,SPY Component Report VZ,SPY Component Report
2020-07-27,SPY Component Report ARE,SPY Component Report
2020-07-27,SPY Component Report AVY,SPY Component Report
2020-07-27,SPY Component Report BRO,SPY Component Report
2020-07-27,SPY Component Report CINF,SPY Component Report
2020-07-27,SPY Component Report EQT,SPY Component Report
2020-07-27,SPY Component Report FFIV,SPY Component Report
2020-07-27,SPY Component Report HAS,SPY Component Report
2020-07-27,SPY Component Report NXPI,SPY Component Report
2020-07-27,SPY Component Report PFG,SPY Component Report
2020-07-27,SPY Component Report UHS,SPY Component Report
2020-07-28,SPY Component Report AFL,SPY Component Report
2020-07-28,SPY Component Report AKAM,SPY Component Report
2020-07-28,SPY Component Report AMD,SPY Component Report
2020-07-28,SPY Component Report AMGN,SPY Component Report
2020-07-28,SPY Component Report BEN,SPY Component Report
2020-07-28,SPY Component Report BXP,SPY Component Report
2020-07-28,SPY Component Report CB,SPY Component Report
2020-07-28,SPY Component Report CHRW,SPY Component Report
2020-07-28,SPY Component Report CMI,SPY Component Report
2020-07-28,SPY Component Report CNC,SPY Component Report
2020-07-28,SPY Component Report CSGP,SPY Component Report
2020-07-28,SPY Component Report DHI,SPY Component Report
2020-07-28,SPY Component Report DTE,SPY Component Report
2020-07-28,SPY Component Report DXCM,SPY Component Report
2020-07-28,SPY Component Report EBAY,SPY Component Report
2020-07-28,SPY Component Report ECL,SPY Component Report
2020-07-28,SPY Component Report EIX,SPY Component Report
2020-07-28,SPY Component Report EQR,SPY Component Report
2020-07-28,SPY Component Report FTV,SPY Component Report
2020-07-28,SPY Component Report GLW,SPY Component Report
2020-07-28,SPY Component Report IVZ,SPY Component Report
2020-07-28,SPY Component Report JNPR,SPY Component Report
2020-07-28,SPY Component Report LH,SPY Component Report
2020-07-28,SPY Component Report LW,SPY Component Report
2020-07-28,SPY Component Report MCD,SPY Component Report
2020-07-28,SPY Component Report MDLZ,SPY Component Report
2020-07-28,SPY Component Report MLM,SPY Component Report
2020-07-28,SPY Component Report MMM,SPY Component Report
2020-07-28,SPY Component Report MO,SPY Component Report
2020-07-28,SPY Component Report MPWR,SPY Component Report
2020-07-28,SPY Component Report MSCI,SPY Component Report
2020-07-28,SPY Component Report OKE,SPY Component Report
2020-07-28,SPY Component Report OMC,SPY Component Report
2020-07-28,SPY Component Report OTIS,SPY Component Report
2020-07-28,SPY Component Report PFE,SPY Component Report
2020-07-28,SPY Component Report PKG,SPY Component Report
2020-07-28,SPY Component Report ROK,SPY Component Report
2020-07-28,SPY Component Report ROP,SPY Component Report
2020-07-28,SPY Component Report RTX,SPY Component Report
2020-07-28,SPY Component Report RVTY,SPY Component Report
2020-07-28,SPY Component Report SBUX,SPY Component Report
2020-07-28,SPY Component Report SHW,SPY Component Report
2020-07-28,SPY Component Report SPGI,SPY Component Report
2020-07-28,SPY Component Report STX,SPY Component Report
2020-07-28,SPY Component Report UDR,SPY Component Report
2020-07-28,SPY Component Report V,SPY Component Report
2020-07-28,SPY Component Report WAB,SPY Component Report
2020-07-28,SPY Component Report WAT,SPY Component Report
2020-07-28,SPY Component Report ZBRA,SPY Component Report
2020-07-29,SPY Component Report ACGL,SPY Component Report
2020-07-29,SPY Component Report ADM,SPY Component Report
2020-07-29,SPY Component Report ADP,SPY Component Report
2020-07-29,SPY Component Report AMP,SPY Component Report
2020-07-29,SPY Component Report APA,SPY Component Report
2020-07-29,SPY Component Report AVB,SPY Component Report
2020-07-29,SPY Component Report BA,SPY Component Report
2020-07-29,SPY Component Report BG,SPY Component Report
2020-07-29,SPY Component Report BSX,SPY Component Report
2020-07-29,SPY Component Report CCI,SPY Component Report
2020-07-29,SPY Component Report CME,SPY Component Report
2020-07-29,SPY Component Report CTSH,SPY Component Report
2020-07-29,SPY Component Report ELV,SPY Component Report
2020-07-29,SPY Component Report EQIX,SPY Component Report
2020-07-29,SPY Component Report ETN,SPY Component Report
2020-07-29,SPY Component Report ETR,SPY Component Report
2020-07-29,SPY Component Report FICO,SPY Component Report
2020-07-29,SPY Component Report GD,SPY Component Report
2020-07-29,SPY Component Report GE,SPY Component Report
2020-07-29,SPY Component Report GM,SPY Component Report
2020-07-29,SPY Component Report GRMN,SPY Component Report
2020-07-29,SPY Component Report HES,SPY Component Report
2020-07-29,SPY Component Report HOLX,SPY Component Report
2020-07-29,SPY Component Report IPG,SPY Component Report
2020-07-29,SPY Component Report LRCX,SPY Component Report
2020-07-29,SPY Component Report MAA,SPY Component Report
2020-07-29,SPY Component Report NOW,SPY Component Report
2020-07-29,SPY Component Report NSC,SPY Component Report
2020-07-29,SPY Component Report ORLY,SPY Component Report
2020-07-29,SPY Component Report PTC,SPY Component Report
2020-07-29,SPY Component Report PYPL,SPY Component Report
2020-07-29,SPY Component Report QCOM,SPY Component Report
2020-07-29,SPY Component Report RJF,SPY Component Report
2020-07-29,SPY Component Report ROL,SPY Component Report
2020-07-29,SPY Component Report TEL,SPY Component Report
2020-07-29,SPY Component Report TROW,SPY Component Report
2020-07-29,SPY Component Report TT,SPY Component Report
2020-07-29,SPY Component Report TYL,SPY Component Report
2020-07-29,SPY Component Report URI,SPY Component Report
2020-07-29,SPY Component Report VICI,SPY Component Report
2020-07-29,US Market Summit FOMC Statement,US Market Summit FOMC
2020-07-30,SPY Component Report AAPL,SPY Component Report
2020-07-30,SPY Component Report AJG,SPY Component Report
2020-07-30,SPY Component Report AMT,SPY Component Report
2020-07-30,SPY Component Report AMZN,SPY Component Report
2020-07-30,SPY Component Report AOS,SPY Component Report
2020-07-30,SPY Component Report APO,SPY Component Report
2020-07-30,SPY Component Report APTV,SPY Component Report
2020-07-30,SPY Component Report BAX,SPY Component Report
2020-07-30,SPY Component Report BLDR,SPY Component Report
2020-07-30,SPY Component Report CARR,SPY Component Report
2020-07-30,SPY Component Report CI,SPY Component Report
2020-07-30,SPY Component Report CMCSA,SPY Component Report
2020-07-30,SPY Component Report COP,SPY Component Report
2020-07-30,SPY Component Report CPT,SPY Component Report
2020-07-30,SPY Component Report CTRA,SPY Component Report
2020-07-30,SPY Component Report DD,SPY Component Report
2020-07-30,SPY Component Report DECK,SPY Component Report
2020-07-30,SPY Component Report DLR,SPY Component Report
2020-07-30,SPY Component Report DVA,SPY Component Report
2020-07-30,SPY Component Report EA,SPY Component Report
2020-07-30,SPY Component Report ERIE,SPY Component Report
2020-07-30,SPY Component Report ES,SPY Component Report
2020-07-30,SPY Component Report EXPE,SPY Component Report
2020-07-30,SPY Component Report F,SPY Component Report
2020-07-30,SPY Component Report GILD,SPY Component Report
2020-07-30,SPY Component Report GNRC,SPY Component Report
2020-07-30,SPY Component Report GOOG,SPY Component Report
2020-07-30,SPY Component Report GOOGL,SPY Component Report
2020-07-30,SPY Component Report GPC,SPY Component Report
2020-07-30,SPY Component Report HIG,SPY Component Report
2020-07-30,SPY Component Report HST,SPY Component Report
2020-07-30,SPY Component Report HUBB,SPY Component Report
2020-07-30,SPY Component Report ICE,SPY Component Report
2020-07-30,SPY Component Report IP,SPY Component Report
2020-07-30,SPY Component Report K,SPY Component Report
2020-07-30,SPY Component Report KDP,SPY Component Report
2020-07-30,SPY Component Report KHC,SPY Component Report
2020-07-30,SPY Component Report LKQ,SPY Component Report
2020-07-30,SPY Component Report LLY,SPY Component Report
2020-07-30,SPY Component Report MA,SPY Component Report
2020-07-30,SPY Component Report MAS,SPY Component Report
2020-07-30,SPY Component Report MCO,SPY Component Report
2020-07-30,SPY Component Report META,SPY Component Report
2020-07-30,SPY Component Report MGM,SPY Component Report
2020-07-30,SPY Component Report MMC,SPY Component Report
2020-07-30,SPY Component Report MOH,SPY Component Report
2020-07-30,SPY Component Report MTD,SPY Component Report
2020-07-30,SPY Component Report NEM,SPY Component Report
2020-07-30,SPY Component Report NOC,SPY Component Report
2020-07-30,SPY Component Report ODFL,SPY Component Report
2020-07-30,SPY Component Report PCG,SPY Component Report
2020-07-30,SPY Component Report PG,SPY Component Report
2020-07-30,SPY Component Report SO,SPY Component Report
2020-07-30,SPY Component Report SWK,SPY Component Report
2020-07-30,SPY Component Report SYK,SPY Component Report
2020-07-30,SPY Component Report TAP,SPY Component Report
2020-07-30,SPY Component Report TPL,SPY Component Report
2020-07-30,SPY Component Report TXT,SPY Component Report
2020-07-30,SPY Component Report UPS,SPY Component Report
2020-07-30,SPY Component Report VLO,SPY Component Report
2020-07-30,SPY Component Report VRTX,SPY Component Report
2020-07-30,SPY Component Report WM,SPY Component Report
2020-07-30,SPY Component Report WTW,SPY Component Report
2020-07-30,SPY Component Report XEL,SPY Component Report
2020-07-30,SPY Component Report XYL,SPY Component Report
2020-07-30,SPY Component Report YUM,SPY Component Report
2020-07-31,PCE Release for June 2020 and Annual Update,PCE Release
2020-07-31,SPY Component Report ABBV,SPY Component Report
2020-07-31,SPY Component Report AON,SPY Component Report
2020-07-31,SPY Component Report CAT,SPY Component Report
2020-07-31,SPY Component Report CBOE,SPY Component Report
2020-07-31,SPY Component Report CBRE,SPY Component Report
2020-07-31,SPY Component Report CHD,SPY Component Report
2020-07-31,SPY Component Report CHTR,SPY Component Report
2020-07-31,SPY Component Report CL,SPY Component Report
2020-07-31,SPY Component Report CVX,SPY Component Report
2020-07-31,SPY Component Report D,SPY Component Report
2020-07-31,SPY Component Report IDXX,SPY Component Report
2020-07-31,SPY Component Report ITW,SPY Component Report
2020-07-31,SPY Component Report JCI,SPY Component Report
2020-07-31,SPY Component Report LHX,SPY Component Report
2020-07-31,SPY Component Report LIN,SPY Component Report
2020-07-31,SPY Component Report LYB,SPY Component Report
2020-07-31,SPY Component Report MRK,SPY Component Report
2020-07-31,SPY Component Report PEG,SPY Component Report
2020-07-31,SPY Component Report PSX,SPY Component Report
2020-07-31,SPY Component Report SNA,SPY Component Report
2020-07-31,SPY Component Report WY,SPY Component Report
2020-07-31,SPY Component Report XOM,SPY Component Report
2020-08-03,SPY Component Report AIG,SPY Component Report
2020-08-03,SPY Component Report CLX,SPY Component Report
2020-08-03,SPY Component Report CMS,SPY Component Report
2020-08-03,SPY Component Report EMN,SPY Component Report
2020-08-03,SPY Component Report ESS,SPY Component Report
2020-08-03,SPY Component Report FANG,SPY Component Report
2020-08-03,SPY Component Report GPN,SPY Component Report
2020-08-03,SPY Component Report INVH,SPY Component Report
2020-08-03,SPY Component Report IR,SPY Component Report
2020-08-03,SPY Component Report J,SPY Component Report
2020-08-03,SPY Component Report KLAC,SPY Component Report
2020-08-03,SPY Component Report MCK,SPY Component Report
2020-08-03,SPY Component Report MOS,SPY Component Report
2020-08-03,SPY Component Report MPC,SPY Component Report
2020-08-03,SPY Component Report O,SPY Component Report
2020-08-03,SPY Component Report REG,SPY Component Report
2020-08-03,SPY Component Report SBAC,SPY Component Report
2020-08-03,SPY Component Report STE,SPY Component Report
2020-08-03,SPY Component Report TSN,SPY Component Report
2020-08-03,SPY Component Report TTWO,SPY Component Report
2020-08-03,SPY Component Report WMB,SPY Component Report
2020-08-04,SPY Component Report AIZ,SPY Component Report
2020-08-04,SPY Component Report ALL,SPY Component Report
2020-08-04,SPY Component Report AME,SPY Component Report
2020-08-04,SPY Component Report ANET,SPY Component Report
2020-08-04,SPY Component Report DIS,SPY Component Report
2020-08-04,SPY Component Report DOC,SPY Component Report
2020-08-04,SPY Component Report DVN,SPY Component Report
2020-08-04,SPY Component Report EMR,SPY Component Report
2020-08-04,SPY Component Report ENPH,SPY Component Report
2020-08-04,SPY Component Report EXC,SPY Component Report
2020-08-04,SPY Component Report EXPD,SPY Component Report
2020-08-04,SPY Component Report EXR,SPY Component Report
2020-08-04,SPY Component Report FIS,SPY Component Report
2020-08-04,SPY Component Report FOXA,SPY Component Report
2020-08-04,SPY Component Report HSIC,SPY Component Report
2020-08-04,SPY Component Report INCY,SPY Component Report
2020-08-04,SPY Component Report IT,SPY Component Report
2020-08-04,SPY Component Report KKR,SPY Component Report
2020-08-04,SPY Component Report LDOS,SPY Component Report
2020-08-04,SPY Component Report MCHP,SPY Component Report
2020-08-04,SPY Component Report MNST,SPY Component Report
2020-08-04,SPY Component Report MTCH,SPY Component Report
2020-08-04,SPY Component Report PAYC,SPY Component Report
2020-08-04,SPY Component Report PRU,SPY Component Report
2020-08-04,SPY Component Report RL,SPY Component Report
2020-08-04,SPY Component Report TDG,SPY Component Report
2020-08-04,SPY Component Report TECH,SPY Component Report
2020-08-04,SPY Component Report VMC,SPY Component Report
2020-08-04,SPY Component Report VRSK,SPY Component Report
2020-08-04,SPY Component Report WEC,SPY Component Report
2020-08-04,SPY Component Report WYNN,SPY Component Report
2020-08-04,SPY Component Report ZBH,SPY Component Report
2020-08-05,SPY Component Report ALB,SPY Component Report
2020-08-05,SPY Component Report ANSS,SPY Component Report
2020-08-05,SPY Component Report ATO,SPY Component Report
2020-08-05,SPY Component Report AWK,SPY Component Report
2020-08-05,SPY Component Report CDW,SPY Component Report
2020-08-05,SPY Component Report CF,SPY Component Report
2020-08-05,SPY Component Report COR,SPY Component Report
2020-08-05,SPY Component Report CRL,SPY Component Report
2020-08-05,SPY Component Report CTVA,SPY Component Report
2020-08-05,SPY Component Report CVS,SPY Component Report
2020-08-05,SPY Component Report DAY,SPY Component Report
2020-08-05,SPY Component Report EG,SPY Component Report
2020-08-05,SPY Component Report EVRG,SPY Component Report
2020-08-05,SPY Component Report FI,SPY Component Report
2020-08-05,SPY Component Report FRT,SPY Component Report
2020-08-05,SPY Component Report GDDY,SPY Component Report
2020-08-05,SPY Component Report HUM,SPY Component Report
2020-08-05,SPY Component Report LYV,SPY Component Report
2020-08-05,SPY Component Report MET,SPY Component Report
2020-08-05,SPY Component Report MRNA,SPY Component Report
2020-08-05,SPY Component Report NI,SPY Component Report
2020-08-05,SPY Component Report PSA,SPY Component Report
2020-08-05,SPY Component Report REGN,SPY Component Report
2020-08-05,SPY Component Report RMD,SPY Component Report
2020-08-05,SPY Component Report SRE,SPY Component Report
2020-08-05,SPY Component Report TRMB,SPY Component Report
2020-08-05,SPY Component Report VST,SPY Component Report
2020-08-05,SPY Component Report WBD,SPY Component Report
2020-08-05,SPY Component Report WDC,SPY Component Report
2020-08-05,SPY Component Report WELL,SPY Component Report
2020-08-06,SPY Component Report AEE,SPY Component Report
2020-08-06,SPY Component Report AEP,SPY Component Report
2020-08-06,SPY Component Report AES,SPY Component Report
2020-08-06,SPY Component Report AXON,SPY Component Report
2020-08-06,SPY Component Report BALL,SPY Component Report
2020-08-06,SPY Component Report BDX,SPY Component Report
2020-08-06,SPY Component Report BKNG,SPY Component Report
2020-08-06,SPY Component Report BMY,SPY Component Report
2020-08-06,SPY Component Report CAH,SPY Component Report
2020-08-06,SPY Component Report CNP,SPY Component Report
2020-08-06,SPY Component Report CPAY,SPY Component Report
2020-08-06,SPY Component Report CZR,SPY Component Report
2020-08-06,SPY Component Report ED,SPY Component Report
2020-08-06,SPY Component Report EOG,SPY Component Report
2020-08-06,SPY Component Report EPAM,SPY Component Report
2020-08-06,SPY Component Report FSLR,SPY Component Report
2020-08-06,SPY Component Report FTNT,SPY Component Report
2020-08-06,SPY Component Report GEN,SPY Component Report
2020-08-06,SPY Component Report HII,SPY Component Report
2020-08-06,SPY Component Report HLT,SPY Component Report
2020-08-06,SPY Component Report HWM,SPY Component Report
2020-08-06,SPY Component Report IRM,SPY Component Report
2020-08-06,SPY Component Report LNT,SPY Component Report
2020-08-06,SPY Component Report MHK,SPY Component Report
2020-08-06,SPY Component Report MSI,SPY Component Report
2020-08-06,SPY Component Report NCLH,SPY Component Report
2020-08-06,SPY Component Report NRG,SPY Component Report
2020-08-06,SPY Component Report NWS,SPY Component Report
2020-08-06,SPY Component Report NWSA,SPY Component Report
2020-08-06,SPY Component Report PARA,SPY Component Report
2020-08-06,SPY Component Report PH,SPY Component Report
2020-08-06,SPY Component Report PNW,SPY Component Report
2020-08-06,SPY Component Report PODD,SPY Component Report
2020-08-06,SPY Component Report PWR,SPY Component Report
2020-08-06,SPY Component Report RSG,SPY Component Report
2020-08-06,SPY Component Report TMUS,SPY Component Report
2020-08-06,SPY Component Report TRGP,SPY Component Report
2020-08-06,SPY Component Report UBER,SPY Component Report
2020-08-06,SPY Component Report VTRS,SPY Component Report
2020-08-06,SPY Component Report ZTS,SPY Component Report
2020-08-07,NFP Release,NFP Release
2020-08-07,SPY Component Report KIM,SPY Component Report
2020-08-07,SPY Component Report VTR,SPY Component Report
2020-08-08,SPY Component Report BRK-B,SPY Component Report
2020-08-08,SPY Component Report ON,SPY Component Report
2020-08-10,SPY Component Report DUK,SPY Component Report
2020-08-10,SPY Component Report IFF,SPY Component Report
2020-08-10,SPY Component Report MAR,SPY Component Report
2020-08-10,SPY Component Report OXY,SPY Component Report
2020-08-10,SPY Component Report PPL,SPY Component Report
2020-08-10,SPY Component Report RCL,SPY Component Report
2020-08-10,SPY Component Report SPG,SPY Component Report
2020-08-11,SPY Component Report BR,SPY Component Report
2020-08-11,SPY Component Report SMCI,SPY Component Report
2020-08-11,SPY Component Report SYY,SPY Component Report
2020-08-11,US Presidential Election Kamala Harris VP pick,US Presidential Election
2020-08-12,CPI Release,CPI Release
2020-08-12,SPY Component Report CSCO,SPY Component Report
2020-08-13,SPY Component Report AMAT,SPY Component Report
2020-08-13,SPY Component Report TPR,SPY Component Report
2020-08-18,SPY Component Report A,SPY Component Report
2020-08-18,SPY Component Report AMCR,SPY Component Report
2020-08-18,SPY Component Report HD,SPY Component Report
2020-08-18,SPY Component Report JKHY,SPY Component Report
2020-08-18,SPY Component Report WMT,SPY Component Report
2020-08-19,SPY Component Report ADI,SPY Component Report
2020-08-19,SPY Component Report LOW,SPY Component Report
2020-08-19,SPY Component Report NDSN,SPY Component Report
2020-08-19,SPY Component Report NVDA,SPY Component Report
2020-08-19,SPY Component Report SNPS,SPY Component Report
2020-08-19,SPY Component Report TGT,SPY Component Report
2020-08-19,SPY Component Report TJX,SPY Component Report
2020-08-20,SPY Component Report EL,SPY Component Report
2020-08-20,SPY Component Report KEYS,SPY Component Report
2020-08-20,SPY Component Report ROST,SPY Component Report
2020-08-20,US Presidential Election DNC convention (Biden nominated),US Presidential Election
2020-08-21,SPY Component Report DE,SPY Component Report
2020-08-24,SPY Component Report PANW,SPY Component Report
2020-08-25,SPY Component Report ADSK,SPY Component Report
2020-08-25,SPY Component Report BBY,SPY Component Report
2020-08-25,SPY Component Report CRM,SPY Component Report
2020-08-25,SPY Component Report HPE,SPY Component Report
2020-08-25,SPY Component Report HRL,SPY Component Report
2020-08-25,SPY Component Report INTU,SPY Component Report
2020-08-25,SPY Component Report MDT,SPY Component Report
2020-08-25,SPY Component Report SJM,SPY Component Report
2020-08-26,SPY Component Report NTAP,SPY Component Report
2020-08-26,SPY Component Report WSM,SPY Component Report
2020-08-27,SPY Component Report DELL,SPY Component Report
2020-08-27,SPY Component Report DG,SPY Component Report
2020-08-27,SPY Component Report DLTR,SPY Component Report
2020-08-27,SPY Component Report HPQ,SPY Component Report
2020-08-27,SPY Component Report ULTA,SPY Component Report
2020-08-27,SPY Component Report WDAY,SPY Component Report
2020-08-27,US Presidential Election RNC convention (Trump nominated),US Presidential Election
2020-08-28,PCE Release for July 2020,PCE Release
2020-09-01,SPY Component Report CPRT,SPY Component Report
2020-09-01,SPY Component Report CRWD,SPY Component Report
2020-09-02,SPY Component Report BF-B,SPY Component Report
2020-09-02,SPY Component Report CPB,SPY Component Report
2020-09-03,SPY Component Report AVGO,SPY Component Report
2020-09-03,SPY Component Report COO,SPY Component Report
2020-09-04,NFP Release,NFP Release
2020-09-07,US Holiday Labor Day,US Holiday
2020-09-08,SPY Component Report LULU,SPY Component Report
2020-09-10,SPY Component Report ORCL,SPY Component Report
2020-09-11,CPI Release,CPI Release
2020-09-11,SPY Component Report KR,SPY Component Report
2020-09-14,SPY Component Report LEN,SPY Component Report
2020-09-15,SPY Component Report ADBE,SPY Component Report
2020-09-15,SPY Component Report FDX,SPY Component Report
2020-09-16,US Market Summit FOMC w/ SEP,US Market Summit FOMC
2020-09-18,SPY OpEx Quarterly,SPY OpEx Quarterly
2020-09-22,SPY Component Report AZO,SPY Component Report
2020-09-22,SPY Component Report NKE,SPY Component Report
2020-09-23,SPY Component Report CTAS,SPY Component Report
2020-09-23,SPY Component Report GIS,SPY Component Report
2020-09-24,SPY Component Report ACN,SPY Component Report
2020-09-24,SPY Component Report COST,SPY Component Report
2020-09-24,SPY Component Report DRI,SPY Component Report
2020-09-24,SPY Component Report FDS,SPY Component Report
2020-09-24,SPY Component Report JBL,SPY Component Report
2020-09-24,SPY Component Report KMX,SPY Component Report
2020-09-29,SPY Component Report MKC,SPY Component Report
2020-09-29,SPY Component Report MU,SPY Component Report
2020-09-29,US Presidential Election First presidential debate,US Presidential Election
2020-10-01,Chinese Holiday National Day,Chinese Holiday
2020-10-01,PCE Release for August 2020,PCE Release
2020-10-01,SPY Component Report CAG,SPY Component Report
2020-10-01,SPY Component Report PEP,SPY Component Report
2020-10-01,SPY Component Report STZ,SPY Component Report
2020-10-02,Chinese Holiday National Day,Chinese Holiday
2020-10-02,NFP Release,NFP Release
2020-10-03,Chinese Holiday National Day,Chinese Holiday
2020-10-05,Chinese Holiday National Day,Chinese Holiday
2020-10-06,Chinese Holiday Mid-Autumn Festival,Chinese Holiday
2020-10-06,SPY Component Report PAYX,SPY Component Report
2020-10-07,Chinese Holiday Rest Day,Chinese Holiday
2020-10-07,SPY Component Report LW,SPY Component Report
2020-10-07,US Presidential Election Vice-presidential debate,US Presidential Election
2020-10-08,Chinese Holiday Rest Day,Chinese Holiday
2020-10-08,SPY Component Report CCL,SPY Component Report
2020-10-08,SPY Component Report DPZ,SPY Component Report
2020-10-12,US Holiday Columbus Day,US Holiday
2020-10-13,CPI Release,CPI Release
2020-10-13,SPY Component Report C,SPY Component Report
2020-10-13,SPY Component Report DAL,SPY Component Report
2020-10-13,SPY Component Report FAST,SPY Component Report
2020-10-13,SPY Component Report JNJ,SPY Component Report
2020-10-13,SPY Component Report JPM,SPY Component Report
2020-10-14,SPY Component Report BAC,SPY Component Report
2020-10-14,SPY Component Report GS,SPY Component Report
2020-10-14,SPY Component Report PGR,SPY Component Report
2020-10-14,SPY Component Report PNC,SPY Component Report
2020-10-14,SPY Component Report UAL,SPY Component Report
2020-10-14,SPY Component Report UNH,SPY Component Report
2020-10-14,SPY Component Report USB,SPY Component Report
2020-10-14,SPY Component Report WFC,SPY Component Report
2020-10-15,SPY Component Report ISRG,SPY Component Report
2020-10-15,SPY Component Report MS,SPY Component Report
2020-10-15,SPY Component Report SCHW,SPY Component Report
2020-10-15,SPY Component Report TFC,SPY Component Report
2020-10-15,SPY Component Report WBA,SPY Component Report
2020-10-16,SPY Component Report BK,SPY Component Report
2020-10-16,SPY Component Report CFG,SPY Component Report
2020-10-16,SPY Component Report JBHT,SPY Component Report
2020-10-16,SPY Component Report SLB,SPY Component Report
2020-10-16,SPY Component Report STT,SPY Component Report
2020-10-19,SPY Component Report CDNS,SPY Component Report
2020-10-19,SPY Component Report HAL,SPY Component Report
2020-10-19,SPY Component Report IBM,SPY Component Report
2020-10-19,SPY Component Report LII,SPY Component Report
2020-10-19,SPY Component Report PPG,SPY Component Report
2020-10-19,SPY Component Report STLD,SPY Component Report
2020-10-20,SPY Component Report DOV,SPY Component Report
2020-10-20,SPY Component Report IQV,SPY Component Report
2020-10-20,SPY Component Report LMT,SPY Component Report
2020-10-20,SPY Component Report NFLX,SPY Component Report
2020-10-20,SPY Component Report NVR,SPY Component Report
2020-10-20,SPY Component Report PCAR,SPY Component Report
2020-10-20,SPY Component Report PG,SPY Component Report
2020-10-20,SPY Component Report PLD,SPY Component Report
2020-10-20,SPY Component Report PM,SPY Component Report
2020-10-20,SPY Component Report PNR,SPY Component Report
2020-10-20,SPY Component Report RF,SPY Component Report
2020-10-20,SPY Component Report SYF,SPY Component Report
2020-10-20,SPY Component Report TER,SPY Component Report
2020-10-20,SPY Component Report TRV,SPY Component Report
2020-10-20,SPY Component Report TXN,SPY Component Report
2020-10-20,SPY Component Report WRB,SPY Component Report
2020-10-21,SPY Component Report ABT,SPY Component Report
2020-10-21,SPY Component Report ALGN,SPY Component Report
2020-10-21,SPY Component Report APH,SPY Component Report
2020-10-21,SPY Component Report AVY,SPY Component Report
2020-10-21,SPY Component Report BIIB,SPY Component Report
2020-10-21,SPY Component Report BKR,SPY Component Report
2020-10-21,SPY Component Report CCI,SPY Component Report
2020-10-21,SPY Component Report CMG,SPY Component Report
2020-10-21,SPY Component Report CSX,SPY Component Report
2020-10-21,SPY Component Report EFX,SPY Component Report
2020-10-21,SPY Component Report EW,SPY Component Report
2020-10-21,SPY Component Report GL,SPY Component Report
2020-10-21,SPY Component Report IPG,SPY Component Report
2020-10-21,SPY Component Report KEY,SPY Component Report
2020-10-21,SPY Component Report KMI,SPY Component Report
2020-10-21,SPY Component Report LRCX,SPY Component Report
2020-10-21,SPY Component Report LVS,SPY Component Report
2020-10-21,SPY Component Report NDAQ,SPY Component Report
2020-10-21,SPY Component Report NEE,SPY Component Report
2020-10-21,SPY Component Report NTRS,SPY Component Report
2020-10-21,SPY Component Report TDY,SPY Component Report
2020-10-21,SPY Component Report TMO,SPY Component Report
2020-10-21,SPY Component Report TSLA,SPY Component Report
2020-10-21,SPY Component Report VZ,SPY Component Report
2020-10-22,SPY Component Report AEP,SPY Component Report
2020-10-22,SPY Component Report ALLE,SPY Component Report
2020-10-22,SPY Component Report COF,SPY Component Report
2020-10-22,SPY Component Report DGX,SPY Component Report
2020-10-22,SPY Component Report DHR,SPY Component Report
2020-10-22,SPY Component Report DOW,SPY Component Report
2020-10-22,SPY Component Report EQT,SPY Component Report
2020-10-22,SPY Component Report FCX,SPY Component Report
2020-10-22,SPY Component Report FITB,SPY Component Report
2020-10-22,SPY Component Report GPC,SPY Component Report
2020-10-22,SPY Component Report GWW,SPY Component Report
2020-10-22,SPY Component Report HBAN,SPY Component Report
2020-10-22,SPY Component Report INTC,SPY Component Report
2020-10-22,SPY Component Report KMB,SPY Component Report
2020-10-22,SPY Component Report KO,SPY Component Report
2020-10-22,SPY Component Report LUV,SPY Component Report
2020-10-22,SPY Component Report MTB,SPY Component Report
2020-10-22,SPY Component Report NOC,SPY Component Report
2020-10-22,SPY Component Report NUE,SPY Component Report
2020-10-22,SPY Component Report PHM,SPY Component Report
2020-10-22,SPY Component Report POOL,SPY Component Report
2020-10-22,SPY Component Report SNA,SPY Component Report
2020-10-22,SPY Component Report STX,SPY Component Report
2020-10-22,SPY Component Report T,SPY Component Report
2020-10-22,SPY Component Report TSCO,SPY Component Report
2020-10-22,SPY Component Report UNP,SPY Component Report
2020-10-22,SPY Component Report VLO,SPY Component Report
2020-10-22,SPY Component Report VRSN,SPY Component Report
2020-10-22,SPY Component Report WST,SPY Component Report
2020-10-22,US Presidential Election Final presidential debate,US Presidential Election
2020-10-23,SPY Component Report AXP,SPY Component Report
2020-10-23,SPY Component Report ITW,SPY Component Report
2020-10-26,SPY Component Report ARE,SPY Component Report
2020-10-26,SPY Component Report BRO,SPY Component Report
2020-10-26,SPY Component Report CINF,SPY Component Report
2020-10-26,SPY Component Report FFIV,SPY Component Report
2020-10-26,SPY Component Report HAS,SPY Component Report
2020-10-26,SPY Component Report HCA,SPY Component Report
2020-10-26,SPY Component Report NXPI,SPY Component Report
2020-10-26,SPY Component Report OTIS,SPY Component Report
2020-10-26,SPY Component Report PFG,SPY Component Report
2020-10-26,SPY Component Report PKG,SPY Component Report
2020-10-27,SPY Component Report AFL,SPY Component Report
2020-10-27,SPY Component Report AKAM,SPY Component Report
2020-10-27,SPY Component Report AMD,SPY Component Report
2020-10-27,SPY Component Report BEN,SPY Component Report
2020-10-27,SPY Component Report BXP,SPY Component Report
2020-10-27,SPY Component Report CAT,SPY Component Report
2020-10-27,SPY Component Report CB,SPY Component Report
2020-10-27,SPY Component Report CHRW,SPY Component Report
2020-10-27,SPY Component Report CMI,SPY Component Report
2020-10-27,SPY Component Report CNC,SPY Component Report
2020-10-27,SPY Component Report CSGP,SPY Component Report
2020-10-27,SPY Component Report DTE,SPY Component Report
2020-10-27,SPY Component Report DXCM,SPY Component Report
2020-10-27,SPY Component Report ECL,SPY Component Report
2020-10-27,SPY Component Report EIX,SPY Component Report
2020-10-27,SPY Component Report ENPH,SPY Component Report
2020-10-27,SPY Component Report EQR,SPY Component Report
2020-10-27,SPY Component Report FI,SPY Component Report
2020-10-27,SPY Component Report FSLR,SPY Component Report
2020-10-27,SPY Component Report FTV,SPY Component Report
2020-10-27,SPY Component Report GLW,SPY Component Report
2020-10-27,SPY Component Report HUBB,SPY Component Report
2020-10-27,SPY Component Report IEX,SPY Component Report
2020-10-27,SPY Component Report IVZ,SPY Component Report
2020-10-27,SPY Component Report JNPR,SPY Component Report
2020-10-27,SPY Component Report LH,SPY Component Report
2020-10-27,SPY Component Report LLY,SPY Component Report
2020-10-27,SPY Component Report MKTX,SPY Component Report
2020-10-27,SPY Component Report MMM,SPY Component Report
2020-10-27,SPY Component Report MRK,SPY Component Report
2020-10-27,SPY Component Report MSCI,SPY Component Report
2020-10-27,SPY Component Report MSFT,SPY Component Report
2020-10-27,SPY Component Report ODFL,SPY Component Report
2020-10-27,SPY Component Report OKE,SPY Component Report
2020-10-27,SPY Component Report OMC,SPY Component Report
2020-10-27,SPY Component Report PFE,SPY Component Report
2020-10-27,SPY Component Report ROP,SPY Component Report
2020-10-27,SPY Component Report RTX,SPY Component Report
2020-10-27,SPY Component Report SHW,SPY Component Report
2020-10-27,SPY Component Report SPGI,SPY Component Report
2020-10-27,SPY Component Report SWK,SPY Component Report
2020-10-27,SPY Component Report WAT,SPY Component Report
2020-10-28,SPY Component Report ADP,SPY Component Report
2020-10-28,SPY Component Report AMGN,SPY Component Report
2020-10-28,SPY Component Report AMP,SPY Component Report
2020-10-28,SPY Component Report AVB,SPY Component Report
2020-10-28,SPY Component Report BA,SPY Component Report
2020-10-28,SPY Component Report BG,SPY Component Report
2020-10-28,SPY Component Report BSX,SPY Component Report
2020-10-28,SPY Component Report BX,SPY Component Report
2020-10-28,SPY Component Report CME,SPY Component Report
2020-10-28,SPY Component Report CTSH,SPY Component Report
2020-10-28,SPY Component Report EBAY,SPY Component Report
2020-10-28,SPY Component Report ELV,SPY Component Report
2020-10-28,SPY Component Report EQIX,SPY Component Report
2020-10-28,SPY Component Report ESS,SPY Component Report
2020-10-28,SPY Component Report ETR,SPY Component Report
2020-10-28,SPY Component Report F,SPY Component Report
2020-10-28,SPY Component Report GD,SPY Component Report
2020-10-28,SPY Component Report GE,SPY Component Report
2020-10-28,SPY Component Report GILD,SPY Component Report
2020-10-28,SPY Component Report GNRC,SPY Component Report
2020-10-28,SPY Component Report GRMN,SPY Component Report
2020-10-28,SPY Component Report HES,SPY Component Report
2020-10-28,SPY Component Report INVH,SPY Component Report
2020-10-28,SPY Component Report KLAC,SPY Component Report
2020-10-28,SPY Component Report MA,SPY Component Report
2020-10-28,SPY Component Report MAA,SPY Component Report
2020-10-28,SPY Component Report MAS,SPY Component Report
2020-10-28,SPY Component Report MOH,SPY Component Report
2020-10-28,SPY Component Report NOW,SPY Component Report
2020-10-28,SPY Component Report NSC,SPY Component Report
2020-10-28,SPY Component Report ORLY,SPY Component Report
2020-10-28,SPY Component Report PTC,SPY Component Report
2020-10-28,SPY Component Report RJF,SPY Component Report
2020-10-28,SPY Component Report ROL,SPY Component Report
2020-10-28,SPY Component Report RVTY,SPY Component Report
2020-10-28,SPY Component Report TEL,SPY Component Report
2020-10-28,SPY Component Report TT,SPY Component Report
2020-10-28,SPY Component Report UPS,SPY Component Report
2020-10-28,SPY Component Report URI,SPY Component Report
2020-10-28,SPY Component Report V,SPY Component Report
2020-10-28,SPY Component Report VICI,SPY Component Report
2020-10-28,SPY Component Report WDC,SPY Component Report
2020-10-28,SPY Component Report WELL,SPY Component Report
2020-10-29,SPY Component Report AAPL,SPY Component Report
2020-10-29,SPY Component Report ACGL,SPY Component Report
2020-10-29,SPY Component Report ADM,SPY Component Report
2020-10-29,SPY Component Report AJG,SPY Component Report
2020-10-29,SPY Component Report AME,SPY Component Report
2020-10-29,SPY Component Report AMT,SPY Component Report
2020-10-29,SPY Component Report AMZN,SPY Component Report
2020-10-29,SPY Component Report AOS,SPY Component Report
2020-10-29,SPY Component Report APO,SPY Component Report
2020-10-29,SPY Component Report APTV,SPY Component Report
2020-10-29,SPY Component Report BAX,SPY Component Report
2020-10-29,SPY Component Report BLDR,SPY Component Report
2020-10-29,SPY Component Report CARR,SPY Component Report
2020-10-29,SPY Component Report CBRE,SPY Component Report
2020-10-29,SPY Component Report CHD,SPY Component Report
2020-10-29,SPY Component Report CMCSA,SPY Component Report
2020-10-29,SPY Component Report CMS,SPY Component Report
2020-10-29,SPY Component Report COP,SPY Component Report
2020-10-29,SPY Component Report CPT,SPY Component Report
2020-10-29,SPY Component Report CRL,SPY Component Report
2020-10-29,SPY Component Report CTRA,SPY Component Report
2020-10-29,SPY Component Report DD,SPY Component Report
2020-10-29,SPY Component Report DECK,SPY Component Report
2020-10-29,SPY Component Report DLR,SPY Component Report
2020-10-29,SPY Component Report DVA,SPY Component Report
2020-10-29,SPY Component Report DVN,SPY Component Report
2020-10-29,SPY Component Report EG,SPY Component Report
2020-10-29,SPY Component Report EMN,SPY Component Report
2020-10-29,SPY Component Report ERIE,SPY Component Report
2020-10-29,SPY Component Report FIS,SPY Component Report
2020-10-29,SPY Component Report FTNT,SPY Component Report
2020-10-29,SPY Component Report GOOG,SPY Component Report
2020-10-29,SPY Component Report GOOGL,SPY Component Report
2020-10-29,SPY Component Report GPN,SPY Component Report
2020-10-29,SPY Component Report HIG,SPY Component Report
2020-10-29,SPY Component Report ICE,SPY Component Report
2020-10-29,SPY Component Report IDXX,SPY Component Report
2020-10-29,SPY Component Report IP,SPY Component Report
2020-10-29,SPY Component Report KDP,SPY Component Report
2020-10-29,SPY Component Report KHC,SPY Component Report
2020-10-29,SPY Component Report LKQ,SPY Component Report
2020-10-29,SPY Component Report MCO,SPY Component Report
2020-10-29,SPY Component Report META,SPY Component Report
2020-10-29,SPY Component Report MGM,SPY Component Report
2020-10-29,SPY Component Report MHK,SPY Component Report
2020-10-29,SPY Component Report MLM,SPY Component Report
2020-10-29,SPY Component Report MMC,SPY Component Report
2020-10-29,SPY Component Report MPWR,SPY Component Report
2020-10-29,SPY Component Report MRNA,SPY Component Report
2020-10-29,SPY Component Report MSI,SPY Component Report
2020-10-29,SPY Component Report NEM,SPY Component Report
2020-10-29,SPY Component Report PCG,SPY Component Report
2020-10-29,SPY Component Report PWR,SPY Component Report
2020-10-29,SPY Component Report RCL,SPY Component Report
2020-10-29,SPY Component Report RL,SPY Component Report
2020-10-29,SPY Component Report RMD,SPY Component Report
2020-10-29,SPY Component Report SBUX,SPY Component Report
2020-10-29,SPY Component Report SO,SPY Component Report
2020-10-29,SPY Component Report SYK,SPY Component Report
2020-10-29,SPY Component Report TAP,SPY Component Report
2020-10-29,SPY Component Report TPR,SPY Component Report
2020-10-29,SPY Component Report TROW,SPY Component Report
2020-10-29,SPY Component Report TXT,SPY Component Report
2020-10-29,SPY Component Report UDR,SPY Component Report
2020-10-29,SPY Component Report UHS,SPY Component Report
2020-10-29,SPY Component Report VRTX,SPY Component Report
2020-10-29,SPY Component Report WAB,SPY Component Report
2020-10-29,SPY Component Report WTW,SPY Component Report
2020-10-29,SPY Component Report XEL,SPY Component Report
2020-10-29,SPY Component Report XYL,SPY Component Report
2020-10-29,SPY Component Report YUM,SPY Component Report
2020-10-30,PCE Release for September 2020,PCE Release
2020-10-30,SPY Component Report ABBV,SPY Component Report
2020-10-30,SPY Component Report AON,SPY Component Report
2020-10-30,SPY Component Report BR,SPY Component Report
2020-10-30,SPY Component Report CBOE,SPY Component Report
2020-10-30,SPY Component Report CHTR,SPY Component Report
2020-10-30,SPY Component Report CL,SPY Component Report
2020-10-30,SPY Component Report CVX,SPY Component Report
2020-10-30,SPY Component Report HON,SPY Component Report
2020-10-30,SPY Component Report K,SPY Component Report
2020-10-30,SPY Component Report KKR,SPY Component Report
2020-10-30,SPY Component Report LHX,SPY Component Report
2020-10-30,SPY Component Report LYB,SPY Component Report
2020-10-30,SPY Component Report MO,SPY Component Report
2020-10-30,SPY Component Report PEG,SPY Component Report
2020-10-30,SPY Component Report PNW,SPY Component Report
2020-10-30,SPY Component Report PSX,SPY Component Report
2020-10-30,SPY Component Report WY,SPY Component Report
2020-10-30,SPY Component Report XOM,SPY Component Report
2020-10-31,SPY Component Report ON,SPY Component Report
2020-11-02,SPY Component Report AIZ,SPY Component Report
2020-11-02,SPY Component Report ANET,SPY Component Report
2020-11-02,SPY Component Report CDW,SPY Component Report
2020-11-02,SPY Component Report CLX,SPY Component Report
2020-11-02,SPY Component Report DOC,SPY Component Report
2020-11-02,SPY Component Report EL,SPY Component Report
2020-11-02,SPY Component Report FANG,SPY Component Report
2020-11-02,SPY Component Report FE,SPY Component Report
2020-11-02,SPY Component Report HSIC,SPY Component Report
2020-11-02,SPY Component Report IR,SPY Component Report
2020-11-02,SPY Component Report LDOS,SPY Component Report
2020-11-02,SPY Component Report LNT,SPY Component Report
2020-11-02,SPY Component Report MDLZ,SPY Component Report
2020-11-02,SPY Component Report MPC,SPY Component Report
2020-11-02,SPY Component Report NI,SPY Component Report
2020-11-02,SPY Component Report O,SPY Component Report
2020-11-02,SPY Component Report PYPL,SPY Component Report
2020-11-02,SPY Component Report SBAC,SPY Component Report
2020-11-02,SPY Component Report STE,SPY Component Report
2020-11-02,SPY Component Report SWKS,SPY Component Report
2020-11-02,SPY Component Report TPL,SPY Component Report
2020-11-02,SPY Component Report WM,SPY Component Report
2020-11-02,SPY Component Report WMB,SPY Component Report
2020-11-03,SPY Component Report EMR,SPY Component Report
2020-11-03,SPY Component Report ES,SPY Component Report
2020-11-03,SPY Component Report ETN,SPY Component Report
2020-11-03,SPY Component Report EXC,SPY Component Report
2020-11-03,SPY Component Report EXPD,SPY Component Report
2020-11-03,SPY Component Report FOXA,SPY Component Report
2020-11-03,SPY Component Report HUM,SPY Component Report
2020-11-03,SPY Component Report IT,SPY Component Report
2020-11-03,SPY Component Report JCI,SPY Component Report
2020-11-03,SPY Component Report MCK,SPY Component Report
2020-11-03,SPY Component Report MOS,SPY Component Report
2020-11-03,SPY Component Report PRU,SPY Component Report
2020-11-03,SPY Component Report SMCI,SPY Component Report
2020-11-03,SPY Component Report SYY,SPY Component Report
2020-11-03,SPY Component Report WEC,SPY Component Report
2020-11-03,SPY Component Report ZBRA,SPY Component Report
2020-11-03,US Presidential Election Day 2020 (Biden wins),US Presidential Election
2020-11-04,SPY Component Report AEE,SPY Component Report
2020-11-04,SPY Component Report ALB,SPY Component Report
2020-11-04,SPY Component Report ALL,SPY Component Report
2020-11-04,SPY Component Report ANSS,SPY Component Report
2020-11-04,SPY Component Report AWK,SPY Component Report
2020-11-04,SPY Component Report CF,SPY Component Report
2020-11-04,SPY Component Report CTVA,SPY Component Report
2020-11-04,SPY Component Report EXPE,SPY Component Report
2020-11-04,SPY Component Report EXR,SPY Component Report
2020-11-04,SPY Component Report GDDY,SPY Component Report
2020-11-04,SPY Component Report HLT,SPY Component Report
2020-11-04,SPY Component Report HOLX,SPY Component Report
2020-11-04,SPY Component Report HST,SPY Component Report
2020-11-04,SPY Component Report JKHY,SPY Component Report
2020-11-04,SPY Component Report MET,SPY Component Report
2020-11-04,SPY Component Report MTCH,SPY Component Report
2020-11-04,SPY Component Report PAYC,SPY Component Report
2020-11-04,SPY Component Report PODD,SPY Component Report
2020-11-04,SPY Component Report PSA,SPY Component Report
2020-11-04,SPY Component Report QCOM,SPY Component Report
2020-11-04,SPY Component Report TRMB,SPY Component Report
2020-11-04,SPY Component Report TYL,SPY Component Report
2020-11-04,SPY Component Report VRSK,SPY Component Report
2020-11-04,SPY Component Report VST,SPY Component Report
2020-11-05,SPY Component Report AIG,SPY Component Report
2020-11-05,SPY Component Report AMCR,SPY Component Report
2020-11-05,SPY Component Report APA,SPY Component Report
2020-11-05,SPY Component Report AXON,SPY Component Report
2020-11-05,SPY Component Report BALL,SPY Component Report
2020-11-05,SPY Component Report BDX,SPY Component Report
2020-11-05,SPY Component Report BKNG,SPY Component Report
2020-11-05,SPY Component Report BMY,SPY Component Report
2020-11-05,SPY Component Report CAH,SPY Component Report
2020-11-05,SPY Component Report CI,SPY Component Report
2020-11-05,SPY Component Report CNP,SPY Component Report
2020-11-05,SPY Component Report COR,SPY Component Report
2020-11-05,SPY Component Report CPAY,SPY Component Report
2020-11-05,SPY Component Report CZR,SPY Component Report
2020-11-05,SPY Component Report D,SPY Component Report
2020-11-05,SPY Component Report DAY,SPY Component Report
2020-11-05,SPY Component Report DUK,SPY Component Report
2020-11-05,SPY Component Report EA,SPY Component Report
2020-11-05,SPY Component Report ED,SPY Component Report
2020-11-05,SPY Component Report EOG,SPY Component Report
2020-11-05,SPY Component Report EPAM,SPY Component Report
2020-11-05,SPY Component Report EVRG,SPY Component Report
2020-11-05,SPY Component Report FRT,SPY Component Report
2020-11-05,SPY Component Report GEN,SPY Component Report
2020-11-05,SPY Component Report GM,SPY Component Report
2020-11-05,SPY Component Report HII,SPY Component Report
2020-11-05,SPY Component Report INCY,SPY Component Report
2020-11-05,SPY Component Report IRM,SPY Component Report
2020-11-05,SPY Component Report KIM,SPY Component Report
2020-11-05,SPY Component Report LIN,SPY Component Report
2020-11-05,SPY Component Report LYV,SPY Component Report
2020-11-05,SPY Component Report MCHP,SPY Component Report
2020-11-05,SPY Component Report MNST,SPY Component Report
2020-11-05,SPY Component Report MTD,SPY Component Report
2020-11-05,SPY Component Report NRG,SPY Component Report
2020-11-05,SPY Component Report NWS,SPY Component Report
2020-11-05,SPY Component Report NWSA,SPY Component Report
2020-11-05,SPY Component Report PH,SPY Component Report
2020-11-05,SPY Component Report PPL,SPY Component Report
2020-11-05,SPY Component Report REG,SPY Component Report
2020-11-05,SPY Component Report REGN,SPY Component Report
2020-11-05,SPY Component Report RSG,SPY Component Report
2020-11-05,SPY Component Report SRE,SPY Component Report
2020-11-05,SPY Component Report TECH,SPY Component Report
2020-11-05,SPY Component Report TMUS,SPY Component Report
2020-11-05,SPY Component Report TRGP,SPY Component Report
2020-11-05,SPY Component Report TTWO,SPY Component Report
2020-11-05,SPY Component Report UBER,SPY Component Report
2020-11-05,SPY Component Report VMC,SPY Component Report
2020-11-05,SPY Component Report WBD,SPY Component Report
2020-11-05,SPY Component Report WYNN,SPY Component Report
2020-11-05,SPY Component Report ZTS,SPY Component Report
2020-11-05,US Market Summit FOMC Statement,US Market Summit FOMC
2020-11-06,NFP Release,NFP Release
2020-11-06,SPY Component Report AES,SPY Component Report
2020-11-06,SPY Component Report CVS,SPY Component Report
2020-11-06,SPY Component Report HSY,SPY Component Report
2020-11-06,SPY Component Report MAR,SPY Component Report
2020-11-06,SPY Component Report PARA,SPY Component Report
2020-11-06,SPY Component Report VTR,SPY Component Report
2020-11-06,SPY Component Report VTRS,SPY Component Report
2020-11-06,SPY Component Report ZBH,SPY Component Report
2020-11-07,SPY Component Report BRK-B,SPY Component Report
2020-11-09,SPY Component Report HWM,SPY Component Report
2020-11-09,SPY Component Report IFF,SPY Component Report
2020-11-09,SPY Component Report MCD,SPY Component Report
2020-11-09,SPY Component Report NCLH,SPY Component Report
2020-11-09,SPY Component Report OXY,SPY Component Report
2020-11-09,SPY Component Report SPG,SPY Component Report
2020-11-10,SPY Component Report DHI,SPY Component Report
2020-11-10,SPY Component Report FICO,SPY Component Report
2020-11-10,SPY Component Report ROK,SPY Component Report
2020-11-11,SPY Component Report APD,SPY Component Report
2020-11-11,SPY Component Report ATO,SPY Component Report
2020-11-11,US Holiday Veterans Day,US Holiday
2020-11-12,CPI Release,CPI Release
2020-11-12,SPY Component Report AMAT,SPY Component Report
2020-11-12,SPY Component Report CSCO,SPY Component Report
2020-11-12,SPY Component Report DIS,SPY Component Report
2020-11-12,SPY Component Report PLTR,SPY Component Report
2020-11-12,SPY Component Report TDG,SPY Component Report
2020-11-16,SPY Component Report PANW,SPY Component Report
2020-11-16,SPY Component Report TSN,SPY Component Report
2020-11-17,SPY Component Report HD,SPY Component Report
2020-11-17,SPY Component Report WMT,SPY Component Report
2020-11-18,SPY Component Report CPRT,SPY Component Report
2020-11-18,SPY Component Report KEYS,SPY Component Report
2020-11-18,SPY Component Report LOW,SPY Component Report
2020-11-18,SPY Component Report NVDA,SPY Component Report
2020-11-18,SPY Component Report TGT,SPY Component Report
2020-11-18,SPY Component Report TJX,SPY Component Report
2020-11-19,SPY Component Report INTU,SPY Component Report
2020-11-19,SPY Component Report ROST,SPY Component Report
2020-11-19,SPY Component Report WDAY,SPY Component Report
2020-11-19,SPY Component Report WSM,SPY Component Report
2020-11-21,US Market Summit APEC,US Market Summit APEC
2020-11-23,SPY Component Report A,SPY Component Report
2020-11-24,SPY Component Report ADI,SPY Component Report
2020-11-24,SPY Component Report ADSK,SPY Component Report
2020-11-24,SPY Component Report BBY,SPY Component Report
2020-11-24,SPY Component Report DELL,SPY Component Report
2020-11-24,SPY Component Report DLTR,SPY Component Report
2020-11-24,SPY Component Report HPQ,SPY Component Report
2020-11-24,SPY Component Report HRL,SPY Component Report
2020-11-24,SPY Component Report J,SPY Component Report
2020-11-24,SPY Component Report MDT,SPY Component Report
2020-11-24,SPY Component Report SJM,SPY Component Report
2020-11-25,PCE Release for October 2020,PCE Release
2020-11-25,SPY Component Report DE,SPY Component Report
2020-11-26,US Holiday Thanksgiving Day,US Holiday
2020-12-01,SPY Component Report CRM,SPY Component Report
2020-12-01,SPY Component Report HPE,SPY Component Report
2020-12-01,SPY Component Report NTAP,SPY Component Report
2020-12-02,SPY Component Report CRWD,SPY Component Report
2020-12-02,SPY Component Report SNPS,SPY Component Report
2020-12-03,SPY Component Report COO,SPY Component Report
2020-12-03,SPY Component Report DG,SPY Component Report
2020-12-03,SPY Component Report KR,SPY Component Report
2020-12-03,SPY Component Report ULTA,SPY Component Report
2020-12-04,NFP Release,NFP Release
2020-12-08,SPY Component Report AZO,SPY Component Report
2020-12-08,SPY Component Report BF-B,SPY Component Report
2020-12-09,SPY Component Report CPB,SPY Component Report
2020-12-10,CPI Release,CPI Release
2020-12-10,SPY Component Report ADBE,SPY Component Report
2020-12-10,SPY Component Report AVGO,SPY Component Report
2020-12-10,SPY Component Report COST,SPY Component Report
2020-12-10,SPY Component Report LULU,SPY Component Report
2020-12-10,SPY Component Report ORCL,SPY Component Report
2020-12-14,US Presidential Election Electoral College vote,US Presidential Election
2020-12-15,SPY Component Report NDSN,SPY Component Report
2020-12-16,SPY Component Report LEN,SPY Component Report
2020-12-16,US Market Summit FOMC w/ SEP,US Market Summit FOMC
2020-12-17,SPY Component Report ACN,SPY Component Report
2020-12-17,SPY Component Report FDX,SPY Component Report
2020-12-17,SPY Component Report GIS,SPY Component Report
2020-12-17,SPY Component Report JBL,SPY Component Report
2020-12-18,SPY Component Report DRI,SPY Component Report
2020-12-18,SPY Component Report NKE,SPY Component Report
2020-12-18,SPY OpEx Quarterly,SPY OpEx Quarterly
2020-12-21,SPY Component Report FDS,SPY Component Report
2020-12-22,SPY Component Report CTAS,SPY Component Report
2020-12-22,SPY Component Report KMX,SPY Component Report
2020-12-23,PCE Release for November 2020,PCE Release
2020-12-23,SPY Component Report PAYX,SPY Component Report
2020-12-25,US Holiday Christmas Day,US Holiday
2021-01-01,Chinese Holiday New Year's Day,Chinese Holiday
2021-01-01,US Holiday New Year's Day,US Holiday
2021-01-06,US Presidential Election Congress certification / Capitol riot,US Presidential Election
2021-01-07,SPY Component Report CAG,SPY Component Report
2021-01-07,SPY Component Report LW,SPY Component Report
2021-01-07,SPY Component Report MU,SPY Component Report
2021-01-07,SPY Component Report STZ,SPY Component Report
2021-01-07,SPY Component Report WBA,SPY Component Report
2021-01-08,NFP Release,NFP Release
2021-01-13,CPI Release,CPI Release
2021-01-14,SPY Component Report DAL,SPY Component Report
2021-01-15,SPY Component Report C,SPY Component Report
2021-01-15,SPY Component Report JPM,SPY Component Report
2021-01-15,SPY Component Report PNC,SPY Component Report
2021-01-15,SPY Component Report WFC,SPY Component Report
2021-01-18,US Holiday Martin Luther King Jr. Day,US Holiday
2021-01-19,SPY Component Report BAC,SPY Component Report
2021-01-19,SPY Component Report GS,SPY Component Report
2021-01-19,SPY Component Report HAL,SPY Component Report
2021-01-19,SPY Component Report JBHT,SPY Component Report
2021-01-19,SPY Component Report NFLX,SPY Component Report
2021-01-19,SPY Component Report SCHW,SPY Component Report
2021-01-19,SPY Component Report STT,SPY Component Report
2021-01-20,SPY Component Report BK,SPY Component Report
2021-01-20,SPY Component Report CFG,SPY Component Report
2021-01-20,SPY Component Report FAST,SPY Component Report
2021-01-20,SPY Component Report KMI,SPY Component Report
2021-01-20,SPY Component Report MS,SPY Component Report
2021-01-20,SPY Component Report PG,SPY Component Report
2021-01-20,SPY Component Report UAL,SPY Component Report
2021-01-20,SPY Component Report UNH,SPY Component Report
2021-01-20,SPY Component Report USB,SPY Component Report
2021-01-20,US Presidential Election Inauguration Biden 46th,US Presidential Election
2021-01-21,SPY Component Report BKR,SPY Component Report
2021-01-21,SPY Component Report CSX,SPY Component Report
2021-01-21,SPY Component Report FITB,SPY Component Report
2021-01-21,SPY Component Report IBM,SPY Component Report
2021-01-21,SPY Component Report INTC,SPY Component Report
2021-01-21,SPY Component Report ISRG,SPY Component Report
2021-01-21,SPY Component Report KEY,SPY Component Report
2021-01-21,SPY Component Report MTB,SPY Component Report
2021-01-21,SPY Component Report NTRS,SPY Component Report
2021-01-21,SPY Component Report PPG,SPY Component Report
2021-01-21,SPY Component Report STX,SPY Component Report
2021-01-21,SPY Component Report TFC,SPY Component Report
2021-01-21,SPY Component Report TRV,SPY Component Report
2021-01-21,SPY Component Report UNP,SPY Component Report
2021-01-22,SPY Component Report HBAN,SPY Component Report
2021-01-22,SPY Component Report RF,SPY Component Report
2021-01-22,SPY Component Report SLB,SPY Component Report
2021-01-25,SPY Component Report BRO,SPY Component Report
2021-01-25,SPY Component Report KMB,SPY Component Report
2021-01-25,SPY Component Report STLD,SPY Component Report
2021-01-26,SPY Component Report ADM,SPY Component Report
2021-01-26,SPY Component Report AMD,SPY Component Report
2021-01-26,SPY Component Report AXP,SPY Component Report
2021-01-26,SPY Component Report BXP,SPY Component Report
2021-01-26,SPY Component Report CCL,SPY Component Report
2021-01-26,SPY Component Report CHRW,SPY Component Report
2021-01-26,SPY Component Report COF,SPY Component Report
2021-01-26,SPY Component Report DHI,SPY Component Report
2021-01-26,SPY Component Report FCX,SPY Component Report
2021-01-26,SPY Component Report FFIV,SPY Component Report
2021-01-26,SPY Component Report GE,SPY Component Report
2021-01-26,SPY Component Report IVZ,SPY Component Report
2021-01-26,SPY Component Report JNJ,SPY Component Report
2021-01-26,SPY Component Report LMT,SPY Component Report
2021-01-26,SPY Component Report MMM,SPY Component Report
2021-01-26,SPY Component Report MSFT,SPY Component Report
2021-01-26,SPY Component Report NEE,SPY Component Report
2021-01-26,SPY Component Report PCAR,SPY Component Report
2021-01-26,SPY Component Report PLD,SPY Component Report
2021-01-26,SPY Component Report ROK,SPY Component Report
2021-01-26,SPY Component Report RTX,SPY Component Report
2021-01-26,SPY Component Report SBUX,SPY Component Report
2021-01-26,SPY Component Report TXN,SPY Component Report
2021-01-26,SPY Component Report VZ,SPY Component Report
2021-01-26,SPY Component Report WRB,SPY Component Report
2021-01-27,SPY Component Report AAPL,SPY Component Report
2021-01-27,SPY Component Report ABT,SPY Component Report
2021-01-27,SPY Component Report ADP,SPY Component Report
2021-01-27,SPY Component Report AMP,SPY Component Report
2021-01-27,SPY Component Report APH,SPY Component Report
2021-01-27,SPY Component Report BA,SPY Component Report
2021-01-27,SPY Component Report BX,SPY Component Report
2021-01-27,SPY Component Report CCI,SPY Component Report
2021-01-27,SPY Component Report ELV,SPY Component Report
2021-01-27,SPY Component Report EW,SPY Component Report
2021-01-27,SPY Component Report GD,SPY Component Report
2021-01-27,SPY Component Report GLW,SPY Component Report
2021-01-27,SPY Component Report HES,SPY Component Report
2021-01-27,SPY Component Report HOLX,SPY Component Report
2021-01-27,SPY Component Report LRCX,SPY Component Report
2021-01-27,SPY Component Report LVS,SPY Component Report
2021-01-27,SPY Component Report META,SPY Component Report
2021-01-27,SPY Component Report MKTX,SPY Component Report
2021-01-27,SPY Component Report NDAQ,SPY Component Report
2021-01-27,SPY Component Report NOW,SPY Component Report
2021-01-27,SPY Component Report NSC,SPY Component Report
2021-01-27,SPY Component Report PGR,SPY Component Report
2021-01-27,SPY Component Report PKG,SPY Component Report
2021-01-27,SPY Component Report PTC,SPY Component Report
2021-01-27,SPY Component Report RJF,SPY Component Report
2021-01-27,SPY Component Report ROL,SPY Component Report
2021-01-27,SPY Component Report SYK,SPY Component Report
2021-01-27,SPY Component Report T,SPY Component Report
2021-01-27,SPY Component Report TDY,SPY Component Report
2021-01-27,SPY Component Report TEL,SPY Component Report
2021-01-27,SPY Component Report TER,SPY Component Report
2021-01-27,SPY Component Report TSLA,SPY Component Report
2021-01-27,SPY Component Report TXT,SPY Component Report
2021-01-27,SPY Component Report URI,SPY Component Report
2021-01-28,SPY Component Report AJG,SPY Component Report
2021-01-28,SPY Component Report AOS,SPY Component Report
2021-01-28,SPY Component Report CMCSA,SPY Component Report
2021-01-28,SPY Component Report DHR,SPY Component Report
2021-01-28,SPY Component Report DOV,SPY Component Report
2021-01-28,SPY Component Report DOW,SPY Component Report
2021-01-28,SPY Component Report EMN,SPY Component Report
2021-01-28,SPY Component Report FICO,SPY Component Report
2021-01-28,SPY Component Report JNPR,SPY Component Report
2021-01-28,SPY Component Report LUV,SPY Component Report
2021-01-28,SPY Component Report MA,SPY Component Report
2021-01-28,SPY Component Report MCD,SPY Component Report
2021-01-28,SPY Component Report MDLZ,SPY Component Report
2021-01-28,SPY Component Report MKC,SPY Component Report
2021-01-28,SPY Component Report MMC,SPY Component Report
2021-01-28,SPY Component Report MO,SPY Component Report
2021-01-28,SPY Component Report MSCI,SPY Component Report
2021-01-28,SPY Component Report NOC,SPY Component Report
2021-01-28,SPY Component Report NUE,SPY Component Report
2021-01-28,SPY Component Report NVR,SPY Component Report
2021-01-28,SPY Component Report PFG,SPY Component Report
2021-01-28,SPY Component Report PHM,SPY Component Report
2021-01-28,SPY Component Report PNR,SPY Component Report
2021-01-28,SPY Component Report RMD,SPY Component Report
2021-01-28,SPY Component Report SHW,SPY Component Report
2021-01-28,SPY Component Report SWK,SPY Component Report
2021-01-28,SPY Component Report SWKS,SPY Component Report
2021-01-28,SPY Component Report TROW,SPY Component Report
2021-01-28,SPY Component Report TSCO,SPY Component Report
2021-01-28,SPY Component Report V,SPY Component Report
2021-01-28,SPY Component Report VLO,SPY Component Report
2021-01-28,SPY Component Report WDC,SPY Component Report
2021-01-28,SPY Component Report XEL,SPY Component Report
2021-01-29,PCE Release for December 2020,PCE Release
2021-01-29,SPY Component Report CAT,SPY Component Report
2021-01-29,SPY Component Report CHD,SPY Component Report
2021-01-29,SPY Component Report CHTR,SPY Component Report
2021-01-29,SPY Component Report CL,SPY Component Report
2021-01-29,SPY Component Report CVX,SPY Component Report
2021-01-29,SPY Component Report HON,SPY Component Report
2021-01-29,SPY Component Report JCI,SPY Component Report
2021-01-29,SPY Component Report LHX,SPY Component Report
2021-01-29,SPY Component Report LLY,SPY Component Report
2021-01-29,SPY Component Report LYB,SPY Component Report
2021-01-29,SPY Component Report PSX,SPY Component Report
2021-01-29,SPY Component Report ROP,SPY Component Report
2021-01-29,SPY Component Report SYF,SPY Component Report
2021-01-29,SPY Component Report WY,SPY Component Report
2021-02-01,SPY Component Report ARE,SPY Component Report
2021-02-01,SPY Component Report NXPI,SPY Component Report
2021-02-01,SPY Component Report ON,SPY Component Report
2021-02-01,SPY Component Report OTIS,SPY Component Report
2021-02-01,SPY Component Report TMO,SPY Component Report
2021-02-01,SPY Component Report VRTX,SPY Component Report
2021-02-02,SPY Component Report AMCR,SPY Component Report
2021-02-02,SPY Component Report AMGN,SPY Component Report
2021-02-02,SPY Component Report AMZN,SPY Component Report
2021-02-02,SPY Component Report ATO,SPY Component Report
2021-02-02,SPY Component Report AVB,SPY Component Report
2021-02-02,SPY Component Report BEN,SPY Component Report
2021-02-02,SPY Component Report BR,SPY Component Report
2021-02-02,SPY Component Report CB,SPY Component Report
2021-02-02,SPY Component Report CMG,SPY Component Report
2021-02-02,SPY Component Report COP,SPY Component Report
2021-02-02,SPY Component Report EA,SPY Component Report
2021-02-02,SPY Component Report EMR,SPY Component Report
2021-02-02,SPY Component Report ETN,SPY Component Report
2021-02-02,SPY Component Report GL,SPY Component Report
2021-02-02,SPY Component Report GOOG,SPY Component Report
2021-02-02,SPY Component Report GOOGL,SPY Component Report
2021-02-02,SPY Component Report HCA,SPY Component Report
2021-02-02,SPY Component Report HUBB,SPY Component Report
2021-02-02,SPY Component Report IDXX,SPY Component Report
2021-02-02,SPY Component Report LII,SPY Component Report
2021-02-02,SPY Component Report MCK,SPY Component Report
2021-02-02,SPY Component Report MPC,SPY Component Report
2021-02-02,SPY Component Report MTCH,SPY Component Report
2021-02-02,SPY Component Report PFE,SPY Component Report
2021-02-02,SPY Component Report RVTY,SPY Component Report
2021-02-02,SPY Component Report SMCI,SPY Component Report
2021-02-02,SPY Component Report STE,SPY Component Report
2021-02-02,SPY Component Report SYY,SPY Component Report
2021-02-02,SPY Component Report TECH,SPY Component Report
2021-02-02,SPY Component Report UPS,SPY Component Report
2021-02-02,SPY Component Report WAT,SPY Component Report
2021-02-02,SPY Component Report XOM,SPY Component Report
2021-02-03,SPY Component Report ABBV,SPY Component Report
2021-02-03,SPY Component Report AFL,SPY Component Report
2021-02-03,SPY Component Report ALGN,SPY Component Report
2021-02-03,SPY Component Report ALL,SPY Component Report
2021-02-03,SPY Component Report APO,SPY Component Report
2021-02-03,SPY Component Report APTV,SPY Component Report
2021-02-03,SPY Component Report AVY,SPY Component Report
2021-02-03,SPY Component Report BIIB,SPY Component Report
2021-02-03,SPY Component Report BSX,SPY Component Report
2021-02-03,SPY Component Report CTSH,SPY Component Report
2021-02-03,SPY Component Report CTVA,SPY Component Report
2021-02-03,SPY Component Report EBAY,SPY Component Report
2021-02-03,SPY Component Report GWW,SPY Component Report
2021-02-03,SPY Component Report HUM,SPY Component Report
2021-02-03,SPY Component Report HWM,SPY Component Report
2021-02-03,SPY Component Report IEX,SPY Component Report
2021-02-03,SPY Component Report KLAC,SPY Component Report
2021-02-03,SPY Component Report MAA,SPY Component Report
2021-02-03,SPY Component Report MET,SPY Component Report
2021-02-03,SPY Component Report PYPL,SPY Component Report
2021-02-03,SPY Component Report QCOM,SPY Component Report
2021-02-04,SPY Component Report AME,SPY Component Report
2021-02-04,SPY Component Report APD,SPY Component Report
2021-02-04,SPY Component Report BALL,SPY Component Report
2021-02-04,SPY Component Report BAX,SPY Component Report
2021-02-04,SPY Component Report BDX,SPY Component Report
2021-02-04,SPY Component Report BMY,SPY Component Report
2021-02-04,SPY Component Report CI,SPY Component Report
2021-02-04,SPY Component Report CLX,SPY Component Report
2021-02-04,SPY Component Report CMI,SPY Component Report
2021-02-04,SPY Component Report CMS,SPY Component Report
2021-02-04,SPY Component Report COR,SPY Component Report
2021-02-04,SPY Component Report CPAY,SPY Component Report
2021-02-04,SPY Component Report CPT,SPY Component Report
2021-02-04,SPY Component Report DECK,SPY Component Report
2021-02-04,SPY Component Report DGX,SPY Component Report
2021-02-04,SPY Component Report ESS,SPY Component Report
2021-02-04,SPY Component Report F,SPY Component Report
2021-02-04,SPY Component Report FTNT,SPY Component Report
2021-02-04,SPY Component Report FTV,SPY Component Report
2021-02-04,SPY Component Report GEN,SPY Component Report
2021-02-04,SPY Component Report GILD,SPY Component Report
2021-02-04,SPY Component Report HIG,SPY Component Report
2021-02-04,SPY Component Report HSY,SPY Component Report
2021-02-04,SPY Component Report ICE,SPY Component Report
2021-02-04,SPY Component Report IP,SPY Component Report
2021-02-04,SPY Component Report MCHP,SPY Component Report
2021-02-04,SPY Component Report MPWR,SPY Component Report
2021-02-04,SPY Component Report MRK,SPY Component Report
2021-02-04,SPY Component Report MSI,SPY Component Report
2021-02-04,SPY Component Report MTD,SPY Component Report
2021-02-04,SPY Component Report NWS,SPY Component Report
2021-02-04,SPY Component Report NWSA,SPY Component Report
2021-02-04,SPY Component Report ODFL,SPY Component Report
2021-02-04,SPY Component Report PH,SPY Component Report
2021-02-04,SPY Component Report PM,SPY Component Report
2021-02-04,SPY Component Report PRU,SPY Component Report
2021-02-04,SPY Component Report RL,SPY Component Report
2021-02-04,SPY Component Report SNA,SPY Component Report
2021-02-04,SPY Component Report TMUS,SPY Component Report
2021-02-04,SPY Component Report TPR,SPY Component Report
2021-02-04,SPY Component Report WEC,SPY Component Report
2021-02-04,SPY Component Report WYNN,SPY Component Report
2021-02-04,SPY Component Report XYL,SPY Component Report
2021-02-04,SPY Component Report YUM,SPY Component Report
2021-02-05,NFP Release,NFP Release
2021-02-05,SPY Component Report AON,SPY Component Report
2021-02-05,SPY Component Report CAH,SPY Component Report
2021-02-05,SPY Component Report CBOE,SPY Component Report
2021-02-05,SPY Component Report EL,SPY Component Report
2021-02-05,SPY Component Report ITW,SPY Component Report
2021-02-05,SPY Component Report LIN,SPY Component Report
2021-02-05,SPY Component Report REGN,SPY Component Report
2021-02-05,SPY Component Report TT,SPY Component Report
2021-02-05,SPY Component Report ZBH,SPY Component Report
2021-02-08,CPI Release,CPI Release
2021-02-08,SPY Component Report EG,SPY Component Report
2021-02-08,SPY Component Report GPN,SPY Component Report
2021-02-08,SPY Component Report HAS,SPY Component Report
2021-02-08,SPY Component Report JKHY,SPY Component Report
2021-02-08,SPY Component Report KKR,SPY Component Report
2021-02-08,SPY Component Report SPG,SPY Component Report
2021-02-08,SPY Component Report TTWO,SPY Component Report
2021-02-09,SPY Component Report ACGL,SPY Component Report
2021-02-09,SPY Component Report AIZ,SPY Component Report
2021-02-09,SPY Component Report AKAM,SPY Component Report
2021-02-09,SPY Component Report CARR,SPY Component Report
2021-02-09,SPY Component Report CNC,SPY Component Report
2021-02-09,SPY Component Report CSCO,SPY Component Report
2021-02-09,SPY Component Report DAY,SPY Component Report
2021-02-09,SPY Component Report DD,SPY Component Report
2021-02-09,SPY Component Report DOC,SPY Component Report
2021-02-09,SPY Component Report ENPH,SPY Component Report
2021-02-09,SPY Component Report FI,SPY Component Report
2021-02-09,SPY Component Report FIS,SPY Component Report
2021-02-09,SPY Component Report FOXA,SPY Component Report
2021-02-09,SPY Component Report INCY,SPY Component Report
2021-02-09,SPY Component Report IT,SPY Component Report
2021-02-09,SPY Component Report J,SPY Component Report
2021-02-09,SPY Component Report MAS,SPY Component Report
2021-02-09,SPY Component Report MLM,SPY Component Report
2021-02-09,SPY Component Report SPGI,SPY Component Report
2021-02-09,SPY Component Report TDG,SPY Component Report
2021-02-09,SPY Component Report UDR,SPY Component Report
2021-02-09,SPY Component Report WELL,SPY Component Report
2021-02-09,SPY Component Report WTW,SPY Component Report
2021-02-10,CPI Release,CPI Release
2021-02-10,SPY Component Report BG,SPY Component Report
2021-02-10,SPY Component Report CDW,SPY Component Report
2021-02-10,SPY Component Report CINF,SPY Component Report
2021-02-10,SPY Component Report CME,SPY Component Report
2021-02-10,SPY Component Report EFX,SPY Component Report
2021-02-10,SPY Component Report EQIX,SPY Component Report
2021-02-10,SPY Component Report EQR,SPY Component Report
2021-02-10,SPY Component Report GM,SPY Component Report
2021-02-10,SPY Component Report IFF,SPY Component Report
2021-02-10,SPY Component Report IPG,SPY Component Report
2021-02-10,SPY Component Report IQV,SPY Component Report
2021-02-10,SPY Component Report KO,SPY Component Report
2021-02-10,SPY Component Report MGM,SPY Component Report
2021-02-10,SPY Component Report MOH,SPY Component Report
2021-02-10,SPY Component Report ORLY,SPY Component Report
2021-02-10,SPY Component Report PAYC,SPY Component Report
2021-02-10,SPY Component Report TRMB,SPY Component Report
2021-02-10,SPY Component Report TYL,SPY Component Report
2021-02-10,SPY Component Report UBER,SPY Component Report
2021-02-11,Chinese Holiday Rest Day,Chinese Holiday
2021-02-11,SPY Component Report DIS,SPY Component Report
2021-02-11,SPY Component Report DLR,SPY Component Report
2021-02-11,SPY Component Report DUK,SPY Component Report
2021-02-11,SPY Component Report DVA,SPY Component Report
2021-02-11,SPY Component Report DXCM,SPY Component Report
2021-02-11,SPY Component Report EXPE,SPY Component Report
2021-02-11,SPY Component Report FRT,SPY Component Report
2021-02-11,SPY Component Report GDDY,SPY Component Report
2021-02-11,SPY Component Report GNRC,SPY Component Report
2021-02-11,SPY Component Report HII,SPY Component Report
2021-02-11,SPY Component Report K,SPY Component Report
2021-02-11,SPY Component Report KHC,SPY Component Report
2021-02-11,SPY Component Report KIM,SPY Component Report
2021-02-11,SPY Component Report LH,SPY Component Report
2021-02-11,SPY Component Report MHK,SPY Component Report
2021-02-11,SPY Component Report PEP,SPY Component Report
2021-02-11,SPY Component Report POOL,SPY Component Report
2021-02-11,SPY Component Report REG,SPY Component Report
2021-02-11,SPY Component Report TAP,SPY Component Report
2021-02-11,SPY Component Report TSN,SPY Component Report
2021-02-11,SPY Component Report VRSN,SPY Component Report
2021-02-11,SPY Component Report ZBRA,SPY Component Report
2021-02-12,Chinese Holiday Spring Festival,Chinese Holiday
2021-02-12,SPY Component Report D,SPY Component Report
2021-02-12,SPY Component Report MCO,SPY Component Report
2021-02-13,Chinese Holiday Spring Festival,Chinese Holiday
2021-02-14,Chinese Holiday Spring Festival,Chinese Holiday
2021-02-15,Chinese Holiday Spring Festival,Chinese Holiday
2021-02-15,US Holiday Washington's Birthday,US Holiday
2021-02-16,Chinese Holiday Spring Festival,Chinese Holiday
2021-02-16,SPY Component Report A,SPY Component Report
2021-02-16,SPY Component Report AIG,SPY Component Report
2021-02-16,SPY Component Report ALLE,SPY Component Report
2021-02-16,SPY Component Report CVS,SPY Component Report
2021-02-16,SPY Component Report DVN,SPY Component Report
2021-02-16,SPY Component Report ECL,SPY Component Report
2021-02-16,SPY Component Report ES,SPY Component Report
2021-02-16,SPY Component Report EXPD,SPY Component Report
2021-02-16,SPY Component Report INVH,SPY Component Report
2021-02-16,SPY Component Report PLTR,SPY Component Report
2021-02-16,SPY Component Report VMC,SPY Component Report
2021-02-16,SPY Component Report ZTS,SPY Component Report
2021-02-17,Chinese Holiday Rest Day,Chinese Holiday
2021-02-17,SPY Component Report ADI,SPY Component Report
2021-02-17,SPY Component Report ALB,SPY Component Report
2021-02-17,SPY Component Report CF,SPY Component Report
2021-02-17,SPY Component Report CRL,SPY Component Report
2021-02-17,SPY Component Report EQT,SPY Component Report
2021-02-17,SPY Component Report GPC,SPY Component Report
2021-02-17,SPY Component Report GRMN,SPY Component Report
2021-02-17,SPY Component Report HLT,SPY Component Report
2021-02-17,SPY Component Report HSIC,SPY Component Report
2021-02-17,SPY Component Report MOS,SPY Component Report
2021-02-17,SPY Component Report NI,SPY Component Report
2021-02-17,SPY Component Report SNPS,SPY Component Report
2021-02-18,SPY Component Report AEE,SPY Component Report
2021-02-18,SPY Component Report AMAT,SPY Component Report
2021-02-18,SPY Component Report ANET,SPY Component Report
2021-02-18,SPY Component Report CPRT,SPY Component Report
2021-02-18,SPY Component Report ED,SPY Component Report
2021-02-18,SPY Component Report EPAM,SPY Component Report
2021-02-18,SPY Component Report FE,SPY Component Report
2021-02-18,SPY Component Report HRL,SPY Component Report
2021-02-18,SPY Component Report HST,SPY Component Report
2021-02-18,SPY Component Report KEYS,SPY Component Report
2021-02-18,SPY Component Report LKQ,SPY Component Report
2021-02-18,SPY Component Report LNT,SPY Component Report
2021-02-18,SPY Component Report MAR,SPY Component Report
2021-02-18,SPY Component Report NEM,SPY Component Report
2021-02-18,SPY Component Report OMC,SPY Component Report
2021-02-18,SPY Component Report PPL,SPY Component Report
2021-02-18,SPY Component Report SO,SPY Component Report
2021-02-18,SPY Component Report TRGP,SPY Component Report
2021-02-18,SPY Component Report VICI,SPY Component Report
2021-02-18,SPY Component Report VTR,SPY Component Report
2021-02-18,SPY Component Report WAB,SPY Component Report
2021-02-18,SPY Component Report WM,SPY Component Report
2021-02-18,SPY Component Report WMT,SPY Component Report
2021-02-18,SPY Component Report WST,SPY Component Report
2021-02-19,SPY Component Report DE,SPY Component Report
2021-02-19,SPY Component Report DTE,SPY Component Report
2021-02-22,SPY Component Report CDNS,SPY Component Report
2021-02-22,SPY Component Report EXR,SPY Component Report
2021-02-22,SPY Component Report FANG,SPY Component Report
2021-02-22,SPY Component Report IR,SPY Component Report
2021-02-22,SPY Component Report NDSN,SPY Component Report
2021-02-22,SPY Component Report O,SPY Component Report
2021-02-22,SPY Component Report OKE,SPY Component Report
2021-02-22,SPY Component Report OXY,SPY Component Report
2021-02-22,SPY Component Report PANW,SPY Component Report
2021-02-22,SPY Component Report RCL,SPY Component Report
2021-02-22,SPY Component Report RSG,SPY Component Report
2021-02-22,SPY Component Report SBAC,SPY Component Report
2021-02-22,SPY Component Report WBD,SPY Component Report
2021-02-22,SPY Component Report WMB,SPY Component Report
2021-02-23,SPY Component Report CBRE,SPY Component Report
2021-02-23,SPY Component Report CSGP,SPY Component Report
2021-02-23,SPY Component Report CTRA,SPY Component Report
2021-02-23,SPY Component Report HD,SPY Component Report
2021-02-23,SPY Component Report INTU,SPY Component Report
2021-02-23,SPY Component Report LDOS,SPY Component Report
2021-02-23,SPY Component Report MDT,SPY Component Report
2021-02-23,SPY Component Report PODD,SPY Component Report
2021-02-23,SPY Component Report VRSK,SPY Component Report
2021-02-24,SPY Component Report ANSS,SPY Component Report
2021-02-24,SPY Component Report APA,SPY Component Report
2021-02-24,SPY Component Report AWK,SPY Component Report
2021-02-24,SPY Component Report BKNG,SPY Component Report
2021-02-24,SPY Component Report ETR,SPY Component Report
2021-02-24,SPY Component Report EXC,SPY Component Report
2021-02-24,SPY Component Report IRM,SPY Component Report
2021-02-24,SPY Component Report LOW,SPY Component Report
2021-02-24,SPY Component Report NTAP,SPY Component Report
2021-02-24,SPY Component Report NVDA,SPY Component Report
2021-02-24,SPY Component Report PARA,SPY Component Report
2021-02-24,SPY Component Report PNW,SPY Component Report
2021-02-24,SPY Component Report PSA,SPY Component Report
2021-02-24,SPY Component Report TJX,SPY Component Report
2021-02-25,SPY Component Report ABNB,SPY Component Report
2021-02-25,SPY Component Report ADSK,SPY Component Report
2021-02-25,SPY Component Report AEP,SPY Component Report
2021-02-25,SPY Component Report AES,SPY Component Report
2021-02-25,SPY Component Report AMT,SPY Component Report
2021-02-25,SPY Component Report AXON,SPY Component Report
2021-02-25,SPY Component Report BBY,SPY Component Report
2021-02-25,SPY Component Report CNP,SPY Component Report
2021-02-25,SPY Component Report CRM,SPY Component Report
2021-02-25,SPY Component Report CZR,SPY Component Report
2021-02-25,SPY Component Report DELL,SPY Component Report
2021-02-25,SPY Component Report DPZ,SPY Component Report
2021-02-25,SPY Component Report EIX,SPY Component Report
2021-02-25,SPY Component Report EOG,SPY Component Report
2021-02-25,SPY Component Report ERIE,SPY Component Report
2021-02-25,SPY Component Report FSLR,SPY Component Report
2021-02-25,SPY Component Report HPQ,SPY Component Report
2021-02-25,SPY Component Report KDP,SPY Component Report
2021-02-25,SPY Component Report LYV,SPY Component Report
2021-02-25,SPY Component Report MNST,SPY Component Report
2021-02-25,SPY Component Report MRNA,SPY Component Report
2021-02-25,SPY Component Report NCLH,SPY Component Report
2021-02-25,SPY Component Report PCG,SPY Component Report
2021-02-25,SPY Component Report PWR,SPY Component Report
2021-02-25,SPY Component Report SJM,SPY Component Report
2021-02-25,SPY Component Report SRE,SPY Component Report
2021-02-25,SPY Component Report TPL,SPY Component Report
2021-02-25,SPY Component Report UHS,SPY Component Report
2021-02-25,SPY Component Report WDAY,SPY Component Report
2021-02-26,PCE Release for January 2021,PCE Release
2021-02-26,SPY Component Report BLDR,SPY Component Report
2021-02-26,SPY Component Report EVRG,SPY Component Report
2021-02-26,SPY Component Report PEG,SPY Component Report
2021-02-26,SPY Component Report VST,SPY Component Report
2021-02-27,SPY Component Report BRK-B,SPY Component Report
2021-03-01,SPY Component Report EXE,SPY Component Report
2021-03-01,SPY Component Report NRG,SPY Component Report
2021-03-01,SPY Component Report VTRS,SPY Component Report
2021-03-02,SPY Component Report AZO,SPY Component Report
2021-03-02,SPY Component Report HPE,SPY Component Report
2021-03-02,SPY Component Report ROST,SPY Component Report
2021-03-02,SPY Component Report TGT,SPY Component Report
2021-03-03,SPY Component Report BF-B,SPY Component Report
2021-03-03,SPY Component Report DLTR,SPY Component Report
2021-03-04,SPY Component Report AVGO,SPY Component Report
2021-03-04,SPY Component Report COO,SPY Component Report
2021-03-04,SPY Component Report COST,SPY Component Report
2021-03-04,SPY Component Report KR,SPY Component Report
2021-03-05,NFP Release,NFP Release
2021-03-05,SPY Component Report DASH,SPY Component Report
2021-03-10,CPI Release,CPI Release
2021-03-10,SPY Component Report CPB,SPY Component Report
2021-03-10,SPY Component Report ORCL,SPY Component Report
2021-03-11,SPY Component Report ULTA,SPY Component Report
2021-03-16,SPY Component Report CRWD,SPY Component Report
2021-03-16,SPY Component Report JBL,SPY Component Report
2021-03-16,SPY Component Report LEN,SPY Component Report
2021-03-17,SPY Component Report CTAS,SPY Component Report
2021-03-17,SPY Component Report WSM,SPY Component Report
2021-03-17,US Market Summit FOMC w/ SEP,US Market Summit FOMC
2021-03-18,SPY Component Report ACN,SPY Component Report
2021-03-18,SPY Component Report DG,SPY Component Report
2021-03-18,SPY Component Report FDX,SPY Component Report
2021-03-18,SPY Component Report NKE,SPY Component Report
2021-03-19,SPY OpEx Quarterly,SPY OpEx Quarterly
2021-03-23,SPY Component Report ADBE,SPY Component Report
2021-03-24,SPY Component Report GIS,SPY Component Report
2021-03-25,SPY Component Report DRI,SPY Component Report
2021-03-26,PCE Release for February 2021,PCE Release
2021-03-30,SPY Component Report FDS,SPY Component Report
2021-03-30,SPY Component Report LULU,SPY Component Report
2021-03-30,SPY Component Report MKC,SPY Component Report
2021-03-31,SPY Component Report MU,SPY Component Report
2021-03-31,SPY Component Report WBA,SPY Component Report
2021-04-01,SPY Component Report KMX,SPY Component Report
2021-04-02,NFP Release,NFP Release
2021-04-04,Chinese Holiday Qingming Festival,Chinese Holiday
2021-04-05,Chinese Holiday Qingming Festival,Chinese Holiday
2021-04-06,SPY Component Report PAYX,SPY Component Report
2021-04-07,SPY Component Report CCL,SPY Component Report
2021-04-07,SPY Component Report LW,SPY Component Report
2021-04-08,SPY Component Report CAG,SPY Component Report
2021-04-08,SPY Component Report STZ,SPY Component Report
2021-04-13,CPI Release,CPI Release
2021-04-13,SPY Component Report FAST,SPY Component Report
2021-04-14,SPY Component Report GS,SPY Component Report
2021-04-14,SPY Component Report JPM,SPY Component Report
2021-04-14,SPY Component Report WFC,SPY Component Report
2021-04-15,SPY Component Report BAC,SPY Component Report
2021-04-15,SPY Component Report C,SPY Component Report
2021-04-15,SPY Component Report DAL,SPY Component Report
2021-04-15,SPY Component Report JBHT,SPY Component Report
2021-04-15,SPY Component Report PEP,SPY Component Report
2021-04-15,SPY Component Report PGR,SPY Component Report
2021-04-15,SPY Component Report PPG,SPY Component Report
2021-04-15,SPY Component Report SCHW,SPY Component Report
2021-04-15,SPY Component Report TFC,SPY Component Report
2021-04-15,SPY Component Report UNH,SPY Component Report
2021-04-15,SPY Component Report USB,SPY Component Report
2021-04-16,SPY Component Report BK,SPY Component Report
2021-04-16,SPY Component Report CFG,SPY Component Report
2021-04-16,SPY Component Report MS,SPY Component Report
2021-04-16,SPY Component Report PNC,SPY Component Report
2021-04-16,SPY Component Report STT,SPY Component Report
2021-04-19,SPY Component Report IBM,SPY Component Report
2021-04-19,SPY Component Report KO,SPY Component Report
2021-04-19,SPY Component Report MTB,SPY Component Report
2021-04-19,SPY Component Report PLD,SPY Component Report
2021-04-19,SPY Component Report STLD,SPY Component Report
2021-04-19,SPY Component Report UAL,SPY Component Report
2021-04-20,SPY Component Report ABT,SPY Component Report
2021-04-20,SPY Component Report CSX,SPY Component Report
2021-04-20,SPY Component Report DOV,SPY Component Report
2021-04-20,SPY Component Report EW,SPY Component Report
2021-04-20,SPY Component Report FITB,SPY Component Report
2021-04-20,SPY Component Report ISRG,SPY Component Report
2021-04-20,SPY Component Report JNJ,SPY Component Report
2021-04-20,SPY Component Report KEY,SPY Component Report
2021-04-20,SPY Component Report LMT,SPY Component Report
2021-04-20,SPY Component Report NFLX,SPY Component Report
2021-04-20,SPY Component Report NTRS,SPY Component Report
2021-04-20,SPY Component Report OMC,SPY Component Report
2021-04-20,SPY Component Report PG,SPY Component Report
2021-04-20,SPY Component Report PM,SPY Component Report
2021-04-20,SPY Component Report TRV,SPY Component Report
2021-04-20,SPY Component Report WRB,SPY Component Report
2021-04-21,SPY Component Report BKR,SPY Component Report
2021-04-21,SPY Component Report CCI,SPY Component Report
2021-04-21,SPY Component Report CMG,SPY Component Report
2021-04-21,SPY Component Report EFX,SPY Component Report
2021-04-21,SPY Component Report ELV,SPY Component Report
2021-04-21,SPY Component Report GL,SPY Component Report
2021-04-21,SPY Component Report HAL,SPY Component Report
2021-04-21,SPY Component Report KMI,SPY Component Report
2021-04-21,SPY Component Report LRCX,SPY Component Report
2021-04-21,SPY Component Report LVS,SPY Component Report
2021-04-21,SPY Component Report NDAQ,SPY Component Report
2021-04-21,SPY Component Report NEE,SPY Component Report
2021-04-21,SPY Component Report NVR,SPY Component Report
2021-04-21,SPY Component Report TEL,SPY Component Report
2021-04-21,SPY Component Report VZ,SPY Component Report
2021-04-22,SPY Component Report AEP,SPY Component Report
2021-04-22,SPY Component Report ALLE,SPY Component Report
2021-04-22,SPY Component Report BIIB,SPY Component Report
2021-04-22,SPY Component Report BX,SPY Component Report
2021-04-22,SPY Component Report DGX,SPY Component Report
2021-04-22,SPY Component Report DHI,SPY Component Report
2021-04-22,SPY Component Report DHR,SPY Component Report
2021-04-22,SPY Component Report DOW,SPY Component Report
2021-04-22,SPY Component Report FCX,SPY Component Report
2021-04-22,SPY Component Report FE,SPY Component Report
2021-04-22,SPY Component Report GPC,SPY Component Report
2021-04-22,SPY Component Report HBAN,SPY Component Report
2021-04-22,SPY Component Report HCA,SPY Component Report
2021-04-22,SPY Component Report HIG,SPY Component Report
2021-04-22,SPY Component Report INTC,SPY Component Report
2021-04-22,SPY Component Report IQV,SPY Component Report
2021-04-22,SPY Component Report LUV,SPY Component Report
2021-04-22,SPY Component Report MKTX,SPY Component Report
2021-04-22,SPY Component Report NUE,SPY Component Report
2021-04-22,SPY Component Report ODFL,SPY Component Report
2021-04-22,SPY Component Report PNR,SPY Component Report
2021-04-22,SPY Component Report POOL,SPY Component Report
2021-04-22,SPY Component Report SNA,SPY Component Report
2021-04-22,SPY Component Report STX,SPY Component Report
2021-04-22,SPY Component Report T,SPY Component Report
2021-04-22,SPY Component Report TSCO,SPY Component Report
2021-04-22,SPY Component Report UNP,SPY Component Report
2021-04-22,SPY Component Report VLO,SPY Component Report
2021-04-22,SPY Component Report VRSN,SPY Component Report
2021-04-23,SPY Component Report AXP,SPY Component Report
2021-04-23,SPY Component Report HON,SPY Component Report
2021-04-23,SPY Component Report KMB,SPY Component Report
2021-04-23,SPY Component Report RF,SPY Component Report
2021-04-23,SPY Component Report SLB,SPY Component Report
2021-04-26,SPY Component Report AMP,SPY Component Report
2021-04-26,SPY Component Report ARE,SPY Component Report
2021-04-26,SPY Component Report BRO,SPY Component Report
2021-04-26,SPY Component Report CDNS,SPY Component Report
2021-04-26,SPY Component Report JNPR,SPY Component Report
2021-04-26,SPY Component Report LII,SPY Component Report
2021-04-26,SPY Component Report NXPI,SPY Component Report
2021-04-26,SPY Component Report OTIS,SPY Component Report
2021-04-26,SPY Component Report PKG,SPY Component Report
2021-04-26,SPY Component Report SBAC,SPY Component Report
2021-04-26,SPY Component Report TSLA,SPY Component Report
2021-04-26,SPY Component Report UHS,SPY Component Report
2021-04-27,SPY Component Report ACGL,SPY Component Report
2021-04-27,SPY Component Report ADM,SPY Component Report
2021-04-27,SPY Component Report AMD,SPY Component Report
2021-04-27,SPY Component Report AMGN,SPY Component Report
2021-04-27,SPY Component Report BXP,SPY Component Report
2021-04-27,SPY Component Report CB,SPY Component Report
2021-04-27,SPY Component Report CHRW,SPY Component Report
2021-04-27,SPY Component Report CNC,SPY Component Report
2021-04-27,SPY Component Report COF,SPY Component Report
2021-04-27,SPY Component Report CSGP,SPY Component Report
2021-04-27,SPY Component Report DTE,SPY Component Report
2021-04-27,SPY Component Report ECL,SPY Component Report
2021-04-27,SPY Component Report EIX,SPY Component Report
2021-04-27,SPY Component Report ENPH,SPY Component Report
2021-04-27,SPY Component Report EQR,SPY Component Report
2021-04-27,SPY Component Report ESS,SPY Component Report
2021-04-27,SPY Component Report FFIV,SPY Component Report
2021-04-27,SPY Component Report FI,SPY Component Report
2021-04-27,SPY Component Report GE,SPY Component Report
2021-04-27,SPY Component Report GLW,SPY Component Report
2021-04-27,SPY Component Report GOOG,SPY Component Report
2021-04-27,SPY Component Report GOOGL,SPY Component Report
2021-04-27,SPY Component Report HAS,SPY Component Report
2021-04-27,SPY Component Report HUBB,SPY Component Report
2021-04-27,SPY Component Report IEX,SPY Component Report
2021-04-27,SPY Component Report IVZ,SPY Component Report
2021-04-27,SPY Component Report LLY,SPY Component Report
2021-04-27,SPY Component Report MDLZ,SPY Component Report
2021-04-27,SPY Component Report MMC,SPY Component Report
2021-04-27,SPY Component Report MMM,SPY Component Report
2021-04-27,SPY Component Report MSCI,SPY Component Report
2021-04-27,SPY Component Report MSFT,SPY Component Report
2021-04-27,SPY Component Report OKE,SPY Component Report
2021-04-27,SPY Component Report PCAR,SPY Component Report
2021-04-27,SPY Component Report PFG,SPY Component Report
2021-04-27,SPY Component Report PHM,SPY Component Report
2021-04-27,SPY Component Report RJF,SPY Component Report
2021-04-27,SPY Component Report ROP,SPY Component Report
2021-04-27,SPY Component Report RTX,SPY Component Report
2021-04-27,SPY Component Report SBUX,SPY Component Report
2021-04-27,SPY Component Report SHW,SPY Component Report
2021-04-27,SPY Component Report SYF,SPY Component Report
2021-04-27,SPY Component Report SYK,SPY Component Report
2021-04-27,SPY Component Report TER,SPY Component Report
2021-04-27,SPY Component Report TXN,SPY Component Report
2021-04-27,SPY Component Report UDR,SPY Component Report
2021-04-27,SPY Component Report UPS,SPY Component Report
2021-04-27,SPY Component Report V,SPY Component Report
2021-04-27,SPY Component Report WM,SPY Component Report
2021-04-28,SPY Component Report AAPL,SPY Component Report
2021-04-28,SPY Component Report ADP,SPY Component Report
2021-04-28,SPY Component Report AFL,SPY Component Report
2021-04-28,SPY Component Report ALGN,SPY Component Report
2021-04-28,SPY Component Report APH,SPY Component Report
2021-04-28,SPY Component Report AVB,SPY Component Report
2021-04-28,SPY Component Report AVY,SPY Component Report
2021-04-28,SPY Component Report BA,SPY Component Report
2021-04-28,SPY Component Report BSX,SPY Component Report
2021-04-28,SPY Component Report CINF,SPY Component Report
2021-04-28,SPY Component Report CME,SPY Component Report
2021-04-28,SPY Component Report EBAY,SPY Component Report
2021-04-28,SPY Component Report EG,SPY Component Report
2021-04-28,SPY Component Report EQIX,SPY Component Report
2021-04-28,SPY Component Report ETR,SPY Component Report
2021-04-28,SPY Component Report EXR,SPY Component Report
2021-04-28,SPY Component Report F,SPY Component Report
2021-04-28,SPY Component Report GD,SPY Component Report
2021-04-28,SPY Component Report GRMN,SPY Component Report
2021-04-28,SPY Component Report HES,SPY Component Report
2021-04-28,SPY Component Report HOLX,SPY Component Report
2021-04-28,SPY Component Report HUM,SPY Component Report
2021-04-28,SPY Component Report INVH,SPY Component Report
2021-04-28,SPY Component Report IPG,SPY Component Report
2021-04-28,SPY Component Report IR,SPY Component Report
2021-04-28,SPY Component Report MAA,SPY Component Report
2021-04-28,SPY Component Report MAS,SPY Component Report
2021-04-28,SPY Component Report MCO,SPY Component Report
2021-04-28,SPY Component Report META,SPY Component Report
2021-04-28,SPY Component Report MGM,SPY Component Report
2021-04-28,SPY Component Report MOH,SPY Component Report
2021-04-28,SPY Component Report NOW,SPY Component Report
2021-04-28,SPY Component Report NSC,SPY Component Report
2021-04-28,SPY Component Report ORLY,SPY Component Report
2021-04-28,SPY Component Report PSA,SPY Component Report
2021-04-28,SPY Component Report PTC,SPY Component Report
2021-04-28,SPY Component Report QCOM,SPY Component Report
2021-04-28,SPY Component Report ROK,SPY Component Report
2021-04-28,SPY Component Report ROL,SPY Component Report
2021-04-28,SPY Component Report SWK,SPY Component Report
2021-04-28,SPY Component Report TDY,SPY Component Report
2021-04-28,SPY Component Report TYL,SPY Component Report
2021-04-28,SPY Component Report URI,SPY Component Report
2021-04-28,SPY Component Report WBD,SPY Component Report
2021-04-28,SPY Component Report WELL,SPY Component Report
2021-04-28,SPY Component Report YUM,SPY Component Report
2021-04-28,US Market Summit FOMC Statement,US Market Summit FOMC
2021-04-29,SPY Component Report AJG,SPY Component Report
2021-04-29,SPY Component Report AMT,SPY Component Report
2021-04-29,SPY Component Report AMZN,SPY Component Report
2021-04-29,SPY Component Report AOS,SPY Component Report
2021-04-29,SPY Component Report BAX,SPY Component Report
2021-04-29,SPY Component Report BMY,SPY Component Report
2021-04-29,SPY Component Report CARR,SPY Component Report
2021-04-29,SPY Component Report CAT,SPY Component Report
2021-04-29,SPY Component Report CBRE,SPY Component Report
2021-04-29,SPY Component Report CHD,SPY Component Report
2021-04-29,SPY Component Report CMCSA,SPY Component Report
2021-04-29,SPY Component Report CMS,SPY Component Report
2021-04-29,SPY Component Report CPT,SPY Component Report
2021-04-29,SPY Component Report CTRA,SPY Component Report
2021-04-29,SPY Component Report DLR,SPY Component Report
2021-04-29,SPY Component Report DPZ,SPY Component Report
2021-04-29,SPY Component Report DVA,SPY Component Report
2021-04-29,SPY Component Report DXCM,SPY Component Report
2021-04-29,SPY Component Report EMN,SPY Component Report
2021-04-29,SPY Component Report ERIE,SPY Component Report
2021-04-29,SPY Component Report FSLR,SPY Component Report
2021-04-29,SPY Component Report FTNT,SPY Component Report
2021-04-29,SPY Component Report FTV,SPY Component Report
2021-04-29,SPY Component Report GILD,SPY Component Report
2021-04-29,SPY Component Report GNRC,SPY Component Report
2021-04-29,SPY Component Report HSY,SPY Component Report
2021-04-29,SPY Component Report ICE,SPY Component Report
2021-04-29,SPY Component Report IP,SPY Component Report
2021-04-29,SPY Component Report KDP,SPY Component Report
2021-04-29,SPY Component Report KHC,SPY Component Report
2021-04-29,SPY Component Report KIM,SPY Component Report
2021-04-29,SPY Component Report KLAC,SPY Component Report
2021-04-29,SPY Component Report LH,SPY Component Report
2021-04-29,SPY Component Report LKQ,SPY Component Report
2021-04-29,SPY Component Report MA,SPY Component Report
2021-04-29,SPY Component Report MCD,SPY Component Report
2021-04-29,SPY Component Report MHK,SPY Component Report
2021-04-29,SPY Component Report MO,SPY Component Report
2021-04-29,SPY Component Report MRK,SPY Component Report
2021-04-29,SPY Component Report NEM,SPY Component Report
2021-04-29,SPY Component Report NOC,SPY Component Report
2021-04-29,SPY Component Report PCG,SPY Component Report
2021-04-29,SPY Component Report PH,SPY Component Report
2021-04-29,SPY Component Report RCL,SPY Component Report
2021-04-29,SPY Component Report RMD,SPY Component Report
2021-04-29,SPY Component Report SO,SPY Component Report
2021-04-29,SPY Component Report SPGI,SPY Component Report
2021-04-29,SPY Component Report SWKS,SPY Component Report
2021-04-29,SPY Component Report TAP,SPY Component Report
2021-04-29,SPY Component Report TMO,SPY Component Report
2021-04-29,SPY Component Report TROW,SPY Component Report
2021-04-29,SPY Component Report TXT,SPY Component Report
2021-04-29,SPY Component Report VICI,SPY Component Report
2021-04-29,SPY Component Report VRTX,SPY Component Report
2021-04-29,SPY Component Report WAB,SPY Component Report
2021-04-29,SPY Component Report WDC,SPY Component Report
2021-04-29,SPY Component Report WST,SPY Component Report
2021-04-29,SPY Component Report WTW,SPY Component Report
2021-04-29,SPY Component Report XEL,SPY Component Report
2021-04-30,PCE Release for March 2021,PCE Release
2021-04-30,SPY Component Report ABBV,SPY Component Report
2021-04-30,SPY Component Report AON,SPY Component Report
2021-04-30,SPY Component Report CBOE,SPY Component Report
2021-04-30,SPY Component Report CHTR,SPY Component Report
2021-04-30,SPY Component Report CL,SPY Component Report
2021-04-30,SPY Component Report CLX,SPY Component Report
2021-04-30,SPY Component Report CVX,SPY Component Report
2021-04-30,SPY Component Report GWW,SPY Component Report
2021-04-30,SPY Component Report ITW,SPY Component Report
2021-04-30,SPY Component Report JCI,SPY Component Report
2021-04-30,SPY Component Report LHX,SPY Component Report
2021-04-30,SPY Component Report LYB,SPY Component Report
2021-04-30,SPY Component Report PSX,SPY Component Report
2021-04-30,SPY Component Report WY,SPY Component Report
2021-04-30,SPY Component Report XOM,SPY Component Report
2021-05-01,Chinese Holiday Labor Day,Chinese Holiday
2021-05-01,SPY Component Report BRK-B,SPY Component Report
2021-05-03,Chinese Holiday Labor Day,Chinese Holiday
2021-05-03,SPY Component Report AWK,SPY Component Report
2021-05-03,SPY Component Report EL,SPY Component Report
2021-05-03,SPY Component Report FANG,SPY Component Report
2021-05-03,SPY Component Report JKHY,SPY Component Report
2021-05-03,SPY Component Report MOS,SPY Component Report
2021-05-03,SPY Component Report O,SPY Component Report
2021-05-03,SPY Component Report ON,SPY Component Report
2021-05-03,SPY Component Report WEC,SPY Component Report
2021-05-03,SPY Component Report WMB,SPY Component Report
2021-05-04,Chinese Holiday Rest Day,Chinese Holiday
2021-05-04,SPY Component Report AIZ,SPY Component Report
2021-05-04,SPY Component Report AKAM,SPY Component Report
2021-05-04,SPY Component Report AMCR,SPY Component Report
2021-05-04,SPY Component Report AME,SPY Component Report
2021-05-04,SPY Component Report ANET,SPY Component Report
2021-05-04,SPY Component Report APO,SPY Component Report
2021-05-04,SPY Component Report BEN,SPY Component Report
2021-05-04,SPY Component Report BG,SPY Component Report
2021-05-04,SPY Component Report BR,SPY Component Report
2021-05-04,SPY Component Report CMI,SPY Component Report
2021-05-04,SPY Component Report COP,SPY Component Report
2021-05-04,SPY Component Report CRL,SPY Component Report
2021-05-04,SPY Component Report CTVA,SPY Component Report
2021-05-04,SPY Component Report CVS,SPY Component Report
2021-05-04,SPY Component Report CZR,SPY Component Report
2021-05-04,SPY Component Report D,SPY Component Report
2021-05-04,SPY Component Report DD,SPY Component Report
2021-05-04,SPY Component Report DOC,SPY Component Report
2021-05-04,SPY Component Report DVN,SPY Component Report
2021-05-04,SPY Component Report ETN,SPY Component Report
2021-05-04,SPY Component Report EXPD,SPY Component Report
2021-05-04,SPY Component Report GPN,SPY Component Report
2021-05-04,SPY Component Report HSIC,SPY Component Report
2021-05-04,SPY Component Report HST,SPY Component Report
2021-05-04,SPY Component Report IDXX,SPY Component Report
2021-05-04,SPY Component Report INCY,SPY Component Report
2021-05-04,SPY Component Report IT,SPY Component Report
2021-05-04,SPY Component Report KKR,SPY Component Report
2021-05-04,SPY Component Report LDOS,SPY Component Report
2021-05-04,SPY Component Report MLM,SPY Component Report
2021-05-04,SPY Component Report MPC,SPY Component Report
2021-05-04,SPY Component Report MPWR,SPY Component Report
2021-05-04,SPY Component Report MTCH,SPY Component Report
2021-05-04,SPY Component Report PAYC,SPY Component Report
2021-05-04,SPY Component Report PFE,SPY Component Report
2021-05-04,SPY Component Report PRU,SPY Component Report
2021-05-04,SPY Component Report RVTY,SPY Component Report
2021-05-04,SPY Component Report SMCI,SPY Component Report
2021-05-04,SPY Component Report SYY,SPY Component Report
2021-05-04,SPY Component Report TMUS,SPY Component Report
2021-05-04,SPY Component Report VMC,SPY Component Report
2021-05-04,SPY Component Report VRSK,SPY Component Report
2021-05-04,SPY Component Report VST,SPY Component Report
2021-05-04,SPY Component Report XYL,SPY Component Report
2021-05-04,SPY Component Report ZBH,SPY Component Report
2021-05-04,SPY Component Report ZBRA,SPY Component Report
2021-05-05,Chinese Holiday Rest Day,Chinese Holiday
2021-05-05,SPY Component Report ALB,SPY Component Report
2021-05-05,SPY Component Report ALL,SPY Component Report
2021-05-05,SPY Component Report ANSS,SPY Component Report
2021-05-05,SPY Component Report APA,SPY Component Report
2021-05-05,SPY Component Report ATO,SPY Component Report
2021-05-05,SPY Component Report BKNG,SPY Component Report
2021-05-05,SPY Component Report CDW,SPY Component Report
2021-05-05,SPY Component Report CF,SPY Component Report
2021-05-05,SPY Component Report COR,SPY Component Report
2021-05-05,SPY Component Report CPAY,SPY Component Report
2021-05-05,SPY Component Report CTSH,SPY Component Report
2021-05-05,SPY Component Report DAY,SPY Component Report
2021-05-05,SPY Component Report EMR,SPY Component Report
2021-05-05,SPY Component Report EQT,SPY Component Report
2021-05-05,SPY Component Report EXC,SPY Component Report
2021-05-05,SPY Component Report FICO,SPY Component Report
2021-05-05,SPY Component Report FOXA,SPY Component Report
2021-05-05,SPY Component Report FRT,SPY Component Report
2021-05-05,SPY Component Report GDDY,SPY Component Report
2021-05-05,SPY Component Report GM,SPY Component Report
2021-05-05,SPY Component Report HLT,SPY Component Report
2021-05-05,SPY Component Report MET,SPY Component Report
2021-05-05,SPY Component Report NI,SPY Component Report
2021-05-05,SPY Component Report PEG,SPY Component Report
2021-05-05,SPY Component Report PNW,SPY Component Report
2021-05-05,SPY Component Report PYPL,SPY Component Report
2021-05-05,SPY Component Report RSG,SPY Component Report
2021-05-05,SPY Component Report SRE,SPY Component Report
2021-05-05,SPY Component Report TRMB,SPY Component Report
2021-05-05,SPY Component Report TT,SPY Component Report
2021-05-05,SPY Component Report UBER,SPY Component Report
2021-05-05,SPY Component Report WAT,SPY Component Report
2021-05-06,SPY Component Report AES,SPY Component Report
2021-05-06,SPY Component Report AIG,SPY Component Report
2021-05-06,SPY Component Report APTV,SPY Component Report
2021-05-06,SPY Component Report AXON,SPY Component Report
2021-05-06,SPY Component Report BALL,SPY Component Report
2021-05-06,SPY Component Report BDX,SPY Component Report
2021-05-06,SPY Component Report BLDR,SPY Component Report
2021-05-06,SPY Component Report CAH,SPY Component Report
2021-05-06,SPY Component Report CNP,SPY Component Report
2021-05-06,SPY Component Report ED,SPY Component Report
2021-05-06,SPY Component Report EOG,SPY Component Report
2021-05-06,SPY Component Report EPAM,SPY Component Report
2021-05-06,SPY Component Report EVRG,SPY Component Report
2021-05-06,SPY Component Report EXPE,SPY Component Report
2021-05-06,SPY Component Report FIS,SPY Component Report
2021-05-06,SPY Component Report HII,SPY Component Report
2021-05-06,SPY Component Report HWM,SPY Component Report
2021-05-06,SPY Component Report IRM,SPY Component Report
2021-05-06,SPY Component Report LIN,SPY Component Report
2021-05-06,SPY Component Report LNT,SPY Component Report
2021-05-06,SPY Component Report LYV,SPY Component Report
2021-05-06,SPY Component Report MCHP,SPY Component Report
2021-05-06,SPY Component Report MCK,SPY Component Report
2021-05-06,SPY Component Report MNST,SPY Component Report
2021-05-06,SPY Component Report MRNA,SPY Component Report
2021-05-06,SPY Component Report MSI,SPY Component Report
2021-05-06,SPY Component Report MTD,SPY Component Report
2021-05-06,SPY Component Report NCLH,SPY Component Report
2021-05-06,SPY Component Report NRG,SPY Component Report
2021-05-06,SPY Component Report NWS,SPY Component Report
2021-05-06,SPY Component Report NWSA,SPY Component Report
2021-05-06,SPY Component Report PARA,SPY Component Report
2021-05-06,SPY Component Report PODD,SPY Component Report
2021-05-06,SPY Component Report PPL,SPY Component Report
2021-05-06,SPY Component Report PWR,SPY Component Report
2021-05-06,SPY Component Report REG,SPY Component Report
2021-05-06,SPY Component Report REGN,SPY Component Report
2021-05-06,SPY Component Report TECH,SPY Component Report
2021-05-06,SPY Component Report TPL,SPY Component Report
2021-05-06,SPY Component Report TPR,SPY Component Report
2021-05-06,SPY Component Report TRGP,SPY Component Report
2021-05-06,SPY Component Report ZTS,SPY Component Report
2021-05-07,NFP Release,NFP Release
2021-05-07,SPY Component Report CI,SPY Component Report
2021-05-07,SPY Component Report K,SPY Component Report
2021-05-07,SPY Component Report VTR,SPY Component Report
2021-05-10,SPY Component Report AEE,SPY Component Report
2021-05-10,SPY Component Report APD,SPY Component Report
2021-05-10,SPY Component Report DUK,SPY Component Report
2021-05-10,SPY Component Report ES,SPY Component Report
2021-05-10,SPY Component Report GEN,SPY Component Report
2021-05-10,SPY Component Report IFF,SPY Component Report
2021-05-10,SPY Component Report J,SPY Component Report
2021-05-10,SPY Component Report MAR,SPY Component Report
2021-05-10,SPY Component Report OXY,SPY Component Report
2021-05-10,SPY Component Report SPG,SPY Component Report
2021-05-10,SPY Component Report TSN,SPY Component Report
2021-05-10,SPY Component Report VTRS,SPY Component Report
2021-05-10,SPY Component Report WYNN,SPY Component Report
2021-05-11,SPY Component Report EA,SPY Component Report
2021-05-11,SPY Component Report EXE,SPY Component Report
2021-05-11,SPY Component Report PLTR,SPY Component Report
2021-05-11,SPY Component Report TDG,SPY Component Report
2021-05-12,CPI Release,CPI Release
2021-05-13,SPY Component Report COIN,SPY Component Report
2021-05-13,SPY Component Report DASH,SPY Component Report
2021-05-13,SPY Component Report DIS,SPY Component Report
2021-05-14,SPY Component Report ABNB,SPY Component Report
2021-05-18,SPY Component Report HD,SPY Component Report
2021-05-18,SPY Component Report STE,SPY Component Report
2021-05-18,SPY Component Report TTWO,SPY Component Report
2021-05-18,SPY Component Report WMT,SPY Component Report
2021-05-19,SPY Component Report ADI,SPY Component Report
2021-05-19,SPY Component Report CPRT,SPY Component Report
2021-05-19,SPY Component Report CSCO,SPY Component Report
2021-05-19,SPY Component Report KEYS,SPY Component Report
2021-05-19,SPY Component Report LOW,SPY Component Report
2021-05-19,SPY Component Report SNPS,SPY Component Report
2021-05-19,SPY Component Report TGT,SPY Component Report
2021-05-19,SPY Component Report TJX,SPY Component Report
2021-05-20,SPY Component Report AMAT,SPY Component Report
2021-05-20,SPY Component Report DECK,SPY Component Report
2021-05-20,SPY Component Report HRL,SPY Component Report
2021-05-20,SPY Component Report PANW,SPY Component Report
2021-05-20,SPY Component Report RL,SPY Component Report
2021-05-20,SPY Component Report ROST,SPY Component Report
2021-05-21,SPY Component Report DE,SPY Component Report
2021-05-24,SPY Component Report NDSN,SPY Component Report
2021-05-25,SPY Component Report A,SPY Component Report
2021-05-25,SPY Component Report AZO,SPY Component Report
2021-05-25,SPY Component Report INTU,SPY Component Report
2021-05-26,SPY Component Report NVDA,SPY Component Report
2021-05-26,SPY Component Report WDAY,SPY Component Report
2021-05-26,SPY Component Report WSM,SPY Component Report
2021-05-27,SPY Component Report ADSK,SPY Component Report
2021-05-27,SPY Component Report BBY,SPY Component Report
2021-05-27,SPY Component Report COST,SPY Component Report
2021-05-27,SPY Component Report CRM,SPY Component Report
2021-05-27,SPY Component Report DELL,SPY Component Report
2021-05-27,SPY Component Report DG,SPY Component Report
2021-05-27,SPY Component Report DLTR,SPY Component Report
2021-05-27,SPY Component Report HPQ,SPY Component Report
2021-05-27,SPY Component Report MDT,SPY Component Report
2021-05-27,SPY Component Report ULTA,SPY Component Report
2021-05-28,PCE Release for April 2021,PCE Release
2021-05-31,US Holiday Memorial Day,US Holiday
2021-06-01,SPY Component Report HPE,SPY Component Report
2021-06-02,SPY Component Report NTAP,SPY Component Report
2021-06-03,SPY Component Report AVGO,SPY Component Report
2021-06-03,SPY Component Report COO,SPY Component Report
2021-06-03,SPY Component Report CRWD,SPY Component Report
2021-06-03,SPY Component Report LULU,SPY Component Report
2021-06-03,SPY Component Report SJM,SPY Component Report
2021-06-04,NFP Release,NFP Release
2021-06-09,SPY Component Report BF-B,SPY Component Report
2021-06-09,SPY Component Report CPB,SPY Component Report
2021-06-10,CPI Release,CPI Release
2021-06-11,US Market Summit G7 Summit,US Market Summit G7
2021-06-14,Chinese Holiday Dragon Boat Festival,Chinese Holiday
2021-06-15,SPY Component Report ORCL,SPY Component Report
2021-06-16,SPY Component Report LEN,SPY Component Report
2021-06-16,US Market Summit FOMC w/ SEP,US Market Summit FOMC
2021-06-17,SPY Component Report ADBE,SPY Component Report
2021-06-17,SPY Component Report JBL,SPY Component Report
2021-06-17,SPY Component Report KR,SPY Component Report
2021-06-18,SPY OpEx Quarterly,SPY OpEx Quarterly
2021-06-18,US Holiday Juneteenth National Independence Day (observed),US Holiday
2021-06-19,US Holiday Juneteenth National Independence Day,US Holiday
2021-06-24,SPY Component Report ACN,SPY Component Report
2021-06-24,SPY Component Report DRI,SPY Component Report
2021-06-24,SPY Component Report FDX,SPY Component Report
2021-06-24,SPY Component Report NKE,SPY Component Report
2021-06-25,PCE Release for May 2021,PCE Release
2021-06-25,SPY Component Report KMX,SPY Component Report
2021-06-25,SPY Component Report PAYX,SPY Component Report
2021-06-28,SPY Component Report CCL,SPY Component Report
2021-06-29,SPY Component Report FDS,SPY Component Report
2021-06-30,SPY Component Report GIS,SPY Component Report
2021-06-30,SPY Component Report MU,SPY Component Report
2021-06-30,SPY Component Report STZ,SPY Component Report
2021-07-01,SPY Component Report MKC,SPY Component Report
2021-07-01,SPY Component Report WBA,SPY Component Report
2021-07-02,NFP Release,NFP Release
2021-07-04,US Holiday Independence Day,US Holiday
2021-07-05,US Holiday Independence Day (observed),US Holiday
2021-07-13,CPI Release,CPI Release
2021-07-13,SPY Component Report CAG,SPY Component Report
2021-07-13,SPY Component Report FAST,SPY Component Report
2021-07-13,SPY Component Report GS,SPY Component Report
2021-07-13,SPY Component Report JPM,SPY Component Report
2021-07-13,SPY Component Report PEP,SPY Component Report
2021-07-14,SPY Component Report BAC,SPY Component Report
2021-07-14,SPY Component Report C,SPY Component Report
2021-07-14,SPY Component Report DAL,SPY Component Report
2021-07-14,SPY Component Report PNC,SPY Component Report
2021-07-14,SPY Component Report WFC,SPY Component Report
2021-07-15,SPY Component Report BK,SPY Component Report
2021-07-15,SPY Component Report CTAS,SPY Component Report
2021-07-15,SPY Component Report MS,SPY Component Report
2021-07-15,SPY Component Report PGR,SPY Component Report
2021-07-15,SPY Component Report TFC,SPY Component Report
2021-07-15,SPY Component Report UNH,SPY Component Report
2021-07-15,SPY Component Report USB,SPY Component Report
2021-07-16,SPY Component Report SCHW,SPY Component Report
2021-07-16,SPY Component Report STT,SPY Component Report
2021-07-19,SPY Component Report IBM,SPY Component Report
2021-07-19,SPY Component Report JBHT,SPY Component Report
2021-07-19,SPY Component Report PLD,SPY Component Report
2021-07-19,SPY Component Report PPG,SPY Component Report
2021-07-19,SPY Component Report STLD,SPY Component Report
2021-07-19,SPY Component Report TSCO,SPY Component Report
2021-07-20,SPY Component Report CFG,SPY Component Report
2021-07-20,SPY Component Report CMG,SPY Component Report
2021-07-20,SPY Component Report DOV,SPY Component Report
2021-07-20,SPY Component Report HAL,SPY Component Report
2021-07-20,SPY Component Report HCA,SPY Component Report
2021-07-20,SPY Component Report ISRG,SPY Component Report
2021-07-20,SPY Component Report KEY,SPY Component Report
2021-07-20,SPY Component Report NFLX,SPY Component Report
2021-07-20,SPY Component Report OMC,SPY Component Report
2021-07-20,SPY Component Report PM,SPY Component Report
2021-07-20,SPY Component Report SYF,SPY Component Report
2021-07-20,SPY Component Report TRV,SPY Component Report
2021-07-20,SPY Component Report UAL,SPY Component Report
2021-07-21,SPY Component Report BKR,SPY Component Report
2021-07-21,SPY Component Report CCI,SPY Component Report
2021-07-21,SPY Component Report CSX,SPY Component Report
2021-07-21,SPY Component Report EFX,SPY Component Report
2021-07-21,SPY Component Report ELV,SPY Component Report
2021-07-21,SPY Component Report GL,SPY Component Report
2021-07-21,SPY Component Report IPG,SPY Component Report
2021-07-21,SPY Component Report JNJ,SPY Component Report
2021-07-21,SPY Component Report KMI,SPY Component Report
2021-07-21,SPY Component Report KO,SPY Component Report
2021-07-21,SPY Component Report LVS,SPY Component Report
2021-07-21,SPY Component Report MKTX,SPY Component Report
2021-07-21,SPY Component Report MTB,SPY Component Report
2021-07-21,SPY Component Report NDAQ,SPY Component Report
2021-07-21,SPY Component Report NTRS,SPY Component Report
2021-07-21,SPY Component Report NVR,SPY Component Report
2021-07-21,SPY Component Report STX,SPY Component Report
2021-07-21,SPY Component Report TXN,SPY Component Report
2021-07-21,SPY Component Report VZ,SPY Component Report
2021-07-22,SPY Component Report ABT,SPY Component Report
2021-07-22,SPY Component Report AEP,SPY Component Report
2021-07-22,SPY Component Report ALLE,SPY Component Report
2021-07-22,SPY Component Report BIIB,SPY Component Report
2021-07-22,SPY Component Report BX,SPY Component Report
2021-07-22,SPY Component Report COF,SPY Component Report
2021-07-22,SPY Component Report DGX,SPY Component Report
2021-07-22,SPY Component Report DHI,SPY Component Report
2021-07-22,SPY Component Report DHR,SPY Component Report
2021-07-22,SPY Component Report DOW,SPY Component Report
2021-07-22,SPY Component Report DPZ,SPY Component Report
2021-07-22,SPY Component Report FCX,SPY Component Report
2021-07-22,SPY Component Report FE,SPY Component Report
2021-07-22,SPY Component Report FITB,SPY Component Report
2021-07-22,SPY Component Report GPC,SPY Component Report
2021-07-22,SPY Component Report INTC,SPY Component Report
2021-07-22,SPY Component Report LUV,SPY Component Report
2021-07-22,SPY Component Report MMC,SPY Component Report
2021-07-22,SPY Component Report NEM,SPY Component Report
2021-07-22,SPY Component Report NUE,SPY Component Report
2021-07-22,SPY Component Report POOL,SPY Component Report
2021-07-22,SPY Component Report SNA,SPY Component Report
2021-07-22,SPY Component Report T,SPY Component Report
2021-07-22,SPY Component Report UNP,SPY Component Report
2021-07-22,SPY Component Report VRSN,SPY Component Report
2021-07-22,SPY Component Report WRB,SPY Component Report
2021-07-23,SPY Component Report AXP,SPY Component Report
2021-07-23,SPY Component Report HON,SPY Component Report
2021-07-23,SPY Component Report KMB,SPY Component Report
2021-07-23,SPY Component Report NEE,SPY Component Report
2021-07-23,SPY Component Report RF,SPY Component Report
2021-07-23,SPY Component Report ROP,SPY Component Report
2021-07-23,SPY Component Report SLB,SPY Component Report
2021-07-26,SPY Component Report AMP,SPY Component Report
2021-07-26,SPY Component Report ARE,SPY Component Report
2021-07-26,SPY Component Report BRO,SPY Component Report
2021-07-26,SPY Component Report CDNS,SPY Component Report
2021-07-26,SPY Component Report FFIV,SPY Component Report
2021-07-26,SPY Component Report HAS,SPY Component Report
2021-07-26,SPY Component Report LII,SPY Component Report
2021-07-26,SPY Component Report LMT,SPY Component Report
2021-07-26,SPY Component Report OTIS,SPY Component Report
2021-07-26,SPY Component Report PKG,SPY Component Report
2021-07-26,SPY Component Report RVTY,SPY Component Report
2021-07-26,SPY Component Report TSLA,SPY Component Report
2021-07-26,SPY Component Report UHS,SPY Component Report
2021-07-27,SPY Component Report AAPL,SPY Component Report
2021-07-27,SPY Component Report ADM,SPY Component Report
2021-07-27,SPY Component Report AMD,SPY Component Report
2021-07-27,SPY Component Report BSX,SPY Component Report
2021-07-27,SPY Component Report BXP,SPY Component Report
2021-07-27,SPY Component Report CB,SPY Component Report
2021-07-27,SPY Component Report CHRW,SPY Component Report
2021-07-27,SPY Component Report CNC,SPY Component Report
2021-07-27,SPY Component Report CSGP,SPY Component Report
2021-07-27,SPY Component Report DTE,SPY Component Report
2021-07-27,SPY Component Report ECL,SPY Component Report
2021-07-27,SPY Component Report ENPH,SPY Component Report
2021-07-27,SPY Component Report EQR,SPY Component Report
2021-07-27,SPY Component Report EXR,SPY Component Report
2021-07-27,SPY Component Report FI,SPY Component Report
2021-07-27,SPY Component Report GE,SPY Component Report
2021-07-27,SPY Component Report GEN,SPY Component Report
2021-07-27,SPY Component Report GLW,SPY Component Report
2021-07-27,SPY Component Report GOOG,SPY Component Report
2021-07-27,SPY Component Report GOOGL,SPY Component Report
2021-07-27,SPY Component Report HUBB,SPY Component Report
2021-07-27,SPY Component Report IEX,SPY Component Report
2021-07-27,SPY Component Report IQV,SPY Component Report
2021-07-27,SPY Component Report IVZ,SPY Component Report
2021-07-27,SPY Component Report JNPR,SPY Component Report
2021-07-27,SPY Component Report LW,SPY Component Report
2021-07-27,SPY Component Report MDLZ,SPY Component Report
2021-07-27,SPY Component Report MMM,SPY Component Report
2021-07-27,SPY Component Report MPWR,SPY Component Report
2021-07-27,SPY Component Report MSCI,SPY Component Report
2021-07-27,SPY Component Report MSFT,SPY Component Report
2021-07-27,SPY Component Report PCAR,SPY Component Report
2021-07-27,SPY Component Report PFG,SPY Component Report
2021-07-27,SPY Component Report PHM,SPY Component Report
2021-07-27,SPY Component Report PNR,SPY Component Report
2021-07-27,SPY Component Report ROK,SPY Component Report
2021-07-27,SPY Component Report RTX,SPY Component Report
2021-07-27,SPY Component Report SBUX,SPY Component Report
2021-07-27,SPY Component Report SHW,SPY Component Report
2021-07-27,SPY Component Report SWK,SPY Component Report
2021-07-27,SPY Component Report SYK,SPY Component Report
2021-07-27,SPY Component Report TER,SPY Component Report
2021-07-27,SPY Component Report UPS,SPY Component Report
2021-07-27,SPY Component Report V,SPY Component Report
2021-07-27,SPY Component Report WM,SPY Component Report
2021-07-28,SPY Component Report ACGL,SPY Component Report
2021-07-28,SPY Component Report ADP,SPY Component Report
2021-07-28,SPY Component Report AFL,SPY Component Report
2021-07-28,SPY Component Report ALGN,SPY Component Report
2021-07-28,SPY Component Report APH,SPY Component Report
2021-07-28,SPY Component Report AVB,SPY Component Report
2021-07-28,SPY Component Report AVY,SPY Component Report
2021-07-28,SPY Component Report BA,SPY Component Report
2021-07-28,SPY Component Report BG,SPY Component Report
2021-07-28,SPY Component Report BMY,SPY Component Report
2021-07-28,SPY Component Report CINF,SPY Component Report
2021-07-28,SPY Component Report CME,SPY Component Report
2021-07-28,SPY Component Report CTSH,SPY Component Report
2021-07-28,SPY Component Report EG,SPY Component Report
2021-07-28,SPY Component Report EQIX,SPY Component Report
2021-07-28,SPY Component Report EQT,SPY Component Report
2021-07-28,SPY Component Report F,SPY Component Report
2021-07-28,SPY Component Report GD,SPY Component Report
2021-07-28,SPY Component Report GNRC,SPY Component Report
2021-07-28,SPY Component Report GRMN,SPY Component Report
2021-07-28,SPY Component Report HES,SPY Component Report
2021-07-28,SPY Component Report HIG,SPY Component Report
2021-07-28,SPY Component Report HOLX,SPY Component Report
2021-07-28,SPY Component Report HUM,SPY Component Report
2021-07-28,SPY Component Report INVH,SPY Component Report
2021-07-28,SPY Component Report IR,SPY Component Report
2021-07-28,SPY Component Report LRCX,SPY Component Report
2021-07-28,SPY Component Report MAA,SPY Component Report
2021-07-28,SPY Component Report MCD,SPY Component Report
2021-07-28,SPY Component Report MCO,SPY Component Report
2021-07-28,SPY Component Report META,SPY Component Report
2021-07-28,SPY Component Report MOH,SPY Component Report
2021-07-28,SPY Component Report NOW,SPY Component Report
2021-07-28,SPY Component Report NSC,SPY Component Report
2021-07-28,SPY Component Report ODFL,SPY Component Report
2021-07-28,SPY Component Report ORLY,SPY Component Report
2021-07-28,SPY Component Report PFE,SPY Component Report
2021-07-28,SPY Component Report PTC,SPY Component Report
2021-07-28,SPY Component Report PYPL,SPY Component Report
2021-07-28,SPY Component Report QCOM,SPY Component Report
2021-07-28,SPY Component Report RJF,SPY Component Report
2021-07-28,SPY Component Report ROL,SPY Component Report
2021-07-28,SPY Component Report TDY,SPY Component Report
2021-07-28,SPY Component Report TEL,SPY Component Report
2021-07-28,SPY Component Report TMO,SPY Component Report
2021-07-28,SPY Component Report TYL,SPY Component Report
2021-07-28,SPY Component Report UDR,SPY Component Report
2021-07-28,SPY Component Report URI,SPY Component Report
2021-07-28,SPY Component Report VICI,SPY Component Report
2021-07-28,US Market Summit FOMC Statement,US Market Summit FOMC
2021-07-29,SPY Component Report AJG,SPY Component Report
2021-07-29,SPY Component Report AMT,SPY Component Report
2021-07-29,SPY Component Report AMZN,SPY Component Report
2021-07-29,SPY Component Report AOS,SPY Component Report
2021-07-29,SPY Component Report BAX,SPY Component Report
2021-07-29,SPY Component Report CARR,SPY Component Report
2021-07-29,SPY Component Report CBRE,SPY Component Report
2021-07-29,SPY Component Report CMCSA,SPY Component Report
2021-07-29,SPY Component Report CMS,SPY Component Report
2021-07-29,SPY Component Report CPT,SPY Component Report
2021-07-29,SPY Component Report DECK,SPY Component Report
2021-07-29,SPY Component Report DLR,SPY Component Report
2021-07-29,SPY Component Report DXCM,SPY Component Report
2021-07-29,SPY Component Report EIX,SPY Component Report
2021-07-29,SPY Component Report ERIE,SPY Component Report
2021-07-29,SPY Component Report ES,SPY Component Report
2021-07-29,SPY Component Report ESS,SPY Component Report
2021-07-29,SPY Component Report EW,SPY Component Report
2021-07-29,SPY Component Report FSLR,SPY Component Report
2021-07-29,SPY Component Report FTNT,SPY Component Report
2021-07-29,SPY Component Report FTV,SPY Component Report
2021-07-29,SPY Component Report GILD,SPY Component Report
2021-07-29,SPY Component Report HBAN,SPY Component Report
2021-07-29,SPY Component Report HLT,SPY Component Report
2021-07-29,SPY Component Report HSY,SPY Component Report
2021-07-29,SPY Component Report ICE,SPY Component Report
2021-07-29,SPY Component Report IP,SPY Component Report
2021-07-29,SPY Component Report KDP,SPY Component Report
2021-07-29,SPY Component Report KIM,SPY Component Report
2021-07-29,SPY Component Report KLAC,SPY Component Report
2021-07-29,SPY Component Report LH,SPY Component Report
2021-07-29,SPY Component Report LKQ,SPY Component Report
2021-07-29,SPY Component Report MA,SPY Component Report
2021-07-29,SPY Component Report MAS,SPY Component Report
2021-07-29,SPY Component Report MHK,SPY Component Report
2021-07-29,SPY Component Report MLM,SPY Component Report
2021-07-29,SPY Component Report MO,SPY Component Report
2021-07-29,SPY Component Report MRK,SPY Component Report
2021-07-29,SPY Component Report MTD,SPY Component Report
2021-07-29,SPY Component Report NOC,SPY Component Report
2021-07-29,SPY Component Report PCG,SPY Component Report
2021-07-29,SPY Component Report RSG,SPY Component Report
2021-07-29,SPY Component Report SO,SPY Component Report
2021-07-29,SPY Component Report SPGI,SPY Component Report
2021-07-29,SPY Component Report SWKS,SPY Component Report
2021-07-29,SPY Component Report TAP,SPY Component Report
2021-07-29,SPY Component Report TMUS,SPY Component Report
2021-07-29,SPY Component Report TROW,SPY Component Report
2021-07-29,SPY Component Report TXT,SPY Component Report
2021-07-29,SPY Component Report VLO,SPY Component Report
2021-07-29,SPY Component Report VRTX,SPY Component Report
2021-07-29,SPY Component Report WAB,SPY Component Report
2021-07-29,SPY Component Report WELL,SPY Component Report
2021-07-29,SPY Component Report WST,SPY Component Report
2021-07-29,SPY Component Report XEL,SPY Component Report
2021-07-29,SPY Component Report YUM,SPY Component Report
2021-07-30,PCE Release for June 2021 and Annual Update,PCE Release
2021-07-30,SPY Component Report ABBV,SPY Component Report
2021-07-30,SPY Component Report AON,SPY Component Report
2021-07-30,SPY Component Report CAT,SPY Component Report
2021-07-30,SPY Component Report CBOE,SPY Component Report
2021-07-30,SPY Component Report CHD,SPY Component Report
2021-07-30,SPY Component Report CHTR,SPY Component Report
2021-07-30,SPY Component Report CL,SPY Component Report
2021-07-30,SPY Component Report CTRA,SPY Component Report
2021-07-30,SPY Component Report CVX,SPY Component Report
2021-07-30,SPY Component Report GWW,SPY Component Report
2021-07-30,SPY Component Report IDXX,SPY Component Report
2021-07-30,SPY Component Report ITW,SPY Component Report
2021-07-30,SPY Component Report JCI,SPY Component Report
2021-07-30,SPY Component Report LIN,SPY Component Report
2021-07-30,SPY Component Report LYB,SPY Component Report
2021-07-30,SPY Component Report PG,SPY Component Report
2021-07-30,SPY Component Report WY,SPY Component Report
2021-07-30,SPY Component Report XOM,SPY Component Report
2021-08-01,SPY Component Report NXPI,SPY Component Report
2021-08-02,SPY Component Report ANET,SPY Component Report
2021-08-02,SPY Component Report AWK,SPY Component Report
2021-08-02,SPY Component Report EMN,SPY Component Report
2021-08-02,SPY Component Report FANG,SPY Component Report
2021-08-02,SPY Component Report GPN,SPY Component Report
2021-08-02,SPY Component Report O,SPY Component Report
2021-08-02,SPY Component Report ON,SPY Component Report
2021-08-02,SPY Component Report SBAC,SPY Component Report
2021-08-02,SPY Component Report SPG,SPY Component Report
2021-08-02,SPY Component Report TTWO,SPY Component Report
2021-08-02,SPY Component Report WMB,SPY Component Report
2021-08-03,SPY Component Report AIZ,SPY Component Report
2021-08-03,SPY Component Report AKAM,SPY Component Report
2021-08-03,SPY Component Report AME,SPY Component Report
2021-08-03,SPY Component Report AMGN,SPY Component Report
2021-08-03,SPY Component Report BEN,SPY Component Report
2021-08-03,SPY Component Report CLX,SPY Component Report
2021-08-03,SPY Component Report CMI,SPY Component Report
2021-08-03,SPY Component Report COP,SPY Component Report
2021-08-03,SPY Component Report CZR,SPY Component Report
2021-08-03,SPY Component Report DD,SPY Component Report
2021-08-03,SPY Component Report DOC,SPY Component Report
2021-08-03,SPY Component Report DVA,SPY Component Report
2021-08-03,SPY Component Report DVN,SPY Component Report
2021-08-03,SPY Component Report ETN,SPY Component Report
2021-08-03,SPY Component Report EXPD,SPY Component Report
2021-08-03,SPY Component Report FICO,SPY Component Report
2021-08-03,SPY Component Report FIS,SPY Component Report
2021-08-03,SPY Component Report HSIC,SPY Component Report
2021-08-03,SPY Component Report HST,SPY Component Report
2021-08-03,SPY Component Report INCY,SPY Component Report
2021-08-03,SPY Component Report IT,SPY Component Report
2021-08-03,SPY Component Report J,SPY Component Report
2021-08-03,SPY Component Report KKR,SPY Component Report
2021-08-03,SPY Component Report LDOS,SPY Component Report
2021-08-03,SPY Component Report LHX,SPY Component Report
2021-08-03,SPY Component Report LLY,SPY Component Report
2021-08-03,SPY Component Report LYV,SPY Component Report
2021-08-03,SPY Component Report MAR,SPY Component Report
2021-08-03,SPY Component Report MCHP,SPY Component Report
2021-08-03,SPY Component Report MCK,SPY Component Report
2021-08-03,SPY Component Report MOS,SPY Component Report
2021-08-03,SPY Component Report MTCH,SPY Component Report
2021-08-03,SPY Component Report OKE,SPY Component Report
2021-08-03,SPY Component Report OXY,SPY Component Report
2021-08-03,SPY Component Report PAYC,SPY Component Report
2021-08-03,SPY Component Report PEG,SPY Component Report
2021-08-03,SPY Component Report PRU,SPY Component Report
2021-08-03,SPY Component Report PSA,SPY Component Report
2021-08-03,SPY Component Report PSX,SPY Component Report
2021-08-03,SPY Component Report RL,SPY Component Report
2021-08-03,SPY Component Report VRSK,SPY Component Report
2021-08-03,SPY Component Report WAT,SPY Component Report
2021-08-03,SPY Component Report WBD,SPY Component Report
2021-08-03,SPY Component Report WEC,SPY Component Report
2021-08-03,SPY Component Report WTW,SPY Component Report
2021-08-03,SPY Component Report XYL,SPY Component Report
2021-08-03,SPY Component Report ZBH,SPY Component Report
2021-08-03,SPY Component Report ZBRA,SPY Component Report
2021-08-04,SPY Component Report AES,SPY Component Report
2021-08-04,SPY Component Report ALB,SPY Component Report
2021-08-04,SPY Component Report ALL,SPY Component Report
2021-08-04,SPY Component Report ANSS,SPY Component Report
2021-08-04,SPY Component Report APA,SPY Component Report
2021-08-04,SPY Component Report APO,SPY Component Report
2021-08-04,SPY Component Report ATO,SPY Component Report
2021-08-04,SPY Component Report BKNG,SPY Component Report
2021-08-04,SPY Component Report CDW,SPY Component Report
2021-08-04,SPY Component Report COR,SPY Component Report
2021-08-04,SPY Component Report CPAY,SPY Component Report
2021-08-04,SPY Component Report CRL,SPY Component Report
2021-08-04,SPY Component Report CVS,SPY Component Report
2021-08-04,SPY Component Report DAY,SPY Component Report
2021-08-04,SPY Component Report EA,SPY Component Report
2021-08-04,SPY Component Report EMR,SPY Component Report
2021-08-04,SPY Component Report EOG,SPY Component Report
2021-08-04,SPY Component Report ETR,SPY Component Report
2021-08-04,SPY Component Report EXC,SPY Component Report
2021-08-04,SPY Component Report FOXA,SPY Component Report
2021-08-04,SPY Component Report FRT,SPY Component Report
2021-08-04,SPY Component Report GDDY,SPY Component Report
2021-08-04,SPY Component Report GM,SPY Component Report
2021-08-04,SPY Component Report HWM,SPY Component Report
2021-08-04,SPY Component Report KHC,SPY Component Report
2021-08-04,SPY Component Report MET,SPY Component Report
2021-08-04,SPY Component Report MGM,SPY Component Report
2021-08-04,SPY Component Report MPC,SPY Component Report
2021-08-04,SPY Component Report NI,SPY Component Report
2021-08-04,SPY Component Report RCL,SPY Component Report
2021-08-04,SPY Component Report TRMB,SPY Component Report
2021-08-04,SPY Component Report TT,SPY Component Report
2021-08-04,SPY Component Report UBER,SPY Component Report
2021-08-04,SPY Component Report VMC,SPY Component Report
2021-08-04,SPY Component Report WDC,SPY Component Report
2021-08-04,SPY Component Report WYNN,SPY Component Report
2021-08-05,SPY Component Report AEE,SPY Component Report
2021-08-05,SPY Component Report AIG,SPY Component Report
2021-08-05,SPY Component Report APTV,SPY Component Report
2021-08-05,SPY Component Report AXON,SPY Component Report
2021-08-05,SPY Component Report BALL,SPY Component Report
2021-08-05,SPY Component Report BDX,SPY Component Report
2021-08-05,SPY Component Report BLDR,SPY Component Report
2021-08-05,SPY Component Report CAH,SPY Component Report
2021-08-05,SPY Component Report CI,SPY Component Report
2021-08-05,SPY Component Report CNP,SPY Component Report
2021-08-05,SPY Component Report CTVA,SPY Component Report
2021-08-05,SPY Component Report DUK,SPY Component Report
2021-08-05,SPY Component Report ED,SPY Component Report
2021-08-05,SPY Component Report EPAM,SPY Component Report
2021-08-05,SPY Component Report EVRG,SPY Component Report
2021-08-05,SPY Component Report EXPE,SPY Component Report
2021-08-05,SPY Component Report HII,SPY Component Report
2021-08-05,SPY Component Report IFF,SPY Component Report
2021-08-05,SPY Component Report IRM,SPY Component Report
2021-08-05,SPY Component Report K,SPY Component Report
2021-08-05,SPY Component Report LNT,SPY Component Report
2021-08-05,SPY Component Report MNST,SPY Component Report
2021-08-05,SPY Component Report MRNA,SPY Component Report
2021-08-05,SPY Component Report MSI,SPY Component Report
2021-08-05,SPY Component Report NRG,SPY Component Report
2021-08-05,SPY Component Report NWS,SPY Component Report
2021-08-05,SPY Component Report NWSA,SPY Component Report
2021-08-05,SPY Component Report PARA,SPY Component Report
2021-08-05,SPY Component Report PH,SPY Component Report
2021-08-05,SPY Component Report PNW,SPY Component Report
2021-08-05,SPY Component Report PODD,SPY Component Report
2021-08-05,SPY Component Report PPL,SPY Component Report
2021-08-05,SPY Component Report PWR,SPY Component Report
2021-08-05,SPY Component Report REG,SPY Component Report
2021-08-05,SPY Component Report REGN,SPY Component Report
2021-08-05,SPY Component Report RMD,SPY Component Report
2021-08-05,SPY Component Report SRE,SPY Component Report
2021-08-05,SPY Component Report TECH,SPY Component Report
2021-08-05,SPY Component Report TPL,SPY Component Report
2021-08-05,SPY Component Report TRGP,SPY Component Report
2021-08-05,SPY Component Report VST,SPY Component Report
2021-08-05,SPY Component Report ZTS,SPY Component Report
2021-08-06,NFP Release,NFP Release
2021-08-06,SPY Component Report D,SPY Component Report
2021-08-06,SPY Component Report NCLH,SPY Component Report
2021-08-06,SPY Component Report VTR,SPY Component Report
2021-08-07,SPY Component Report BRK-B,SPY Component Report
2021-08-08,SPY Component Report STE,SPY Component Report
2021-08-09,SPY Component Report APD,SPY Component Report
2021-08-09,SPY Component Report CF,SPY Component Report
2021-08-09,SPY Component Report TSN,SPY Component Report
2021-08-09,SPY Component Report VTRS,SPY Component Report
2021-08-10,SPY Component Report COIN,SPY Component Report
2021-08-10,SPY Component Report EXE,SPY Component Report
2021-08-10,SPY Component Report SMCI,SPY Component Report
2021-08-10,SPY Component Report SYY,SPY Component Report
2021-08-10,SPY Component Report TDG,SPY Component Report
2021-08-11,CPI Release,CPI Release
2021-08-11,SPY Component Report EBAY,SPY Component Report
2021-08-12,SPY Component Report ABNB,SPY Component Report
2021-08-12,SPY Component Report BR,SPY Component Report
2021-08-12,SPY Component Report DASH,SPY Component Report
2021-08-12,SPY Component Report DIS,SPY Component Report
2021-08-12,SPY Component Report PLTR,SPY Component Report
2021-08-17,SPY Component Report A,SPY Component Report
2021-08-17,SPY Component Report AMCR,SPY Component Report
2021-08-17,SPY Component Report HD,SPY Component Report
2021-08-17,SPY Component Report JKHY,SPY Component Report
2021-08-17,SPY Component Report WMT,SPY Component Report
2021-08-18,SPY Component Report ADI,SPY Component Report
2021-08-18,SPY Component Report CSCO,SPY Component Report
2021-08-18,SPY Component Report KEYS,SPY Component Report
2021-08-18,SPY Component Report LOW,SPY Component Report
2021-08-18,SPY Component Report NVDA,SPY Component Report
2021-08-18,SPY Component Report SNPS,SPY Component Report
2021-08-18,SPY Component Report TGT,SPY Component Report
2021-08-18,SPY Component Report TJX,SPY Component Report
2021-08-19,SPY Component Report AMAT,SPY Component Report
2021-08-19,SPY Component Report EL,SPY Component Report
2021-08-19,SPY Component Report ROST,SPY Component Report
2021-08-19,SPY Component Report TPR,SPY Component Report
2021-08-20,SPY Component Report DE,SPY Component Report
2021-08-23,SPY Component Report PANW,SPY Component Report
2021-08-24,SPY Component Report BBY,SPY Component Report
2021-08-24,SPY Component Report INTU,SPY Component Report
2021-08-24,SPY Component Report MDT,SPY Component Report
2021-08-25,SPY Component Report ADSK,SPY Component Report
2021-08-25,SPY Component Report CRM,SPY Component Report
2021-08-25,SPY Component Report NTAP,SPY Component Report
2021-08-25,SPY Component Report ULTA,SPY Component Report
2021-08-25,SPY Component Report WSM,SPY Component Report
2021-08-26,SPY Component Report DELL,SPY Component Report
2021-08-26,SPY Component Report DG,SPY Component Report
2021-08-26,SPY Component Report DLTR,SPY Component Report
2021-08-26,SPY Component Report HPQ,SPY Component Report
2021-08-26,SPY Component Report SJM,SPY Component Report
2021-08-26,SPY Component Report WDAY,SPY Component Report
2021-08-27,PCE Release for July 2021,PCE Release
2021-08-27,US Market Summit Jackson Hole,US Market Summit Jackson Hole
2021-08-30,SPY Component Report NDSN,SPY Component Report
2021-08-31,SPY Component Report CRWD,SPY Component Report
2021-09-01,SPY Component Report BF-B,SPY Component Report
2021-09-01,SPY Component Report CPB,SPY Component Report
2021-09-02,SPY Component Report AVGO,SPY Component Report
2021-09-02,SPY Component Report COO,SPY Component Report
2021-09-02,SPY Component Report HPE,SPY Component Report
2021-09-02,SPY Component Report HRL,SPY Component Report
2021-09-03,NFP Release,NFP Release
2021-09-06,US Holiday Labor Day,US Holiday
2021-09-08,SPY Component Report CPRT,SPY Component Report
2021-09-08,SPY Component Report LULU,SPY Component Report
2021-09-10,SPY Component Report KR,SPY Component Report
2021-09-13,SPY Component Report ORCL,SPY Component Report
2021-09-14,CPI Release,CPI Release
2021-09-17,SPY OpEx Quarterly,SPY OpEx Quarterly
2021-09-20,Chinese Holiday Rest Day,Chinese Holiday
2021-09-20,SPY Component Report LEN,SPY Component Report
2021-09-21,Chinese Holiday Mid-Autumn Festival,Chinese Holiday
2021-09-21,SPY Component Report ADBE,SPY Component Report
2021-09-21,SPY Component Report AZO,SPY Component Report
2021-09-21,SPY Component Report FDX,SPY Component Report
2021-09-22,SPY Component Report GIS,SPY Component Report
2021-09-22,US Market Summit FOMC w/ SEP,US Market Summit FOMC
2021-09-23,SPY Component Report ACN,SPY Component Report
2021-09-23,SPY Component Report COST,SPY Component Report
2021-09-23,SPY Component Report DRI,SPY Component Report
2021-09-23,SPY Component Report NKE,SPY Component Report
2021-09-28,SPY Component Report FDS,SPY Component Report
2021-09-28,SPY Component Report MU,SPY Component Report
2021-09-29,SPY Component Report CTAS,SPY Component Report
2021-09-29,SPY Component Report JBL,SPY Component Report
2021-09-30,SPY Component Report CCL,SPY Component Report
2021-09-30,SPY Component Report KMX,SPY Component Report
2021-09-30,SPY Component Report MKC,SPY Component Report
2021-09-30,SPY Component Report PAYX,SPY Component Report
2021-10-01,Chinese Holiday National Day,Chinese Holiday
2021-10-01,PCE Release for August 2021,PCE Release
2021-10-02,Chinese Holiday National Day,Chinese Holiday
2021-10-03,Chinese Holiday National Day,Chinese Holiday
2021-10-04,Chinese Holiday National Day,Chinese Holiday
2021-10-05,Chinese Holiday National Day,Chinese Holiday
2021-10-05,SPY Component Report PEP,SPY Component Report
2021-10-06,Chinese Holiday Rest Day,Chinese Holiday
2021-10-06,SPY Component Report STZ,SPY Component Report
2021-10-07,Chinese Holiday Rest Day,Chinese Holiday
2021-10-07,SPY Component Report CAG,SPY Component Report
2021-10-07,SPY Component Report LW,SPY Component Report
2021-10-08,NFP Release,NFP Release
2021-10-11,US Holiday Columbus Day,US Holiday
2021-10-12,SPY Component Report FAST,SPY Component Report
2021-10-13,CPI Release,CPI Release
2021-10-13,SPY Component Report DAL,SPY Component Report
2021-10-13,SPY Component Report JPM,SPY Component Report
2021-10-14,SPY Component Report BAC,SPY Component Report
2021-10-14,SPY Component Report C,SPY Component Report
2021-10-14,SPY Component Report DPZ,SPY Component Report
2021-10-14,SPY Component Report MS,SPY Component Report
2021-10-14,SPY Component Report PGR,SPY Component Report
2021-10-14,SPY Component Report UNH,SPY Component Report
2021-10-14,SPY Component Report USB,SPY Component Report
2021-10-14,SPY Component Report WBA,SPY Component Report
2021-10-14,SPY Component Report WFC,SPY Component Report
2021-10-15,SPY Component Report GS,SPY Component Report
2021-10-15,SPY Component Report JBHT,SPY Component Report
2021-10-15,SPY Component Report PLD,SPY Component Report
2021-10-15,SPY Component Report PNC,SPY Component Report
2021-10-15,SPY Component Report SCHW,SPY Component Report
2021-10-15,SPY Component Report TFC,SPY Component Report
2021-10-18,SPY Component Report STLD,SPY Component Report
2021-10-18,SPY Component Report STT,SPY Component Report
2021-10-19,SPY Component Report BK,SPY Component Report
2021-10-19,SPY Component Report DOV,SPY Component Report
2021-10-19,SPY Component Report FITB,SPY Component Report
2021-10-19,SPY Component Report HAL,SPY Component Report
2021-10-19,SPY Component Report ISRG,SPY Component Report
2021-10-19,SPY Component Report JNJ,SPY Component Report
2021-10-19,SPY Component Report NFLX,SPY Component Report
2021-10-19,SPY Component Report OMC,SPY Component Report
2021-10-19,SPY Component Report PG,SPY Component Report
2021-10-19,SPY Component Report PM,SPY Component Report
2021-10-19,SPY Component Report SYF,SPY Component Report
2021-10-19,SPY Component Report TRV,SPY Component Report
2021-10-19,SPY Component Report UAL,SPY Component Report
2021-10-20,SPY Component Report ABT,SPY Component Report
2021-10-20,SPY Component Report BIIB,SPY Component Report
2021-10-20,SPY Component Report BKR,SPY Component Report
2021-10-20,SPY Component Report CCI,SPY Component Report
2021-10-20,SPY Component Report CFG,SPY Component Report
2021-10-20,SPY Component Report CSX,SPY Component Report
2021-10-20,SPY Component Report EFX,SPY Component Report
2021-10-20,SPY Component Report ELV,SPY Component Report
2021-10-20,SPY Component Report GL,SPY Component Report
2021-10-20,SPY Component Report IBM,SPY Component Report
2021-10-20,SPY Component Report KMI,SPY Component Report
2021-10-20,SPY Component Report LRCX,SPY Component Report
2021-10-20,SPY Component Report LVS,SPY Component Report
2021-10-20,SPY Component Report MKTX,SPY Component Report
2021-10-20,SPY Component Report MTB,SPY Component Report
2021-10-20,SPY Component Report NDAQ,SPY Component Report
2021-10-20,SPY Component Report NEE,SPY Component Report
2021-10-20,SPY Component Report NTRS,SPY Component Report
2021-10-20,SPY Component Report PPG,SPY Component Report
2021-10-20,SPY Component Report TSLA,SPY Component Report
2021-10-20,SPY Component Report VZ,SPY Component Report
2021-10-21,SPY Component Report ALLE,SPY Component Report
2021-10-21,SPY Component Report BX,SPY Component Report
2021-10-21,SPY Component Report CMG,SPY Component Report
2021-10-21,SPY Component Report DGX,SPY Component Report
2021-10-21,SPY Component Report DHR,SPY Component Report
2021-10-21,SPY Component Report DOW,SPY Component Report
2021-10-21,SPY Component Report FCX,SPY Component Report
2021-10-21,SPY Component Report GPC,SPY Component Report
2021-10-21,SPY Component Report INTC,SPY Component Report
2021-10-21,SPY Component Report IPG,SPY Component Report
2021-10-21,SPY Component Report IQV,SPY Component Report
2021-10-21,SPY Component Report KEY,SPY Component Report
2021-10-21,SPY Component Report LUV,SPY Component Report
2021-10-21,SPY Component Report MMC,SPY Component Report
2021-10-21,SPY Component Report NUE,SPY Component Report
2021-10-21,SPY Component Report NVR,SPY Component Report
2021-10-21,SPY Component Report POOL,SPY Component Report
2021-10-21,SPY Component Report SNA,SPY Component Report
2021-10-21,SPY Component Report T,SPY Component Report
2021-10-21,SPY Component Report TSCO,SPY Component Report
2021-10-21,SPY Component Report UNP,SPY Component Report
2021-10-21,SPY Component Report VLO,SPY Component Report
2021-10-21,SPY Component Report WRB,SPY Component Report
2021-10-22,SPY Component Report AXP,SPY Component Report
2021-10-22,SPY Component Report HCA,SPY Component Report
2021-10-22,SPY Component Report HON,SPY Component Report
2021-10-22,SPY Component Report RF,SPY Component Report
2021-10-22,SPY Component Report ROP,SPY Component Report
2021-10-22,SPY Component Report SLB,SPY Component Report
2021-10-22,SPY Component Report STX,SPY Component Report
2021-10-25,SPY Component Report ARE,SPY Component Report
2021-10-25,SPY Component Report BRO,SPY Component Report
2021-10-25,SPY Component Report CDNS,SPY Component Report
2021-10-25,SPY Component Report KMB,SPY Component Report
2021-10-25,SPY Component Report LII,SPY Component Report
2021-10-25,SPY Component Report META,SPY Component Report
2021-10-25,SPY Component Report OTIS,SPY Component Report
2021-10-25,SPY Component Report PKG,SPY Component Report
2021-10-25,SPY Component Report UHS,SPY Component Report
2021-10-26,SPY Component Report ADM,SPY Component Report
2021-10-26,SPY Component Report AMD,SPY Component Report
2021-10-26,SPY Component Report AMP,SPY Component Report
2021-10-26,SPY Component Report BXP,SPY Component Report
2021-10-26,SPY Component Report CB,SPY Component Report
2021-10-26,SPY Component Report CHRW,SPY Component Report
2021-10-26,SPY Component Report CNC,SPY Component Report
2021-10-26,SPY Component Report COF,SPY Component Report
2021-10-26,SPY Component Report CSGP,SPY Component Report
2021-10-26,SPY Component Report DLR,SPY Component Report
2021-10-26,SPY Component Report ECL,SPY Component Report
2021-10-26,SPY Component Report ENPH,SPY Component Report
2021-10-26,SPY Component Report EQR,SPY Component Report
2021-10-26,SPY Component Report ESS,SPY Component Report
2021-10-26,SPY Component Report FFIV,SPY Component Report
2021-10-26,SPY Component Report GE,SPY Component Report
2021-10-26,SPY Component Report GLW,SPY Component Report
2021-10-26,SPY Component Report GOOG,SPY Component Report
2021-10-26,SPY Component Report GOOGL,SPY Component Report
2021-10-26,SPY Component Report HAS,SPY Component Report
2021-10-26,SPY Component Report HUBB,SPY Component Report
2021-10-26,SPY Component Report IEX,SPY Component Report
2021-10-26,SPY Component Report IVZ,SPY Component Report
2021-10-26,SPY Component Report JNPR,SPY Component Report
2021-10-26,SPY Component Report LLY,SPY Component Report
2021-10-26,SPY Component Report LMT,SPY Component Report
2021-10-26,SPY Component Report MMM,SPY Component Report
2021-10-26,SPY Component Report MSCI,SPY Component Report
2021-10-26,SPY Component Report MSFT,SPY Component Report
2021-10-26,SPY Component Report PCAR,SPY Component Report
2021-10-26,SPY Component Report PFG,SPY Component Report
2021-10-26,SPY Component Report PHM,SPY Component Report
2021-10-26,SPY Component Report PNR,SPY Component Report
2021-10-26,SPY Component Report RTX,SPY Component Report
2021-10-26,SPY Component Report SHW,SPY Component Report
2021-10-26,SPY Component Report SPGI,SPY Component Report
2021-10-26,SPY Component Report TER,SPY Component Report
2021-10-26,SPY Component Report TXN,SPY Component Report
2021-10-26,SPY Component Report UDR,SPY Component Report
2021-10-26,SPY Component Report UPS,SPY Component Report
2021-10-26,SPY Component Report V,SPY Component Report
2021-10-26,SPY Component Report WM,SPY Component Report
2021-10-27,SPY Component Report ACGL,SPY Component Report
2021-10-27,SPY Component Report ADP,SPY Component Report
2021-10-27,SPY Component Report AFL,SPY Component Report
2021-10-27,SPY Component Report ALGN,SPY Component Report
2021-10-27,SPY Component Report APH,SPY Component Report
2021-10-27,SPY Component Report AVB,SPY Component Report
2021-10-27,SPY Component Report AVY,SPY Component Report
2021-10-27,SPY Component Report BA,SPY Component Report
2021-10-27,SPY Component Report BG,SPY Component Report
2021-10-27,SPY Component Report BMY,SPY Component Report
2021-10-27,SPY Component Report BSX,SPY Component Report
2021-10-27,SPY Component Report CINF,SPY Component Report
2021-10-27,SPY Component Report CME,SPY Component Report
2021-10-27,SPY Component Report CTSH,SPY Component Report
2021-10-27,SPY Component Report DTE,SPY Component Report
2021-10-27,SPY Component Report EBAY,SPY Component Report
2021-10-27,SPY Component Report EG,SPY Component Report
2021-10-27,SPY Component Report EQT,SPY Component Report
2021-10-27,SPY Component Report EW,SPY Component Report
2021-10-27,SPY Component Report EXR,SPY Component Report
2021-10-27,SPY Component Report F,SPY Component Report
2021-10-27,SPY Component Report FI,SPY Component Report
2021-10-27,SPY Component Report GD,SPY Component Report
2021-10-27,SPY Component Report GM,SPY Component Report
2021-10-27,SPY Component Report GRMN,SPY Component Report
2021-10-27,SPY Component Report HES,SPY Component Report
2021-10-27,SPY Component Report HLT,SPY Component Report
2021-10-27,SPY Component Report INVH,SPY Component Report
2021-10-27,SPY Component Report IP,SPY Component Report
2021-10-27,SPY Component Report KHC,SPY Component Report
2021-10-27,SPY Component Report KLAC,SPY Component Report
2021-10-27,SPY Component Report KO,SPY Component Report
2021-10-27,SPY Component Report MAA,SPY Component Report
2021-10-27,SPY Component Report MAS,SPY Component Report
2021-10-27,SPY Component Report MCD,SPY Component Report
2021-10-27,SPY Component Report MOH,SPY Component Report
2021-10-27,SPY Component Report NOW,SPY Component Report
2021-10-27,SPY Component Report NSC,SPY Component Report
2021-10-27,SPY Component Report ODFL,SPY Component Report
2021-10-27,SPY Component Report ORLY,SPY Component Report
2021-10-27,SPY Component Report RJF,SPY Component Report
2021-10-27,SPY Component Report ROL,SPY Component Report
2021-10-27,SPY Component Report TDY,SPY Component Report
2021-10-27,SPY Component Report TEL,SPY Component Report
2021-10-27,SPY Component Report TMO,SPY Component Report
2021-10-27,SPY Component Report TYL,SPY Component Report
2021-10-27,SPY Component Report URI,SPY Component Report
2021-10-27,SPY Component Report VICI,SPY Component Report
2021-10-27,SPY Component Report WAB,SPY Component Report
2021-10-28,SPY Component Report AAPL,SPY Component Report
2021-10-28,SPY Component Report AEP,SPY Component Report
2021-10-28,SPY Component Report AJG,SPY Component Report
2021-10-28,SPY Component Report AMT,SPY Component Report
2021-10-28,SPY Component Report AMZN,SPY Component Report
2021-10-28,SPY Component Report AOS,SPY Component Report
2021-10-28,SPY Component Report BAX,SPY Component Report
2021-10-28,SPY Component Report CARR,SPY Component Report
2021-10-28,SPY Component Report CAT,SPY Component Report
2021-10-28,SPY Component Report CBRE,SPY Component Report
2021-10-28,SPY Component Report CMCSA,SPY Component Report
2021-10-28,SPY Component Report CMS,SPY Component Report
2021-10-28,SPY Component Report CPT,SPY Component Report
2021-10-28,SPY Component Report DECK,SPY Component Report
2021-10-28,SPY Component Report DVA,SPY Component Report
2021-10-28,SPY Component Report DXCM,SPY Component Report
2021-10-28,SPY Component Report EMN,SPY Component Report
2021-10-28,SPY Component Report ERIE,SPY Component Report
2021-10-28,SPY Component Report FE,SPY Component Report
2021-10-28,SPY Component Report FTV,SPY Component Report
2021-10-28,SPY Component Report GILD,SPY Component Report
2021-10-28,SPY Component Report HBAN,SPY Component Report
2021-10-28,SPY Component Report HIG,SPY Component Report
2021-10-28,SPY Component Report HSY,SPY Component Report
2021-10-28,SPY Component Report ICE,SPY Component Report
2021-10-28,SPY Component Report ITW,SPY Component Report
2021-10-28,SPY Component Report KDP,SPY Component Report
2021-10-28,SPY Component Report LH,SPY Component Report
2021-10-28,SPY Component Report LKQ,SPY Component Report
2021-10-28,SPY Component Report MA,SPY Component Report
2021-10-28,SPY Component Report MCO,SPY Component Report
2021-10-28,SPY Component Report MHK,SPY Component Report
2021-10-28,SPY Component Report MO,SPY Component Report
2021-10-28,SPY Component Report MPWR,SPY Component Report
2021-10-28,SPY Component Report MRK,SPY Component Report
2021-10-28,SPY Component Report NEM,SPY Component Report
2021-10-28,SPY Component Report NOC,SPY Component Report
2021-10-28,SPY Component Report RMD,SPY Component Report
2021-10-28,SPY Component Report RSG,SPY Component Report
2021-10-28,SPY Component Report SBUX,SPY Component Report
2021-10-28,SPY Component Report SWK,SPY Component Report
2021-10-28,SPY Component Report SYK,SPY Component Report
2021-10-28,SPY Component Report TAP,SPY Component Report
2021-10-28,SPY Component Report TROW,SPY Component Report
2021-10-28,SPY Component Report TXT,SPY Component Report
2021-10-28,SPY Component Report VRSN,SPY Component Report
2021-10-28,SPY Component Report WDC,SPY Component Report
2021-10-28,SPY Component Report WST,SPY Component Report
2021-10-28,SPY Component Report WTW,SPY Component Report
2021-10-28,SPY Component Report XEL,SPY Component Report
2021-10-28,SPY Component Report YUM,SPY Component Report
2021-10-29,PCE Release for September 2021,PCE Release
2021-10-29,SPY Component Report ABBV,SPY Component Report
2021-10-29,SPY Component Report AON,SPY Component Report
2021-10-29,SPY Component Report CBOE,SPY Component Report
2021-10-29,SPY Component Report CHD,SPY Component Report
2021-10-29,SPY Component Report CHTR,SPY Component Report
2021-10-29,SPY Component Report CL,SPY Component Report
2021-10-29,SPY Component Report CVX,SPY Component Report
2021-10-29,SPY Component Report GWW,SPY Component Report
2021-10-29,SPY Component Report LHX,SPY Component Report
2021-10-29,SPY Component Report LIN,SPY Component Report
2021-10-29,SPY Component Report LYB,SPY Component Report
2021-10-29,SPY Component Report PSX,SPY Component Report
2021-10-29,SPY Component Report RCL,SPY Component Report
2021-10-29,SPY Component Report WY,SPY Component Report
2021-10-29,SPY Component Report XOM,SPY Component Report
2021-10-30,US Market Summit G20 Summit,US Market Summit G20
2021-11-01,SPY Component Report ANET,SPY Component Report
2021-11-01,SPY Component Report BEN,SPY Component Report
2021-11-01,SPY Component Report CLX,SPY Component Report
2021-11-01,SPY Component Report FANG,SPY Component Report
2021-11-01,SPY Component Report HOLX,SPY Component Report
2021-11-01,SPY Component Report MCK,SPY Component Report
2021-11-01,SPY Component Report MOS,SPY Component Report
2021-11-01,SPY Component Report NXPI,SPY Component Report
2021-11-01,SPY Component Report O,SPY Component Report
2021-11-01,SPY Component Report ON,SPY Component Report
2021-11-01,SPY Component Report PCG,SPY Component Report
2021-11-01,SPY Component Report PSA,SPY Component Report
2021-11-01,SPY Component Report SBAC,SPY Component Report
2021-11-01,SPY Component Report SPG,SPY Component Report
2021-11-01,SPY Component Report WMB,SPY Component Report
2021-11-02,SPY Component Report AIZ,SPY Component Report
2021-11-02,SPY Component Report AKAM,SPY Component Report
2021-11-02,SPY Component Report AMCR,SPY Component Report
2021-11-02,SPY Component Report AME,SPY Component Report
2021-11-02,SPY Component Report AMGN,SPY Component Report
2021-11-02,SPY Component Report APO,SPY Component Report
2021-11-02,SPY Component Report AWK,SPY Component Report
2021-11-02,SPY Component Report CMI,SPY Component Report
2021-11-02,SPY Component Report COP,SPY Component Report
2021-11-02,SPY Component Report CZR,SPY Component Report
2021-11-02,SPY Component Report DD,SPY Component Report
2021-11-02,SPY Component Report DOC,SPY Component Report
2021-11-02,SPY Component Report DVN,SPY Component Report
2021-11-02,SPY Component Report EIX,SPY Component Report
2021-11-02,SPY Component Report EL,SPY Component Report
2021-11-02,SPY Component Report ES,SPY Component Report
2021-11-02,SPY Component Report ETN,SPY Component Report
2021-11-02,SPY Component Report EXE,SPY Component Report
2021-11-02,SPY Component Report EXPD,SPY Component Report
2021-11-02,SPY Component Report GNRC,SPY Component Report
2021-11-02,SPY Component Report GPN,SPY Component Report
2021-11-02,SPY Component Report HSIC,SPY Component Report
2021-11-02,SPY Component Report IDXX,SPY Component Report
2021-11-02,SPY Component Report INCY,SPY Component Report
2021-11-02,SPY Component Report IT,SPY Component Report
2021-11-02,SPY Component Report KKR,SPY Component Report
2021-11-02,SPY Component Report LDOS,SPY Component Report
2021-11-02,SPY Component Report MDLZ,SPY Component Report
2021-11-02,SPY Component Report MLM,SPY Component Report
2021-11-02,SPY Component Report MPC,SPY Component Report
2021-11-02,SPY Component Report MTCH,SPY Component Report
2021-11-02,SPY Component Report OKE,SPY Component Report
2021-11-02,SPY Component Report PAYC,SPY Component Report
2021-11-02,SPY Component Report PEG,SPY Component Report
2021-11-02,SPY Component Report PFE,SPY Component Report
2021-11-02,SPY Component Report PRU,SPY Component Report
2021-11-02,SPY Component Report RL,SPY Component Report
2021-11-02,SPY Component Report ROK,SPY Component Report
2021-11-02,SPY Component Report RVTY,SPY Component Report
2021-11-02,SPY Component Report SMCI,SPY Component Report
2021-11-02,SPY Component Report STE,SPY Component Report
2021-11-02,SPY Component Report TECH,SPY Component Report
2021-11-02,SPY Component Report TMUS,SPY Component Report
2021-11-02,SPY Component Report VRSK,SPY Component Report
2021-11-02,SPY Component Report VRTX,SPY Component Report
2021-11-02,SPY Component Report WAT,SPY Component Report
2021-11-02,SPY Component Report WEC,SPY Component Report
2021-11-02,SPY Component Report XYL,SPY Component Report
2021-11-02,SPY Component Report ZBRA,SPY Component Report
2021-11-03,SPY Component Report AEE,SPY Component Report
2021-11-03,SPY Component Report AES,SPY Component Report
2021-11-03,SPY Component Report ALB,SPY Component Report
2021-11-03,SPY Component Report ALL,SPY Component Report
2021-11-03,SPY Component Report ANSS,SPY Component Report
2021-11-03,SPY Component Report APA,SPY Component Report
2021-11-03,SPY Component Report BKNG,SPY Component Report
2021-11-03,SPY Component Report BR,SPY Component Report
2021-11-03,SPY Component Report CDW,SPY Component Report
2021-11-03,SPY Component Report CF,SPY Component Report
2021-11-03,SPY Component Report CPAY,SPY Component Report
2021-11-03,SPY Component Report CRL,SPY Component Report
2021-11-03,SPY Component Report CTRA,SPY Component Report
2021-11-03,SPY Component Report CTVA,SPY Component Report
2021-11-03,SPY Component Report CVS,SPY Component Report
2021-11-03,SPY Component Report DAY,SPY Component Report
2021-11-03,SPY Component Report EA,SPY Component Report
2021-11-03,SPY Component Report EMR,SPY Component Report
2021-11-03,SPY Component Report EQIX,SPY Component Report
2021-11-03,SPY Component Report ETR,SPY Component Report
2021-11-03,SPY Component Report EVRG,SPY Component Report
2021-11-03,SPY Component Report EXC,SPY Component Report
2021-11-03,SPY Component Report FOXA,SPY Component Report
2021-11-03,SPY Component Report GDDY,SPY Component Report
2021-11-03,SPY Component Report HST,SPY Component Report
2021-11-03,SPY Component Report HUM,SPY Component Report
2021-11-03,SPY Component Report IR,SPY Component Report
2021-11-03,SPY Component Report MAR,SPY Component Report
2021-11-03,SPY Component Report MET,SPY Component Report
2021-11-03,SPY Component Report MGM,SPY Component Report
2021-11-03,SPY Component Report NCLH,SPY Component Report
2021-11-03,SPY Component Report NI,SPY Component Report
2021-11-03,SPY Component Report PTC,SPY Component Report
2021-11-03,SPY Component Report QCOM,SPY Component Report
2021-11-03,SPY Component Report TRMB,SPY Component Report
2021-11-03,SPY Component Report TT,SPY Component Report
2021-11-03,SPY Component Report TTWO,SPY Component Report
2021-11-03,SPY Component Report WBD,SPY Component Report
2021-11-03,US Market Summit FOMC Statement,US Market Summit FOMC
2021-11-04,SPY Component Report ABNB,SPY Component Report
2021-11-04,SPY Component Report AIG,SPY Component Report
2021-11-04,SPY Component Report APD,SPY Component Report
2021-11-04,SPY Component Report APTV,SPY Component Report
2021-11-04,SPY Component Report BALL,SPY Component Report
2021-11-04,SPY Component Report BDX,SPY Component Report
2021-11-04,SPY Component Report BLDR,SPY Component Report
2021-11-04,SPY Component Report CI,SPY Component Report
2021-11-04,SPY Component Report CNP,SPY Component Report
2021-11-04,SPY Component Report COR,SPY Component Report
2021-11-04,SPY Component Report DUK,SPY Component Report
2021-11-04,SPY Component Report ED,SPY Component Report
2021-11-04,SPY Component Report EOG,SPY Component Report
2021-11-04,SPY Component Report EPAM,SPY Component Report
2021-11-04,SPY Component Report EXPE,SPY Component Report
2021-11-04,SPY Component Report FIS,SPY Component Report
2021-11-04,SPY Component Report FRT,SPY Component Report
2021-11-04,SPY Component Report FSLR,SPY Component Report
2021-11-04,SPY Component Report FTNT,SPY Component Report
2021-11-04,SPY Component Report GEN,SPY Component Report
2021-11-04,SPY Component Report HII,SPY Component Report
2021-11-04,SPY Component Report HWM,SPY Component Report
2021-11-04,SPY Component Report IRM,SPY Component Report
2021-11-04,SPY Component Report K,SPY Component Report
2021-11-04,SPY Component Report LNT,SPY Component Report
2021-11-04,SPY Component Report LYV,SPY Component Report
2021-11-04,SPY Component Report MCHP,SPY Component Report
2021-11-04,SPY Component Report MNST,SPY Component Report
2021-11-04,SPY Component Report MRNA,SPY Component Report
2021-11-04,SPY Component Report MSI,SPY Component Report
2021-11-04,SPY Component Report MTD,SPY Component Report
2021-11-04,SPY Component Report NRG,SPY Component Report
2021-11-04,SPY Component Report NWS,SPY Component Report
2021-11-04,SPY Component Report NWSA,SPY Component Report
2021-11-04,SPY Component Report OXY,SPY Component Report
2021-11-04,SPY Component Report PARA,SPY Component Report
2021-11-04,SPY Component Report PH,SPY Component Report
2021-11-04,SPY Component Report PODD,SPY Component Report
2021-11-04,SPY Component Report PPL,SPY Component Report
2021-11-04,SPY Component Report PWR,SPY Component Report
2021-11-04,SPY Component Report REGN,SPY Component Report
2021-11-04,SPY Component Report SO,SPY Component Report
2021-11-04,SPY Component Report SWKS,SPY Component Report
2021-11-04,SPY Component Report TPL,SPY Component Report
2021-11-04,SPY Component Report TRGP,SPY Component Report
2021-11-04,SPY Component Report UBER,SPY Component Report
2021-11-04,SPY Component Report VMC,SPY Component Report
2021-11-04,SPY Component Report WELL,SPY Component Report
2021-11-04,SPY Component Report ZBH,SPY Component Report
2021-11-04,SPY Component Report ZTS,SPY Component Report
2021-11-05,NFP Release,NFP Release
2021-11-05,SPY Component Report D,SPY Component Report
2021-11-05,SPY Component Report JCI,SPY Component Report
2021-11-05,SPY Component Report KIM,SPY Component Report
2021-11-05,SPY Component Report PNW,SPY Component Report
2021-11-05,SPY Component Report REG,SPY Component Report
2021-11-05,SPY Component Report SRE,SPY Component Report
2021-11-05,SPY Component Report VST,SPY Component Report
2021-11-05,SPY Component Report VTR,SPY Component Report
2021-11-06,SPY Component Report BRK-B,SPY Component Report
2021-11-08,SPY Component Report IFF,SPY Component Report
2021-11-08,SPY Component Report JKHY,SPY Component Report
2021-11-08,SPY Component Report PYPL,SPY Component Report
2021-11-08,SPY Component Report VTRS,SPY Component Report
2021-11-09,SPY Component Report CAH,SPY Component Report
2021-11-09,SPY Component Report COIN,SPY Component Report
2021-11-09,SPY Component Report DASH,SPY Component Report
2021-11-09,SPY Component Report DHI,SPY Component Report
2021-11-09,SPY Component Report PLTR,SPY Component Report
2021-11-09,SPY Component Report SYY,SPY Component Report
2021-11-09,SPY Component Report WYNN,SPY Component Report
2021-11-10,CPI Release,CPI Release
2021-11-10,SPY Component Report ATO,SPY Component Report
2021-11-10,SPY Component Report DIS,SPY Component Report
2021-11-10,SPY Component Report FICO,SPY Component Report
2021-11-11,SPY Component Report TPR,SPY Component Report
2021-11-11,US Holiday Veterans Day,US Holiday
2021-11-15,SPY Component Report AXON,SPY Component Report
2021-11-15,SPY Component Report TSN,SPY Component Report
2021-11-16,SPY Component Report HD,SPY Component Report
2021-11-16,SPY Component Report TDG,SPY Component Report
2021-11-16,SPY Component Report WMT,SPY Component Report
2021-11-17,SPY Component Report CPRT,SPY Component Report
2021-11-17,SPY Component Report CSCO,SPY Component Report
2021-11-17,SPY Component Report LOW,SPY Component Report
2021-11-17,SPY Component Report NVDA,SPY Component Report
2021-11-17,SPY Component Report TGT,SPY Component Report
2021-11-17,SPY Component Report TJX,SPY Component Report
2021-11-18,SPY Component Report AMAT,SPY Component Report
2021-11-18,SPY Component Report INTU,SPY Component Report
2021-11-18,SPY Component Report PANW,SPY Component Report
2021-11-18,SPY Component Report ROST,SPY Component Report
2021-11-18,SPY Component Report WDAY,SPY Component Report
2021-11-18,SPY Component Report WSM,SPY Component Report
2021-11-22,SPY Component Report A,SPY Component Report
2021-11-22,SPY Component Report KEYS,SPY Component Report
2021-11-23,SPY Component Report ADI,SPY Component Report
2021-11-23,SPY Component Report ADSK,SPY Component Report
2021-11-23,SPY Component Report BBY,SPY Component Report
2021-11-23,SPY Component Report DELL,SPY Component Report
2021-11-23,SPY Component Report DLTR,SPY Component Report
2021-11-23,SPY Component Report HPQ,SPY Component Report
2021-11-23,SPY Component Report J,SPY Component Report
2021-11-23,SPY Component Report MDT,SPY Component Report
2021-11-23,SPY Component Report SJM,SPY Component Report
2021-11-24,PCE Release for October 2021,PCE Release
2021-11-24,SPY Component Report DE,SPY Component Report
2021-11-25,US Holiday Thanksgiving Day,US Holiday
2021-11-30,SPY Component Report CRM,SPY Component Report
2021-11-30,SPY Component Report HPE,SPY Component Report
2021-11-30,SPY Component Report NTAP,SPY Component Report
2021-12-01,SPY Component Report CRWD,SPY Component Report
2021-12-01,SPY Component Report SNPS,SPY Component Report
2021-12-02,SPY Component Report COO,SPY Component Report
2021-12-02,SPY Component Report DG,SPY Component Report
2021-12-02,SPY Component Report KR,SPY Component Report
2021-12-02,SPY Component Report ULTA,SPY Component Report
2021-12-03,NFP Release,NFP Release
2021-12-07,SPY Component Report AZO,SPY Component Report
2021-12-08,SPY Component Report BF-B,SPY Component Report
2021-12-08,SPY Component Report CPB,SPY Component Report
2021-12-09,SPY Component Report AVGO,SPY Component Report
2021-12-09,SPY Component Report COST,SPY Component Report
2021-12-09,SPY Component Report HRL,SPY Component Report
2021-12-09,SPY Component Report LULU,SPY Component Report
2021-12-09,SPY Component Report ORCL,SPY Component Report
2021-12-10,CPI Release,CPI Release
2021-12-15,SPY Component Report LEN,SPY Component Report
2021-12-15,SPY Component Report NDSN,SPY Component Report
2021-12-15,US Market Summit FOMC w/ SEP,US Market Summit FOMC
2021-12-16,SPY Component Report ACN,SPY Component Report
2021-12-16,SPY Component Report ADBE,SPY Component Report
2021-12-16,SPY Component Report FDX,SPY Component Report
2021-12-16,SPY Component Report JBL,SPY Component Report
2021-12-17,SPY Component Report DRI,SPY Component Report
2021-12-17,SPY OpEx Quarterly,SPY OpEx Quarterly
2021-12-20,SPY Component Report CCL,SPY Component Report
2021-12-20,SPY Component Report MU,SPY Component Report
2021-12-20,SPY Component Report NKE,SPY Component Report
2021-12-21,SPY Component Report FDS,SPY Component Report
2021-12-21,SPY Component Report GIS,SPY Component Report
2021-12-22,SPY Component Report CTAS,SPY Component Report
2021-12-22,SPY Component Report KMX,SPY Component Report
2021-12-22,SPY Component Report PAYX,SPY Component Report
2021-12-23,PCE Release for November 2021,PCE Release
2021-12-24,US Holiday Christmas Day (observed),US Holiday
2021-12-25,US Holiday Christmas Day,US Holiday
2021-12-31,US Holiday New Year's Day (observed),US Holiday
2022-01-01,Chinese Holiday New Year's Day,Chinese Holiday
2022-01-01,US Holiday New Year's Day,US Holiday
2022-01-03,Chinese Holiday New Year's Day,Chinese Holiday
2022-01-06,SPY Component Report CAG,SPY Component Report
2022-01-06,SPY Component Report LW,SPY Component Report
2022-01-06,SPY Component Report STZ,SPY Component Report
2022-01-06,SPY Component Report WBA,SPY Component Report
2022-01-07,NFP Release,NFP Release
2022-01-12,CPI Release,CPI Release
2022-01-13,SPY Component Report DAL,SPY Component Report
2022-01-14,SPY Component Report C,SPY Component Report
2022-01-14,SPY Component Report JPM,SPY Component Report
2022-01-14,SPY Component Report WFC,SPY Component Report
2022-01-17,US Holiday Martin Luther King Jr. Day,US Holiday
2022-01-18,SPY Component Report BK,SPY Component Report
2022-01-18,SPY Component Report GS,SPY Component Report
2022-01-18,SPY Component Report JBHT,SPY Component Report
2022-01-18,SPY Component Report PNC,SPY Component Report
2022-01-18,SPY Component Report SCHW,SPY Component Report
2022-01-18,SPY Component Report TFC,SPY Component Report
2022-01-19,SPY Component Report BAC,SPY Component Report
2022-01-19,SPY Component Report CFG,SPY Component Report
2022-01-19,SPY Component Report CSX,SPY Component Report
2022-01-19,SPY Component Report FAST,SPY Component Report
2022-01-19,SPY Component Report KMI,SPY Component Report
2022-01-19,SPY Component Report MS,SPY Component Report
2022-01-19,SPY Component Report PG,SPY Component Report
2022-01-19,SPY Component Report PLD,SPY Component Report
2022-01-19,SPY Component Report STT,SPY Component Report
2022-01-19,SPY Component Report UAL,SPY Component Report
2022-01-19,SPY Component Report UNH,SPY Component Report
2022-01-19,SPY Component Report USB,SPY Component Report
2022-01-20,SPY Component Report BKR,SPY Component Report
2022-01-20,SPY Component Report FITB,SPY Component Report
2022-01-20,SPY Component Report ISRG,SPY Component Report
2022-01-20,SPY Component Report KEY,SPY Component Report
2022-01-20,SPY Component Report MTB,SPY Component Report
2022-01-20,SPY Component Report NFLX,SPY Component Report
2022-01-20,SPY Component Report NTRS,SPY Component Report
2022-01-20,SPY Component Report PPG,SPY Component Report
2022-01-20,SPY Component Report RF,SPY Component Report
2022-01-20,SPY Component Report TRV,SPY Component Report
2022-01-20,SPY Component Report UNP,SPY Component Report
2022-01-21,SPY Component Report HBAN,SPY Component Report
2022-01-21,SPY Component Report SLB,SPY Component Report
2022-01-24,SPY Component Report BRO,SPY Component Report
2022-01-24,SPY Component Report HAL,SPY Component Report
2022-01-24,SPY Component Report IBM,SPY Component Report
2022-01-24,SPY Component Report STLD,SPY Component Report
2022-01-25,SPY Component Report ADM,SPY Component Report
2022-01-25,SPY Component Report AXP,SPY Component Report
2022-01-25,SPY Component Report BXP,SPY Component Report
2022-01-25,SPY Component Report COF,SPY Component Report
2022-01-25,SPY Component Report FFIV,SPY Component Report
2022-01-25,SPY Component Report GE,SPY Component Report
2022-01-25,SPY Component Report IVZ,SPY Component Report
2022-01-25,SPY Component Report JNJ,SPY Component Report
2022-01-25,SPY Component Report LMT,SPY Component Report
2022-01-25,SPY Component Report MMM,SPY Component Report
2022-01-25,SPY Component Report MSFT,SPY Component Report
2022-01-25,SPY Component Report NEE,SPY Component Report
2022-01-25,SPY Component Report PCAR,SPY Component Report
2022-01-25,SPY Component Report RTX,SPY Component Report
2022-01-25,SPY Component Report TXN,SPY Component Report
2022-01-25,SPY Component Report VZ,SPY Component Report
2022-01-26,SPY Component Report ABT,SPY Component Report
2022-01-26,SPY Component Report ADP,SPY Component Report
2022-01-26,SPY Component Report AMP,SPY Component Report
2022-01-26,SPY Component Report APH,SPY Component Report
2022-01-26,SPY Component Report BA,SPY Component Report
2022-01-26,SPY Component Report CCI,SPY Component Report
2022-01-26,SPY Component Report ELV,SPY Component Report
2022-01-26,SPY Component Report EW,SPY Component Report
2022-01-26,SPY Component Report FCX,SPY Component Report
2022-01-26,SPY Component Report GD,SPY Component Report
2022-01-26,SPY Component Report GLW,SPY Component Report
2022-01-26,SPY Component Report HES,SPY Component Report
2022-01-26,SPY Component Report INTC,SPY Component Report
2022-01-26,SPY Component Report KMB,SPY Component Report
2022-01-26,SPY Component Report LRCX,SPY Component Report
2022-01-26,SPY Component Report LVS,SPY Component Report
2022-01-26,SPY Component Report MKTX,SPY Component Report
2022-01-26,SPY Component Report NDAQ,SPY Component Report
2022-01-26,SPY Component Report NOW,SPY Component Report
2022-01-26,SPY Component Report NSC,SPY Component Report
2022-01-26,SPY Component Report PGR,SPY Component Report
2022-01-26,SPY Component Report PKG,SPY Component Report
2022-01-26,SPY Component Report PTC,SPY Component Report
2022-01-26,SPY Component Report RJF,SPY Component Report
2022-01-26,SPY Component Report ROL,SPY Component Report
2022-01-26,SPY Component Report STX,SPY Component Report
2022-01-26,SPY Component Report T,SPY Component Report
2022-01-26,SPY Component Report TEL,SPY Component Report
2022-01-26,SPY Component Report TER,SPY Component Report
2022-01-26,SPY Component Report TSLA,SPY Component Report
2022-01-26,SPY Component Report URI,SPY Component Report
2022-01-26,SPY Component Report VRTX,SPY Component Report
2022-01-27,SPY Component Report AAPL,SPY Component Report
2022-01-27,SPY Component Report AJG,SPY Component Report
2022-01-27,SPY Component Report AOS,SPY Component Report
2022-01-27,SPY Component Report BALL,SPY Component Report
2022-01-27,SPY Component Report BX,SPY Component Report
2022-01-27,SPY Component Report CMCSA,SPY Component Report
2022-01-27,SPY Component Report DHR,SPY Component Report
2022-01-27,SPY Component Report DOV,SPY Component Report
2022-01-27,SPY Component Report DOW,SPY Component Report
2022-01-27,SPY Component Report EMN,SPY Component Report
2022-01-27,SPY Component Report FICO,SPY Component Report
2022-01-27,SPY Component Report HCA,SPY Component Report
2022-01-27,SPY Component Report IP,SPY Component Report
2022-01-27,SPY Component Report JNPR,SPY Component Report
2022-01-27,SPY Component Report KLAC,SPY Component Report
2022-01-27,SPY Component Report LUV,SPY Component Report
2022-01-27,SPY Component Report MA,SPY Component Report
2022-01-27,SPY Component Report MCD,SPY Component Report
2022-01-27,SPY Component Report MDLZ,SPY Component Report
2022-01-27,SPY Component Report MKC,SPY Component Report
2022-01-27,SPY Component Report MMC,SPY Component Report
2022-01-27,SPY Component Report MO,SPY Component Report
2022-01-27,SPY Component Report MSCI,SPY Component Report
2022-01-27,SPY Component Report NOC,SPY Component Report
2022-01-27,SPY Component Report NUE,SPY Component Report
2022-01-27,SPY Component Report RMD,SPY Component Report
2022-01-27,SPY Component Report ROK,SPY Component Report
2022-01-27,SPY Component Report SHW,SPY Component Report
2022-01-27,SPY Component Report SYK,SPY Component Report
2022-01-27,SPY Component Report TDY,SPY Component Report
2022-01-27,SPY Component Report TROW,SPY Component Report
2022-01-27,SPY Component Report TSCO,SPY Component Report
2022-01-27,SPY Component Report TXT,SPY Component Report
2022-01-27,SPY Component Report V,SPY Component Report
2022-01-27,SPY Component Report VLO,SPY Component Report
2022-01-27,SPY Component Report WDC,SPY Component Report
2022-01-27,SPY Component Report WRB,SPY Component Report
2022-01-27,SPY Component Report XEL,SPY Component Report
2022-01-28,PCE Release for December 2021,PCE Release
2022-01-28,SPY Component Report CAT,SPY Component Report
2022-01-28,SPY Component Report CHD,SPY Component Report
2022-01-28,SPY Component Report CHTR,SPY Component Report
2022-01-28,SPY Component Report CL,SPY Component Report
2022-01-28,SPY Component Report CVX,SPY Component Report
2022-01-28,SPY Component Report LYB,SPY Component Report
2022-01-28,SPY Component Report PSX,SPY Component Report
2022-01-28,SPY Component Report SYF,SPY Component Report
2022-01-28,SPY Component Report WY,SPY Component Report
2022-01-31,Chinese Holiday Rest Day,Chinese Holiday
2022-01-31,SPY Component Report ARE,SPY Component Report
2022-01-31,SPY Component Report LHX,SPY Component Report
2022-01-31,SPY Component Report NXPI,SPY Component Report
2022-01-31,SPY Component Report OTIS,SPY Component Report
2022-01-31,SPY Component Report TT,SPY Component Report
2022-02-01,Chinese Holiday Spring Festival,Chinese Holiday
2022-02-01,SPY Component Report AMCR,SPY Component Report
2022-02-01,SPY Component Report AMD,SPY Component Report
2022-02-01,SPY Component Report BEN,SPY Component Report
2022-02-01,SPY Component Report BR,SPY Component Report
2022-02-01,SPY Component Report CB,SPY Component Report
2022-02-01,SPY Component Report EA,SPY Component Report
2022-02-01,SPY Component Report EQR,SPY Component Report
2022-02-01,SPY Component Report GILD,SPY Component Report
2022-02-01,SPY Component Report GM,SPY Component Report
2022-02-01,SPY Component Report GOOG,SPY Component Report
2022-02-01,SPY Component Report GOOGL,SPY Component Report
2022-02-01,SPY Component Report IEX,SPY Component Report
2022-02-01,SPY Component Report LII,SPY Component Report
2022-02-01,SPY Component Report MTCH,SPY Component Report
2022-02-01,SPY Component Report NVR,SPY Component Report
2022-02-01,SPY Component Report PHM,SPY Component Report
2022-02-01,SPY Component Report PNR,SPY Component Report
2022-02-01,SPY Component Report PYPL,SPY Component Report
2022-02-01,SPY Component Report RVTY,SPY Component Report
2022-02-01,SPY Component Report SBUX,SPY Component Report
2022-02-01,SPY Component Report SMCI,SPY Component Report
2022-02-01,SPY Component Report SWK,SPY Component Report
2022-02-01,SPY Component Report TECH,SPY Component Report
2022-02-01,SPY Component Report TMUS,SPY Component Report
2022-02-01,SPY Component Report UPS,SPY Component Report
2022-02-01,SPY Component Report WAT,SPY Component Report
2022-02-01,SPY Component Report XOM,SPY Component Report
2022-02-02,Chinese Holiday Spring Festival,Chinese Holiday
2022-02-02,SPY Component Report ABBV,SPY Component Report
2022-02-02,SPY Component Report AFL,SPY Component Report
2022-02-02,SPY Component Report ALGN,SPY Component Report
2022-02-02,SPY Component Report ALL,SPY Component Report
2022-02-02,SPY Component Report AVB,SPY Component Report
2022-02-02,SPY Component Report AVY,SPY Component Report
2022-02-02,SPY Component Report BSX,SPY Component Report
2022-02-02,SPY Component Report CHRW,SPY Component Report
2022-02-02,SPY Component Report COR,SPY Component Report
2022-02-02,SPY Component Report CTSH,SPY Component Report
2022-02-02,SPY Component Report CTVA,SPY Component Report
2022-02-02,SPY Component Report DHI,SPY Component Report
2022-02-02,SPY Component Report EMR,SPY Component Report
2022-02-02,SPY Component Report ESS,SPY Component Report
2022-02-02,SPY Component Report GL,SPY Component Report
2022-02-02,SPY Component Report HOLX,SPY Component Report
2022-02-02,SPY Component Report HUM,SPY Component Report
2022-02-02,SPY Component Report HWM,SPY Component Report
2022-02-02,SPY Component Report IDXX,SPY Component Report
2022-02-02,SPY Component Report JCI,SPY Component Report
2022-02-02,SPY Component Report MAA,SPY Component Report
2022-02-02,SPY Component Report MCK,SPY Component Report
2022-02-02,SPY Component Report MET,SPY Component Report
2022-02-02,SPY Component Report META,SPY Component Report
2022-02-02,SPY Component Report MPC,SPY Component Report
2022-02-02,SPY Component Report ODFL,SPY Component Report
2022-02-02,SPY Component Report QCOM,SPY Component Report
2022-02-02,SPY Component Report ROP,SPY Component Report
2022-02-02,SPY Component Report TMO,SPY Component Report
2022-02-02,SPY Component Report WM,SPY Component Report
2022-02-03,Chinese Holiday Spring Festival,Chinese Holiday
2022-02-03,SPY Component Report AME,SPY Component Report
2022-02-03,SPY Component Report AMZN,SPY Component Report
2022-02-03,SPY Component Report APTV,SPY Component Report
2022-02-03,SPY Component Report BDX,SPY Component Report
2022-02-03,SPY Component Report BIIB,SPY Component Report
2022-02-03,SPY Component Report CAH,SPY Component Report
2022-02-03,SPY Component Report CI,SPY Component Report
2022-02-03,SPY Component Report CLX,SPY Component Report
2022-02-03,SPY Component Report CMI,SPY Component Report
2022-02-03,SPY Component Report CMS,SPY Component Report
2022-02-03,SPY Component Report COP,SPY Component Report
2022-02-03,SPY Component Report CPT,SPY Component Report
2022-02-03,SPY Component Report DECK,SPY Component Report
2022-02-03,SPY Component Report DGX,SPY Component Report
2022-02-03,SPY Component Report EL,SPY Component Report
2022-02-03,SPY Component Report F,SPY Component Report
2022-02-03,SPY Component Report FTNT,SPY Component Report
2022-02-03,SPY Component Report FTV,SPY Component Report
2022-02-03,SPY Component Report GEN,SPY Component Report
2022-02-03,SPY Component Report GWW,SPY Component Report
2022-02-03,SPY Component Report HIG,SPY Component Report
2022-02-03,SPY Component Report HON,SPY Component Report
2022-02-03,SPY Component Report HSY,SPY Component Report
2022-02-03,SPY Component Report HUBB,SPY Component Report
2022-02-03,SPY Component Report ICE,SPY Component Report
2022-02-03,SPY Component Report ITW,SPY Component Report
2022-02-03,SPY Component Report LLY,SPY Component Report
2022-02-03,SPY Component Report MCHP,SPY Component Report
2022-02-03,SPY Component Report MRK,SPY Component Report
2022-02-03,SPY Component Report NWS,SPY Component Report
2022-02-03,SPY Component Report NWSA,SPY Component Report
2022-02-03,SPY Component Report PH,SPY Component Report
2022-02-03,SPY Component Report PRU,SPY Component Report
2022-02-03,SPY Component Report RL,SPY Component Report
2022-02-03,SPY Component Report SNA,SPY Component Report
2022-02-03,SPY Component Report SWKS,SPY Component Report
2022-02-03,SPY Component Report WEC,SPY Component Report
2022-02-03,SPY Component Report XYL,SPY Component Report
2022-02-04,Chinese Holiday Rest Day,Chinese Holiday
2022-02-04,NFP Release,NFP Release
2022-02-04,SPY Component Report AON,SPY Component Report
2022-02-04,SPY Component Report APD,SPY Component Report
2022-02-04,SPY Component Report BMY,SPY Component Report
2022-02-04,SPY Component Report CBOE,SPY Component Report
2022-02-04,SPY Component Report ETN,SPY Component Report
2022-02-04,SPY Component Report RCL,SPY Component Report
2022-02-04,SPY Component Report REGN,SPY Component Report
2022-02-07,SPY Component Report AMGN,SPY Component Report
2022-02-07,SPY Component Report HAS,SPY Component Report
2022-02-07,SPY Component Report ON,SPY Component Report
2022-02-07,SPY Component Report PFG,SPY Component Report
2022-02-07,SPY Component Report SPG,SPY Component Report
2022-02-07,SPY Component Report TSN,SPY Component Report
2022-02-07,SPY Component Report TTWO,SPY Component Report
2022-02-07,SPY Component Report ZBH,SPY Component Report
2022-02-08,CPI Release,CPI Release
2022-02-08,SPY Component Report AIZ,SPY Component Report
2022-02-08,SPY Component Report ATO,SPY Component Report
2022-02-08,SPY Component Report CARR,SPY Component Report
2022-02-08,SPY Component Report CMG,SPY Component Report
2022-02-08,SPY Component Report CNC,SPY Component Report
2022-02-08,SPY Component Report CPAY,SPY Component Report
2022-02-08,SPY Component Report DD,SPY Component Report
2022-02-08,SPY Component Report DOC,SPY Component Report
2022-02-08,SPY Component Report ENPH,SPY Component Report
2022-02-08,SPY Component Report FI,SPY Component Report
2022-02-08,SPY Component Report INCY,SPY Component Report
2022-02-08,SPY Component Report IT,SPY Component Report
2022-02-08,SPY Component Report J,SPY Component Report
2022-02-08,SPY Component Report JKHY,SPY Component Report
2022-02-08,SPY Component Report KKR,SPY Component Report
2022-02-08,SPY Component Report MAS,SPY Component Report
2022-02-08,SPY Component Report OMC,SPY Component Report
2022-02-08,SPY Component Report PAYC,SPY Component Report
2022-02-08,SPY Component Report PFE,SPY Component Report
2022-02-08,SPY Component Report SPGI,SPY Component Report
2022-02-08,SPY Component Report STE,SPY Component Report
2022-02-08,SPY Component Report SYY,SPY Component Report
2022-02-08,SPY Component Report TDG,SPY Component Report
2022-02-08,SPY Component Report UDR,SPY Component Report
2022-02-08,SPY Component Report WTW,SPY Component Report
2022-02-09,SPY Component Report ACGL,SPY Component Report
2022-02-09,SPY Component Report BG,SPY Component Report
2022-02-09,SPY Component Report CDW,SPY Component Report
2022-02-09,SPY Component Report CME,SPY Component Report
2022-02-09,SPY Component Report CVS,SPY Component Report
2022-02-09,SPY Component Report DAY,SPY Component Report
2022-02-09,SPY Component Report DIS,SPY Component Report
2022-02-09,SPY Component Report EFX,SPY Component Report
2022-02-09,SPY Component Report EG,SPY Component Report
2022-02-09,SPY Component Report EQT,SPY Component Report
2022-02-09,SPY Component Report FOX,SPY Component Report
2022-02-09,SPY Component Report FOXA,SPY Component Report
2022-02-09,SPY Component Report IFF,SPY Component Report
2022-02-09,SPY Component Report MGM,SPY Component Report
2022-02-09,SPY Component Report MOH,SPY Component Report
2022-02-09,SPY Component Report MSI,SPY Component Report
2022-02-09,SPY Component Report ORLY,SPY Component Report
2022-02-09,SPY Component Report TRMB,SPY Component Report
2022-02-09,SPY Component Report UBER,SPY Component Report
2022-02-09,SPY Component Report YUM,SPY Component Report
2022-02-10,CPI Release,CPI Release
2022-02-10,SPY Component Report DTE,SPY Component Report
2022-02-10,SPY Component Report DUK,SPY Component Report
2022-02-10,SPY Component Report DVA,SPY Component Report
2022-02-10,SPY Component Report DXCM,SPY Component Report
2022-02-10,SPY Component Report EXPE,SPY Component Report
2022-02-10,SPY Component Report FE,SPY Component Report
2022-02-10,SPY Component Report FRT,SPY Component Report
2022-02-10,SPY Component Report GDDY,SPY Component Report
2022-02-10,SPY Component Report GPN,SPY Component Report
2022-02-10,SPY Component Report HII,SPY Component Report
2022-02-10,SPY Component Report IPG,SPY Component Report
2022-02-10,SPY Component Report K,SPY Component Report
2022-02-10,SPY Component Report KIM,SPY Component Report
2022-02-10,SPY Component Report KO,SPY Component Report
2022-02-10,SPY Component Report LH,SPY Component Report
2022-02-10,SPY Component Report LIN,SPY Component Report
2022-02-10,SPY Component Report MCO,SPY Component Report
2022-02-10,SPY Component Report MHK,SPY Component Report
2022-02-10,SPY Component Report MLM,SPY Component Report
2022-02-10,SPY Component Report MPWR,SPY Component Report
2022-02-10,SPY Component Report MTD,SPY Component Report
2022-02-10,SPY Component Report PCG,SPY Component Report
2022-02-10,SPY Component Report PEP,SPY Component Report
2022-02-10,SPY Component Report PM,SPY Component Report
2022-02-10,SPY Component Report REG,SPY Component Report
2022-02-10,SPY Component Report RSG,SPY Component Report
2022-02-10,SPY Component Report TPR,SPY Component Report
2022-02-10,SPY Component Report VRSN,SPY Component Report
2022-02-10,SPY Component Report ZBRA,SPY Component Report
2022-02-11,SPY Component Report APO,SPY Component Report
2022-02-11,SPY Component Report D,SPY Component Report
2022-02-14,SPY Component Report ANET,SPY Component Report
2022-02-15,SPY Component Report ABNB,SPY Component Report
2022-02-15,SPY Component Report AKAM,SPY Component Report
2022-02-15,SPY Component Report ALLE,SPY Component Report
2022-02-15,SPY Component Report CF,SPY Component Report
2022-02-15,SPY Component Report CINF,SPY Component Report
2022-02-15,SPY Component Report DVN,SPY Component Report
2022-02-15,SPY Component Report ECL,SPY Component Report
2022-02-15,SPY Component Report FIS,SPY Component Report
2022-02-15,SPY Component Report HSIC,SPY Component Report
2022-02-15,SPY Component Report INVH,SPY Component Report
2022-02-15,SPY Component Report IQV,SPY Component Report
2022-02-15,SPY Component Report LDOS,SPY Component Report
2022-02-15,SPY Component Report MAR,SPY Component Report
2022-02-15,SPY Component Report PARA,SPY Component Report
2022-02-15,SPY Component Report WELL,SPY Component Report
2022-02-15,SPY Component Report WYNN,SPY Component Report
2022-02-15,SPY Component Report ZTS,SPY Component Report
2022-02-16,SPY Component Report ADI,SPY Component Report
2022-02-16,SPY Component Report AIG,SPY Component Report
2022-02-16,SPY Component Report ALB,SPY Component Report
2022-02-16,SPY Component Report AMAT,SPY Component Report
2022-02-16,SPY Component Report AWK,SPY Component Report
2022-02-16,SPY Component Report CPRT,SPY Component Report
2022-02-16,SPY Component Report CRL,SPY Component Report
2022-02-16,SPY Component Report CSCO,SPY Component Report
2022-02-16,SPY Component Report DASH,SPY Component Report
2022-02-16,SPY Component Report EQIX,SPY Component Report
2022-02-16,SPY Component Report ES,SPY Component Report
2022-02-16,SPY Component Report GNRC,SPY Component Report
2022-02-16,SPY Component Report GRMN,SPY Component Report
2022-02-16,SPY Component Report HLT,SPY Component Report
2022-02-16,SPY Component Report HST,SPY Component Report
2022-02-16,SPY Component Report KHC,SPY Component Report
2022-02-16,SPY Component Report NVDA,SPY Component Report
2022-02-16,SPY Component Report SNPS,SPY Component Report
2022-02-16,SPY Component Report TYL,SPY Component Report
2022-02-16,SPY Component Report VMC,SPY Component Report
2022-02-16,SPY Component Report WAB,SPY Component Report
2022-02-17,SPY Component Report AEE,SPY Component Report
2022-02-17,SPY Component Report BAX,SPY Component Report
2022-02-17,SPY Component Report DLR,SPY Component Report
2022-02-17,SPY Component Report ED,SPY Component Report
2022-02-17,SPY Component Report EPAM,SPY Component Report
2022-02-17,SPY Component Report GPC,SPY Component Report
2022-02-17,SPY Component Report KEYS,SPY Component Report
2022-02-17,SPY Component Report LKQ,SPY Component Report
2022-02-17,SPY Component Report LNT,SPY Component Report
2022-02-17,SPY Component Report PLTR,SPY Component Report
2022-02-17,SPY Component Report POOL,SPY Component Report
2022-02-17,SPY Component Report SO,SPY Component Report
2022-02-17,SPY Component Report VTR,SPY Component Report
2022-02-17,SPY Component Report WMT,SPY Component Report
2022-02-17,SPY Component Report WST,SPY Component Report
2022-02-18,SPY Component Report DE,SPY Component Report
2022-02-18,SPY Component Report PPL,SPY Component Report
2022-02-21,SPY Component Report APA,SPY Component Report
2022-02-21,SPY Component Report WMB,SPY Component Report
2022-02-21,US Holiday Washington's Birthday,US Holiday
2022-02-22,SPY Component Report A,SPY Component Report
2022-02-22,SPY Component Report CDNS,SPY Component Report
2022-02-22,SPY Component Report CNP,SPY Component Report
2022-02-22,SPY Component Report CSGP,SPY Component Report
2022-02-22,SPY Component Report CZR,SPY Component Report
2022-02-22,SPY Component Report EXPD,SPY Component Report
2022-02-22,SPY Component Report FANG,SPY Component Report
2022-02-22,SPY Component Report HD,SPY Component Report
2022-02-22,SPY Component Report MDT,SPY Component Report
2022-02-22,SPY Component Report MOS,SPY Component Report
2022-02-22,SPY Component Report NDSN,SPY Component Report
2022-02-22,SPY Component Report O,SPY Component Report
2022-02-22,SPY Component Report PANW,SPY Component Report
2022-02-22,SPY Component Report PSA,SPY Component Report
2022-02-22,SPY Component Report VRSK,SPY Component Report
2022-02-23,SPY Component Report ANSS,SPY Component Report
2022-02-23,SPY Component Report BKNG,SPY Component Report
2022-02-23,SPY Component Report CTRA,SPY Component Report
2022-02-23,SPY Component Report EBAY,SPY Component Report
2022-02-23,SPY Component Report ETR,SPY Component Report
2022-02-23,SPY Component Report EXE,SPY Component Report
2022-02-23,SPY Component Report EXR,SPY Component Report
2022-02-23,SPY Component Report IR,SPY Component Report
2022-02-23,SPY Component Report LOW,SPY Component Report
2022-02-23,SPY Component Report LYV,SPY Component Report
2022-02-23,SPY Component Report NI,SPY Component Report
2022-02-23,SPY Component Report NTAP,SPY Component Report
2022-02-23,SPY Component Report PODD,SPY Component Report
2022-02-23,SPY Component Report TAP,SPY Component Report
2022-02-23,SPY Component Report TJX,SPY Component Report
2022-02-23,SPY Component Report TPL,SPY Component Report
2022-02-23,SPY Component Report VICI,SPY Component Report
2022-02-24,SPY Component Report ADSK,SPY Component Report
2022-02-24,SPY Component Report AEP,SPY Component Report
2022-02-24,SPY Component Report AES,SPY Component Report
2022-02-24,SPY Component Report AMT,SPY Component Report
2022-02-24,SPY Component Report AXON,SPY Component Report
2022-02-24,SPY Component Report CBRE,SPY Component Report
2022-02-24,SPY Component Report COIN,SPY Component Report
2022-02-24,SPY Component Report DELL,SPY Component Report
2022-02-24,SPY Component Report EIX,SPY Component Report
2022-02-24,SPY Component Report EOG,SPY Component Report
2022-02-24,SPY Component Report ERIE,SPY Component Report
2022-02-24,SPY Component Report INTU,SPY Component Report
2022-02-24,SPY Component Report IRM,SPY Component Report
2022-02-24,SPY Component Report KDP,SPY Component Report
2022-02-24,SPY Component Report MNST,SPY Component Report
2022-02-24,SPY Component Report MRNA,SPY Component Report
2022-02-24,SPY Component Report NCLH,SPY Component Report
2022-02-24,SPY Component Report NEM,SPY Component Report
2022-02-24,SPY Component Report NRG,SPY Component Report
2022-02-24,SPY Component Report OXY,SPY Component Report
2022-02-24,SPY Component Report PEG,SPY Component Report
2022-02-24,SPY Component Report PWR,SPY Component Report
2022-02-24,SPY Component Report TRGP,SPY Component Report
2022-02-24,SPY Component Report UHS,SPY Component Report
2022-02-24,SPY Component Report WBD,SPY Component Report
2022-02-25,PCE Release for January 2022,PCE Release
2022-02-25,SPY Component Report CEG,SPY Component Report
2022-02-25,SPY Component Report EVRG,SPY Component Report
2022-02-25,SPY Component Report EXC,SPY Component Report
2022-02-25,SPY Component Report PNW,SPY Component Report
2022-02-25,SPY Component Report SRE,SPY Component Report
2022-02-25,SPY Component Report VST,SPY Component Report
2022-02-26,SPY Component Report BRK-B,SPY Component Report
2022-02-28,SPY Component Report HPQ,SPY Component Report
2022-02-28,SPY Component Report OKE,SPY Component Report
2022-02-28,SPY Component Report SBAC,SPY Component Report
2022-02-28,SPY Component Report VTRS,SPY Component Report
2022-02-28,SPY Component Report WDAY,SPY Component Report
2022-03-01,SPY Component Report AZO,SPY Component Report
2022-03-01,SPY Component Report BLDR,SPY Component Report
2022-03-01,SPY Component Report CRM,SPY Component Report
2022-03-01,SPY Component Report DPZ,SPY Component Report
2022-03-01,SPY Component Report FSLR,SPY Component Report
2022-03-01,SPY Component Report HPE,SPY Component Report
2022-03-01,SPY Component Report HRL,SPY Component Report
2022-03-01,SPY Component Report ROST,SPY Component Report
2022-03-01,SPY Component Report SJM,SPY Component Report
2022-03-01,SPY Component Report TGT,SPY Component Report
2022-03-02,SPY Component Report DLTR,SPY Component Report
2022-03-03,SPY Component Report AVGO,SPY Component Report
2022-03-03,SPY Component Report BBY,SPY Component Report
2022-03-03,SPY Component Report BF-B,SPY Component Report
2022-03-03,SPY Component Report COO,SPY Component Report
2022-03-03,SPY Component Report COST,SPY Component Report
2022-03-03,SPY Component Report KR,SPY Component Report
2022-03-04,NFP Release,NFP Release
2022-03-09,SPY Component Report CPB,SPY Component Report
2022-03-09,SPY Component Report CRWD,SPY Component Report
2022-03-10,CPI Release,CPI Release
2022-03-10,SPY Component Report ORCL,SPY Component Report
2022-03-10,SPY Component Report ULTA,SPY Component Report
2022-03-16,SPY Component Report JBL,SPY Component Report
2022-03-16,SPY Component Report LEN,SPY Component Report
2022-03-16,SPY Component Report WSM,SPY Component Report
2022-03-16,US Market Summit FOMC w/ SEP,US Market Summit FOMC
2022-03-17,SPY Component Report ACN,SPY Component Report
2022-03-17,SPY Component Report DG,SPY Component Report
2022-03-17,SPY Component Report FDX,SPY Component Report
2022-03-18,SPY OpEx Quarterly,SPY OpEx Quarterly
2022-03-21,SPY Component Report NKE,SPY Component Report
2022-03-22,SPY Component Report ADBE,SPY Component Report
2022-03-22,SPY Component Report CCL,SPY Component Report
2022-03-23,SPY Component Report CTAS,SPY Component Report
2022-03-23,SPY Component Report GIS,SPY Component Report
2022-03-24,SPY Component Report DRI,SPY Component Report
2022-03-24,SPY Component Report FDS,SPY Component Report
2022-03-29,SPY Component Report LULU,SPY Component Report
2022-03-29,SPY Component Report MKC,SPY Component Report
2022-03-29,SPY Component Report MU,SPY Component Report
2022-03-30,SPY Component Report PAYX,SPY Component Report
2022-03-31,PCE Release for February 2022,PCE Release
2022-03-31,SPY Component Report WBA,SPY Component Report
2022-04-01,NFP Release,NFP Release
2022-04-04,Chinese Holiday Rest Day,Chinese Holiday
2022-04-05,Chinese Holiday Qingming Festival,Chinese Holiday
2022-04-07,SPY Component Report CAG,SPY Component Report
2022-04-07,SPY Component Report LW,SPY Component Report
2022-04-07,SPY Component Report STZ,SPY Component Report
2022-04-12,CPI Release,CPI Release
2022-04-12,SPY Component Report KMX,SPY Component Report
2022-04-13,SPY Component Report DAL,SPY Component Report
2022-04-13,SPY Component Report FAST,SPY Component Report
2022-04-13,SPY Component Report JPM,SPY Component Report
2022-04-14,SPY Component Report C,SPY Component Report
2022-04-14,SPY Component Report GS,SPY Component Report
2022-04-14,SPY Component Report MS,SPY Component Report
2022-04-14,SPY Component Report PGR,SPY Component Report
2022-04-14,SPY Component Report PNC,SPY Component Report
2022-04-14,SPY Component Report STT,SPY Component Report
2022-04-14,SPY Component Report UNH,SPY Component Report
2022-04-14,SPY Component Report USB,SPY Component Report
2022-04-14,SPY Component Report WFC,SPY Component Report
2022-04-18,SPY Component Report BAC,SPY Component Report
2022-04-18,SPY Component Report BK,SPY Component Report
2022-04-18,SPY Component Report JBHT,SPY Component Report
2022-04-18,SPY Component Report SCHW,SPY Component Report
2022-04-18,SPY Component Report SYF,SPY Component Report
2022-04-19,SPY Component Report CFG,SPY Component Report
2022-04-19,SPY Component Report FITB,SPY Component Report
2022-04-19,SPY Component Report HAL,SPY Component Report
2022-04-19,SPY Component Report HAS,SPY Component Report
2022-04-19,SPY Component Report IBM,SPY Component Report
2022-04-19,SPY Component Report JNJ,SPY Component Report
2022-04-19,SPY Component Report LMT,SPY Component Report
2022-04-19,SPY Component Report NFLX,SPY Component Report
2022-04-19,SPY Component Report OMC,SPY Component Report
2022-04-19,SPY Component Report PLD,SPY Component Report
2022-04-19,SPY Component Report TFC,SPY Component Report
2022-04-19,SPY Component Report TRV,SPY Component Report
2022-04-20,SPY Component Report ABT,SPY Component Report
2022-04-20,SPY Component Report BKR,SPY Component Report
2022-04-20,SPY Component Report CCI,SPY Component Report
2022-04-20,SPY Component Report CSX,SPY Component Report
2022-04-20,SPY Component Report EFX,SPY Component Report
2022-04-20,SPY Component Report ELV,SPY Component Report
2022-04-20,SPY Component Report GL,SPY Component Report
2022-04-20,SPY Component Report KMI,SPY Component Report
2022-04-20,SPY Component Report LRCX,SPY Component Report
2022-04-20,SPY Component Report MKTX,SPY Component Report
2022-04-20,SPY Component Report MTB,SPY Component Report
2022-04-20,SPY Component Report NDAQ,SPY Component Report
2022-04-20,SPY Component Report PG,SPY Component Report
2022-04-20,SPY Component Report STLD,SPY Component Report
2022-04-20,SPY Component Report TSLA,SPY Component Report
2022-04-20,SPY Component Report UAL,SPY Component Report
2022-04-21,SPY Component Report BX,SPY Component Report
2022-04-21,SPY Component Report DGX,SPY Component Report
2022-04-21,SPY Component Report DHR,SPY Component Report
2022-04-21,SPY Component Report DOV,SPY Component Report
2022-04-21,SPY Component Report DOW,SPY Component Report
2022-04-21,SPY Component Report FCX,SPY Component Report
2022-04-21,SPY Component Report FE,SPY Component Report
2022-04-21,SPY Component Report GPC,SPY Component Report
2022-04-21,SPY Component Report HBAN,SPY Component Report
2022-04-21,SPY Component Report ISRG,SPY Component Report
2022-04-21,SPY Component Report KEY,SPY Component Report
2022-04-21,SPY Component Report MMC,SPY Component Report
2022-04-21,SPY Component Report NEE,SPY Component Report
2022-04-21,SPY Component Report NUE,SPY Component Report
2022-04-21,SPY Component Report PM,SPY Component Report
2022-04-21,SPY Component Report PNR,SPY Component Report
2022-04-21,SPY Component Report POOL,SPY Component Report
2022-04-21,SPY Component Report PPG,SPY Component Report
2022-04-21,SPY Component Report SNA,SPY Component Report
2022-04-21,SPY Component Report T,SPY Component Report
2022-04-21,SPY Component Report TSCO,SPY Component Report
2022-04-21,SPY Component Report UNP,SPY Component Report
2022-04-22,SPY Component Report AXP,SPY Component Report
2022-04-22,SPY Component Report HCA,SPY Component Report
2022-04-22,SPY Component Report KMB,SPY Component Report
2022-04-22,SPY Component Report NEM,SPY Component Report
2022-04-22,SPY Component Report RF,SPY Component Report
2022-04-22,SPY Component Report SLB,SPY Component Report
2022-04-22,SPY Component Report VZ,SPY Component Report
2022-04-25,SPY Component Report AMP,SPY Component Report
2022-04-25,SPY Component Report ARE,SPY Component Report
2022-04-25,SPY Component Report BRO,SPY Component Report
2022-04-25,SPY Component Report CDNS,SPY Component Report
2022-04-25,SPY Component Report KO,SPY Component Report
2022-04-25,SPY Component Report LII,SPY Component Report
2022-04-25,SPY Component Report OTIS,SPY Component Report
2022-04-25,SPY Component Report PKG,SPY Component Report
2022-04-25,SPY Component Report SBAC,SPY Component Report
2022-04-25,SPY Component Report UHS,SPY Component Report
2022-04-25,SPY Component Report WRB,SPY Component Report
2022-04-26,SPY Component Report ADM,SPY Component Report
2022-04-26,SPY Component Report ALLE,SPY Component Report
2022-04-26,SPY Component Report AVY,SPY Component Report
2022-04-26,SPY Component Report CB,SPY Component Report
2022-04-26,SPY Component Report CMG,SPY Component Report
2022-04-26,SPY Component Report CNC,SPY Component Report
2022-04-26,SPY Component Report COF,SPY Component Report
2022-04-26,SPY Component Report CSGP,SPY Component Report
2022-04-26,SPY Component Report DHI,SPY Component Report
2022-04-26,SPY Component Report ECL,SPY Component Report
2022-04-26,SPY Component Report ENPH,SPY Component Report
2022-04-26,SPY Component Report EQR,SPY Component Report
2022-04-26,SPY Component Report ESS,SPY Component Report
2022-04-26,SPY Component Report EW,SPY Component Report
2022-04-26,SPY Component Report FFIV,SPY Component Report
2022-04-26,SPY Component Report GE,SPY Component Report
2022-04-26,SPY Component Report GLW,SPY Component Report
2022-04-26,SPY Component Report GM,SPY Component Report
2022-04-26,SPY Component Report GOOG,SPY Component Report
2022-04-26,SPY Component Report GOOGL,SPY Component Report
2022-04-26,SPY Component Report HUBB,SPY Component Report
2022-04-26,SPY Component Report IEX,SPY Component Report
2022-04-26,SPY Component Report IVZ,SPY Component Report
2022-04-26,SPY Component Report JNPR,SPY Component Report
2022-04-26,SPY Component Report MDLZ,SPY Component Report
2022-04-26,SPY Component Report MMM,SPY Component Report
2022-04-26,SPY Component Report MSCI,SPY Component Report
2022-04-26,SPY Component Report MSFT,SPY Component Report
2022-04-26,SPY Component Report NTRS,SPY Component Report
2022-04-26,SPY Component Report NVR,SPY Component Report
2022-04-26,SPY Component Report PCAR,SPY Component Report
2022-04-26,SPY Component Report PEP,SPY Component Report
2022-04-26,SPY Component Report ROP,SPY Component Report
2022-04-26,SPY Component Report RTX,SPY Component Report
2022-04-26,SPY Component Report SHW,SPY Component Report
2022-04-26,SPY Component Report TER,SPY Component Report
2022-04-26,SPY Component Report TXN,SPY Component Report
2022-04-26,SPY Component Report UDR,SPY Component Report
2022-04-26,SPY Component Report UPS,SPY Component Report
2022-04-26,SPY Component Report V,SPY Component Report
2022-04-26,SPY Component Report VLO,SPY Component Report
2022-04-26,SPY Component Report WBD,SPY Component Report
2022-04-26,SPY Component Report WM,SPY Component Report
2022-04-27,SPY Component Report ACGL,SPY Component Report
2022-04-27,SPY Component Report ADP,SPY Component Report
2022-04-27,SPY Component Report AFL,SPY Component Report
2022-04-27,SPY Component Report ALGN,SPY Component Report
2022-04-27,SPY Component Report AMGN,SPY Component Report
2022-04-27,SPY Component Report AMT,SPY Component Report
2022-04-27,SPY Component Report APH,SPY Component Report
2022-04-27,SPY Component Report AVB,SPY Component Report
2022-04-27,SPY Component Report AWK,SPY Component Report
2022-04-27,SPY Component Report BA,SPY Component Report
2022-04-27,SPY Component Report BG,SPY Component Report
2022-04-27,SPY Component Report BSX,SPY Component Report
2022-04-27,SPY Component Report CHRW,SPY Component Report
2022-04-27,SPY Component Report CME,SPY Component Report
2022-04-27,SPY Component Report EG,SPY Component Report
2022-04-27,SPY Component Report EQIX,SPY Component Report
2022-04-27,SPY Component Report EQT,SPY Component Report
2022-04-27,SPY Component Report ETR,SPY Component Report
2022-04-27,SPY Component Report F,SPY Component Report
2022-04-27,SPY Component Report FI,SPY Component Report
2022-04-27,SPY Component Report FICO,SPY Component Report
2022-04-27,SPY Component Report GD,SPY Component Report
2022-04-27,SPY Component Report GRMN,SPY Component Report
2022-04-27,SPY Component Report HES,SPY Component Report
2022-04-27,SPY Component Report HOLX,SPY Component Report
2022-04-27,SPY Component Report HUM,SPY Component Report
2022-04-27,SPY Component Report INVH,SPY Component Report
2022-04-27,SPY Component Report IQV,SPY Component Report
2022-04-27,SPY Component Report KHC,SPY Component Report
2022-04-27,SPY Component Report LVS,SPY Component Report
2022-04-27,SPY Component Report MAA,SPY Component Report
2022-04-27,SPY Component Report MAS,SPY Component Report
2022-04-27,SPY Component Report META,SPY Component Report
2022-04-27,SPY Component Report MOH,SPY Component Report
2022-04-27,SPY Component Report NOW,SPY Component Report
2022-04-27,SPY Component Report NSC,SPY Component Report
2022-04-27,SPY Component Report ODFL,SPY Component Report
2022-04-27,SPY Component Report ORLY,SPY Component Report
2022-04-27,SPY Component Report PTC,SPY Component Report
2022-04-27,SPY Component Report PYPL,SPY Component Report
2022-04-27,SPY Component Report QCOM,SPY Component Report
2022-04-27,SPY Component Report RJF,SPY Component Report
2022-04-27,SPY Component Report ROL,SPY Component Report
2022-04-27,SPY Component Report STX,SPY Component Report
2022-04-27,SPY Component Report TDY,SPY Component Report
2022-04-27,SPY Component Report TEL,SPY Component Report
2022-04-27,SPY Component Report TMUS,SPY Component Report
2022-04-27,SPY Component Report TYL,SPY Component Report
2022-04-27,SPY Component Report URI,SPY Component Report
2022-04-27,SPY Component Report WAB,SPY Component Report
2022-04-28,SPY Component Report AAPL,SPY Component Report
2022-04-28,SPY Component Report AEP,SPY Component Report
2022-04-28,SPY Component Report AJG,SPY Component Report
2022-04-28,SPY Component Report AMZN,SPY Component Report
2022-04-28,SPY Component Report AOS,SPY Component Report
2022-04-28,SPY Component Report BAX,SPY Component Report
2022-04-28,SPY Component Report CARR,SPY Component Report
2022-04-28,SPY Component Report CAT,SPY Component Report
2022-04-28,SPY Component Report CHD,SPY Component Report
2022-04-28,SPY Component Report CINF,SPY Component Report
2022-04-28,SPY Component Report CMCSA,SPY Component Report
2022-04-28,SPY Component Report CPT,SPY Component Report
2022-04-28,SPY Component Report DLR,SPY Component Report
2022-04-28,SPY Component Report DPZ,SPY Component Report
2022-04-28,SPY Component Report DTE,SPY Component Report
2022-04-28,SPY Component Report DXCM,SPY Component Report
2022-04-28,SPY Component Report EMN,SPY Component Report
2022-04-28,SPY Component Report ERIE,SPY Component Report
2022-04-28,SPY Component Report FSLR,SPY Component Report
2022-04-28,SPY Component Report FTV,SPY Component Report
2022-04-28,SPY Component Report GILD,SPY Component Report
2022-04-28,SPY Component Report GWW,SPY Component Report
2022-04-28,SPY Component Report HIG,SPY Component Report
2022-04-28,SPY Component Report HSY,SPY Component Report
2022-04-28,SPY Component Report INTC,SPY Component Report
2022-04-28,SPY Component Report IP,SPY Component Report
2022-04-28,SPY Component Report IPG,SPY Component Report
2022-04-28,SPY Component Report IRM,SPY Component Report
2022-04-28,SPY Component Report KDP,SPY Component Report
2022-04-28,SPY Component Report KIM,SPY Component Report
2022-04-28,SPY Component Report KLAC,SPY Component Report
2022-04-28,SPY Component Report LH,SPY Component Report
2022-04-28,SPY Component Report LHX,SPY Component Report
2022-04-28,SPY Component Report LIN,SPY Component Report
2022-04-28,SPY Component Report LKQ,SPY Component Report
2022-04-28,SPY Component Report LLY,SPY Component Report
2022-04-28,SPY Component Report LNT,SPY Component Report
2022-04-28,SPY Component Report LUV,SPY Component Report
2022-04-28,SPY Component Report MA,SPY Component Report
2022-04-28,SPY Component Report MCD,SPY Component Report
2022-04-28,SPY Component Report MHK,SPY Component Report
2022-04-28,SPY Component Report MO,SPY Component Report
2022-04-28,SPY Component Report MRK,SPY Component Report
2022-04-28,SPY Component Report NOC,SPY Component Report
2022-04-28,SPY Component Report PCG,SPY Component Report
2022-04-28,SPY Component Report PFG,SPY Component Report
2022-04-28,SPY Component Report PHM,SPY Component Report
2022-04-28,SPY Component Report RMD,SPY Component Report
2022-04-28,SPY Component Report SO,SPY Component Report
2022-04-28,SPY Component Report SWK,SPY Component Report
2022-04-28,SPY Component Report SYK,SPY Component Report
2022-04-28,SPY Component Report TMO,SPY Component Report
2022-04-28,SPY Component Report TROW,SPY Component Report
2022-04-28,SPY Component Report TXT,SPY Component Report
2022-04-28,SPY Component Report VRSN,SPY Component Report
2022-04-28,SPY Component Report WDC,SPY Component Report
2022-04-28,SPY Component Report WST,SPY Component Report
2022-04-28,SPY Component Report WTW,SPY Component Report
2022-04-28,SPY Component Report XEL,SPY Component Report
2022-04-29,PCE Release for March 2022,PCE Release
2022-04-29,SPY Component Report ABBV,SPY Component Report
2022-04-29,SPY Component Report AON,SPY Component Report
2022-04-29,SPY Component Report BMY,SPY Component Report
2022-04-29,SPY Component Report CBOE,SPY Component Report
2022-04-29,SPY Component Report CHTR,SPY Component Report
2022-04-29,SPY Component Report CL,SPY Component Report
2022-04-29,SPY Component Report CVX,SPY Component Report
2022-04-29,SPY Component Report HON,SPY Component Report
2022-04-29,SPY Component Report LYB,SPY Component Report
2022-04-29,SPY Component Report PSX,SPY Component Report
2022-04-29,SPY Component Report WY,SPY Component Report
2022-04-29,SPY Component Report XOM,SPY Component Report
2022-04-30,SPY Component Report BRK-B,SPY Component Report
2022-05-01,Chinese Holiday Labor Day,Chinese Holiday
2022-05-02,Chinese Holiday Labor Day,Chinese Holiday
2022-05-02,SPY Component Report ANET,SPY Component Report
2022-05-02,SPY Component Report BXP,SPY Component Report
2022-05-02,SPY Component Report CLX,SPY Component Report
2022-05-02,SPY Component Report CTRA,SPY Component Report
2022-05-02,SPY Component Report DVN,SPY Component Report
2022-05-02,SPY Component Report EXPE,SPY Component Report
2022-05-02,SPY Component Report FANG,SPY Component Report
2022-05-02,SPY Component Report GPN,SPY Component Report
2022-05-02,SPY Component Report MCO,SPY Component Report
2022-05-02,SPY Component Report MGM,SPY Component Report
2022-05-02,SPY Component Report MOS,SPY Component Report
2022-05-02,SPY Component Report MPWR,SPY Component Report
2022-05-02,SPY Component Report NXPI,SPY Component Report
2022-05-02,SPY Component Report ON,SPY Component Report
2022-05-02,SPY Component Report WEC,SPY Component Report
2022-05-02,SPY Component Report WMB,SPY Component Report
2022-05-03,Chinese Holiday Rest Day,Chinese Holiday
2022-05-03,SPY Component Report ABNB,SPY Component Report
2022-05-03,SPY Component Report AIG,SPY Component Report
2022-05-03,SPY Component Report AIZ,SPY Component Report
2022-05-03,SPY Component Report AKAM,SPY Component Report
2022-05-03,SPY Component Report AMCR,SPY Component Report
2022-05-03,SPY Component Report AMD,SPY Component Report
2022-05-03,SPY Component Report AME,SPY Component Report
2022-05-03,SPY Component Report BEN,SPY Component Report
2022-05-03,SPY Component Report BIIB,SPY Component Report
2022-05-03,SPY Component Report BR,SPY Component Report
2022-05-03,SPY Component Report CMI,SPY Component Report
2022-05-03,SPY Component Report CMS,SPY Component Report
2022-05-03,SPY Component Report CNP,SPY Component Report
2022-05-03,SPY Component Report CZR,SPY Component Report
2022-05-03,SPY Component Report DD,SPY Component Report
2022-05-03,SPY Component Report DOC,SPY Component Report
2022-05-03,SPY Component Report EIX,SPY Component Report
2022-05-03,SPY Component Report EL,SPY Component Report
2022-05-03,SPY Component Report ETN,SPY Component Report
2022-05-03,SPY Component Report EXPD,SPY Component Report
2022-05-03,SPY Component Report EXR,SPY Component Report
2022-05-03,SPY Component Report FIS,SPY Component Report
2022-05-03,SPY Component Report HLT,SPY Component Report
2022-05-03,SPY Component Report HSIC,SPY Component Report
2022-05-03,SPY Component Report HWM,SPY Component Report
2022-05-03,SPY Component Report INCY,SPY Component Report
2022-05-03,SPY Component Report IT,SPY Component Report
2022-05-03,SPY Component Report ITW,SPY Component Report
2022-05-03,SPY Component Report J,SPY Component Report
2022-05-03,SPY Component Report JKHY,SPY Component Report
2022-05-03,SPY Component Report KKR,SPY Component Report
2022-05-03,SPY Component Report LDOS,SPY Component Report
2022-05-03,SPY Component Report MLM,SPY Component Report
2022-05-03,SPY Component Report MPC,SPY Component Report
2022-05-03,SPY Component Report MTCH,SPY Component Report
2022-05-03,SPY Component Report PARA,SPY Component Report
2022-05-03,SPY Component Report PAYC,SPY Component Report
2022-05-03,SPY Component Report PEG,SPY Component Report
2022-05-03,SPY Component Report PFE,SPY Component Report
2022-05-03,SPY Component Report PRU,SPY Component Report
2022-05-03,SPY Component Report PSA,SPY Component Report
2022-05-03,SPY Component Report REG,SPY Component Report
2022-05-03,SPY Component Report ROK,SPY Component Report
2022-05-03,SPY Component Report RVTY,SPY Component Report
2022-05-03,SPY Component Report SBUX,SPY Component Report
2022-05-03,SPY Component Report SMCI,SPY Component Report
2022-05-03,SPY Component Report SPGI,SPY Component Report
2022-05-03,SPY Component Report SWKS,SPY Component Report
2022-05-03,SPY Component Report TAP,SPY Component Report
2022-05-03,SPY Component Report VRSK,SPY Component Report
2022-05-03,SPY Component Report WAT,SPY Component Report
2022-05-03,SPY Component Report ZBH,SPY Component Report
2022-05-03,SPY Component Report ZBRA,SPY Component Report
2022-05-04,Chinese Holiday Rest Day,Chinese Holiday
2022-05-04,SPY Component Report ALB,SPY Component Report
2022-05-04,SPY Component Report ALL,SPY Component Report
2022-05-04,SPY Component Report ANSS,SPY Component Report
2022-05-04,SPY Component Report APA,SPY Component Report
2022-05-04,SPY Component Report ATO,SPY Component Report
2022-05-04,SPY Component Report BKNG,SPY Component Report
2022-05-04,SPY Component Report CDW,SPY Component Report
2022-05-04,SPY Component Report CF,SPY Component Report
2022-05-04,SPY Component Report COR,SPY Component Report
2022-05-04,SPY Component Report CRL,SPY Component Report
2022-05-04,SPY Component Report CTSH,SPY Component Report
2022-05-04,SPY Component Report CTVA,SPY Component Report
2022-05-04,SPY Component Report CVS,SPY Component Report
2022-05-04,SPY Component Report DAY,SPY Component Report
2022-05-04,SPY Component Report EBAY,SPY Component Report
2022-05-04,SPY Component Report EMR,SPY Component Report
2022-05-04,SPY Component Report ES,SPY Component Report
2022-05-04,SPY Component Report EXE,SPY Component Report
2022-05-04,SPY Component Report FTNT,SPY Component Report
2022-05-04,SPY Component Report GDDY,SPY Component Report
2022-05-04,SPY Component Report GNRC,SPY Component Report
2022-05-04,SPY Component Report HST,SPY Component Report
2022-05-04,SPY Component Report IDXX,SPY Component Report
2022-05-04,SPY Component Report IR,SPY Component Report
2022-05-04,SPY Component Report JCI,SPY Component Report
2022-05-04,SPY Component Report MAR,SPY Component Report
2022-05-04,SPY Component Report MET,SPY Component Report
2022-05-04,SPY Component Report MRNA,SPY Component Report
2022-05-04,SPY Component Report NI,SPY Component Report
2022-05-04,SPY Component Report O,SPY Component Report
2022-05-04,SPY Component Report OKE,SPY Component Report
2022-05-04,SPY Component Report PNW,SPY Component Report
2022-05-04,SPY Component Report REGN,SPY Component Report
2022-05-04,SPY Component Report TECH,SPY Component Report
2022-05-04,SPY Component Report TPL,SPY Component Report
2022-05-04,SPY Component Report TT,SPY Component Report
2022-05-04,SPY Component Report UBER,SPY Component Report
2022-05-04,SPY Component Report VICI,SPY Component Report
2022-05-04,SPY Component Report VMC,SPY Component Report
2022-05-04,SPY Component Report XYL,SPY Component Report
2022-05-04,SPY Component Report YUM,SPY Component Report
2022-05-04,US Market Summit FOMC Statement,US Market Summit FOMC
2022-05-05,SPY Component Report AEE,SPY Component Report
2022-05-05,SPY Component Report AES,SPY Component Report
2022-05-05,SPY Component Report APD,SPY Component Report
2022-05-05,SPY Component Report APO,SPY Component Report
2022-05-05,SPY Component Report APTV,SPY Component Report
2022-05-05,SPY Component Report BALL,SPY Component Report
2022-05-05,SPY Component Report BDX,SPY Component Report
2022-05-05,SPY Component Report CAH,SPY Component Report
2022-05-05,SPY Component Report CBRE,SPY Component Report
2022-05-05,SPY Component Report COP,SPY Component Report
2022-05-05,SPY Component Report CPAY,SPY Component Report
2022-05-05,SPY Component Report D,SPY Component Report
2022-05-05,SPY Component Report DVA,SPY Component Report
2022-05-05,SPY Component Report ED,SPY Component Report
2022-05-05,SPY Component Report EOG,SPY Component Report
2022-05-05,SPY Component Report EPAM,SPY Component Report
2022-05-05,SPY Component Report EVRG,SPY Component Report
2022-05-05,SPY Component Report FRT,SPY Component Report
2022-05-05,SPY Component Report GEN,SPY Component Report
2022-05-05,SPY Component Report HII,SPY Component Report
2022-05-05,SPY Component Report ICE,SPY Component Report
2022-05-05,SPY Component Report K,SPY Component Report
2022-05-05,SPY Component Report LYV,SPY Component Report
2022-05-05,SPY Component Report MCK,SPY Component Report
2022-05-05,SPY Component Report MNST,SPY Component Report
2022-05-05,SPY Component Report MTD,SPY Component Report
2022-05-05,SPY Component Report NWS,SPY Component Report
2022-05-05,SPY Component Report NWSA,SPY Component Report
2022-05-05,SPY Component Report PH,SPY Component Report
2022-05-05,SPY Component Report PODD,SPY Component Report
2022-05-05,SPY Component Report PPL,SPY Component Report
2022-05-05,SPY Component Report PWR,SPY Component Report
2022-05-05,SPY Component Report RCL,SPY Component Report
2022-05-05,SPY Component Report RSG,SPY Component Report
2022-05-05,SPY Component Report SRE,SPY Component Report
2022-05-05,SPY Component Report TRGP,SPY Component Report
2022-05-05,SPY Component Report TRMB,SPY Component Report
2022-05-05,SPY Component Report VRTX,SPY Component Report
2022-05-05,SPY Component Report VTR,SPY Component Report
2022-05-05,SPY Component Report ZTS,SPY Component Report
2022-05-06,NFP Release,NFP Release
2022-05-06,SPY Component Report CI,SPY Component Report
2022-05-06,SPY Component Report DASH,SPY Component Report
2022-05-06,SPY Component Report NRG,SPY Component Report
2022-05-06,SPY Component Report VST,SPY Component Report
2022-05-09,SPY Component Report DUK,SPY Component Report
2022-05-09,SPY Component Report EXC,SPY Component Report
2022-05-09,SPY Component Report IFF,SPY Component Report
2022-05-09,SPY Component Report MCHP,SPY Component Report
2022-05-09,SPY Component Report PLTR,SPY Component Report
2022-05-09,SPY Component Report SPG,SPY Component Report
2022-05-09,SPY Component Report TSN,SPY Component Report
2022-05-09,SPY Component Report VTRS,SPY Component Report
2022-05-10,SPY Component Report AXON,SPY Component Report
2022-05-10,SPY Component Report BLDR,SPY Component Report
2022-05-10,SPY Component Report COIN,SPY Component Report
2022-05-10,SPY Component Report EA,SPY Component Report
2022-05-10,SPY Component Report FOX,SPY Component Report
2022-05-10,SPY Component Report FOXA,SPY Component Report
2022-05-10,SPY Component Report NCLH,SPY Component Report
2022-05-10,SPY Component Report OXY,SPY Component Report
2022-05-10,SPY Component Report SYY,SPY Component Report
2022-05-10,SPY Component Report TDG,SPY Component Report
2022-05-10,SPY Component Report WELL,SPY Component Report
2022-05-10,SPY Component Report WYNN,SPY Component Report
2022-05-11,CPI Release,CPI Release
2022-05-11,SPY Component Report DIS,SPY Component Report
2022-05-11,SPY Component Report STE,SPY Component Report
2022-05-12,SPY Component Report CEG,SPY Component Report
2022-05-12,SPY Component Report MSI,SPY Component Report
2022-05-12,SPY Component Report TPR,SPY Component Report
2022-05-16,SPY Component Report TTWO,SPY Component Report
2022-05-17,SPY Component Report HD,SPY Component Report
2022-05-17,SPY Component Report KEYS,SPY Component Report
2022-05-17,SPY Component Report WMT,SPY Component Report
2022-05-18,SPY Component Report ADI,SPY Component Report
2022-05-18,SPY Component Report CPRT,SPY Component Report
2022-05-18,SPY Component Report CSCO,SPY Component Report
2022-05-18,SPY Component Report LOW,SPY Component Report
2022-05-18,SPY Component Report SNPS,SPY Component Report
2022-05-18,SPY Component Report TGT,SPY Component Report
2022-05-18,SPY Component Report TJX,SPY Component Report
2022-05-19,SPY Component Report AMAT,SPY Component Report
2022-05-19,SPY Component Report DECK,SPY Component Report
2022-05-19,SPY Component Report PANW,SPY Component Report
2022-05-19,SPY Component Report ROST,SPY Component Report
2022-05-20,SPY Component Report DE,SPY Component Report
2022-05-23,SPY Component Report NDSN,SPY Component Report
2022-05-24,SPY Component Report A,SPY Component Report
2022-05-24,SPY Component Report AZO,SPY Component Report
2022-05-24,SPY Component Report BBY,SPY Component Report
2022-05-24,SPY Component Report INTU,SPY Component Report
2022-05-24,SPY Component Report RL,SPY Component Report
2022-05-25,SPY Component Report NVDA,SPY Component Report
2022-05-25,SPY Component Report WSM,SPY Component Report
2022-05-26,SPY Component Report ADSK,SPY Component Report
2022-05-26,SPY Component Report AVGO,SPY Component Report
2022-05-26,SPY Component Report COST,SPY Component Report
2022-05-26,SPY Component Report DELL,SPY Component Report
2022-05-26,SPY Component Report DG,SPY Component Report
2022-05-26,SPY Component Report DLTR,SPY Component Report
2022-05-26,SPY Component Report MDT,SPY Component Report
2022-05-26,SPY Component Report ULTA,SPY Component Report
2022-05-26,SPY Component Report WDAY,SPY Component Report
2022-05-27,PCE Release for April 2022,PCE Release
2022-05-30,US Holiday Memorial Day,US Holiday
2022-05-31,SPY Component Report CRM,SPY Component Report
2022-05-31,SPY Component Report HPQ,SPY Component Report
2022-06-01,SPY Component Report HPE,SPY Component Report
2022-06-01,SPY Component Report NTAP,SPY Component Report
2022-06-02,SPY Component Report COO,SPY Component Report
2022-06-02,SPY Component Report CRWD,SPY Component Report
2022-06-02,SPY Component Report HRL,SPY Component Report
2022-06-02,SPY Component Report LULU,SPY Component Report
2022-06-03,Chinese Holiday Dragon Boat Festival,Chinese Holiday
2022-06-03,NFP Release,NFP Release
2022-06-07,SPY Component Report SJM,SPY Component Report
2022-06-08,SPY Component Report BF-B,SPY Component Report
2022-06-08,SPY Component Report CPB,SPY Component Report
2022-06-10,CPI Release,CPI Release
2022-06-13,SPY Component Report ORCL,SPY Component Report
2022-06-15,US Market Summit FOMC w/ SEP,US Market Summit FOMC
2022-06-16,SPY Component Report ADBE,SPY Component Report
2022-06-16,SPY Component Report JBL,SPY Component Report
2022-06-16,SPY Component Report KR,SPY Component Report
2022-06-17,SPY OpEx Quarterly,SPY OpEx Quarterly
2022-06-19,US Holiday Juneteenth National Independence Day,US Holiday
2022-06-20,US Holiday Juneteenth National Independence Day (observed),US Holiday
2022-06-21,SPY Component Report LEN,SPY Component Report
2022-06-23,SPY Component Report ACN,SPY Component Report
2022-06-23,SPY Component Report DRI,SPY Component Report
2022-06-23,SPY Component Report FDS,SPY Component Report
2022-06-23,SPY Component Report FDX,SPY Component Report
2022-06-24,SPY Component Report CCL,SPY Component Report
2022-06-24,SPY Component Report KMX,SPY Component Report
2022-06-26,US Market Summit G7 Summit,US Market Summit G7
2022-06-27,SPY Component Report NKE,SPY Component Report
2022-06-29,SPY Component Report GIS,SPY Component Report
2022-06-29,SPY Component Report MKC,SPY Component Report
2022-06-29,SPY Component Report PAYX,SPY Component Report
2022-06-30,PCE Release for May 2022,PCE Release
2022-06-30,SPY Component Report MU,SPY Component Report
2022-06-30,SPY Component Report STZ,SPY Component Report
2022-06-30,SPY Component Report WBA,SPY Component Report
2022-07-04,US Holiday Independence Day,US Holiday
2022-07-08,NFP Release,NFP Release
2022-07-12,SPY Component Report PEP,SPY Component Report
2022-07-13,CPI Release,CPI Release
2022-07-13,SPY Component Report DAL,SPY Component Report
2022-07-13,SPY Component Report FAST,SPY Component Report
2022-07-14,SPY Component Report CAG,SPY Component Report
2022-07-14,SPY Component Report CTAS,SPY Component Report
2022-07-14,SPY Component Report JPM,SPY Component Report
2022-07-14,SPY Component Report MS,SPY Component Report
2022-07-15,SPY Component Report BK,SPY Component Report
2022-07-15,SPY Component Report BLK,SPY Component Report
2022-07-15,SPY Component Report C,SPY Component Report
2022-07-15,SPY Component Report PGR,SPY Component Report
2022-07-15,SPY Component Report PNC,SPY Component Report
2022-07-15,SPY Component Report STT,SPY Component Report
2022-07-15,SPY Component Report UNH,SPY Component Report
2022-07-15,SPY Component Report USB,SPY Component Report
2022-07-15,SPY Component Report WFC,SPY Component Report
2022-07-18,SPY Component Report BAC,SPY Component Report
2022-07-18,SPY Component Report GS,SPY Component Report
2022-07-18,SPY Component Report IBM,SPY Component Report
2022-07-18,SPY Component Report PLD,SPY Component Report
2022-07-18,SPY Component Report SCHW,SPY Component Report
2022-07-18,SPY Component Report SYF,SPY Component Report
2022-07-19,SPY Component Report CFG,SPY Component Report
2022-07-19,SPY Component Report HAL,SPY Component Report
2022-07-19,SPY Component Report HAS,SPY Component Report
2022-07-19,SPY Component Report JBHT,SPY Component Report
2022-07-19,SPY Component Report JNJ,SPY Component Report
2022-07-19,SPY Component Report LMT,SPY Component Report
2022-07-19,SPY Component Report NFLX,SPY Component Report
2022-07-19,SPY Component Report OMC,SPY Component Report
2022-07-19,SPY Component Report TFC,SPY Component Report
2022-07-20,SPY Component Report ABT,SPY Component Report
2022-07-20,SPY Component Report BIIB,SPY Component Report
2022-07-20,SPY Component Report BKR,SPY Component Report
2022-07-20,SPY Component Report CCI,SPY Component Report
2022-07-20,SPY Component Report CSX,SPY Component Report
2022-07-20,SPY Component Report EFX,SPY Component Report
2022-07-20,SPY Component Report ELV,SPY Component Report
2022-07-20,SPY Component Report KMI,SPY Component Report
2022-07-20,SPY Component Report LVS,SPY Component Report
2022-07-20,SPY Component Report MKTX,SPY Component Report
2022-07-20,SPY Component Report MTB,SPY Component Report
2022-07-20,SPY Component Report NDAQ,SPY Component Report
2022-07-20,SPY Component Report NTRS,SPY Component Report
2022-07-20,SPY Component Report STLD,SPY Component Report
2022-07-20,SPY Component Report TSLA,SPY Component Report
2022-07-20,SPY Component Report UAL,SPY Component Report
2022-07-21,SPY Component Report BX,SPY Component Report
2022-07-21,SPY Component Report COF,SPY Component Report
2022-07-21,SPY Component Report DGX,SPY Component Report
2022-07-21,SPY Component Report DHI,SPY Component Report
2022-07-21,SPY Component Report DHR,SPY Component Report
2022-07-21,SPY Component Report DOV,SPY Component Report
2022-07-21,SPY Component Report DOW,SPY Component Report
2022-07-21,SPY Component Report DPZ,SPY Component Report
2022-07-21,SPY Component Report FCX,SPY Component Report
2022-07-21,SPY Component Report FITB,SPY Component Report
2022-07-21,SPY Component Report HBAN,SPY Component Report
2022-07-21,SPY Component Report IPG,SPY Component Report
2022-07-21,SPY Component Report IQV,SPY Component Report
2022-07-21,SPY Component Report ISRG,SPY Component Report
2022-07-21,SPY Component Report KEY,SPY Component Report
2022-07-21,SPY Component Report MMC,SPY Component Report
2022-07-21,SPY Component Report NUE,SPY Component Report
2022-07-21,SPY Component Report PM,SPY Component Report
2022-07-21,SPY Component Report POOL,SPY Component Report
2022-07-21,SPY Component Report PPG,SPY Component Report
2022-07-21,SPY Component Report SNA,SPY Component Report
2022-07-21,SPY Component Report STX,SPY Component Report
2022-07-21,SPY Component Report T,SPY Component Report
2022-07-21,SPY Component Report TRV,SPY Component Report
2022-07-21,SPY Component Report TSCO,SPY Component Report
2022-07-21,SPY Component Report UNP,SPY Component Report
2022-07-21,SPY Component Report WRB,SPY Component Report
2022-07-22,SPY Component Report AXP,SPY Component Report
2022-07-22,SPY Component Report HCA,SPY Component Report
2022-07-22,SPY Component Report NEE,SPY Component Report
2022-07-22,SPY Component Report RF,SPY Component Report
2022-07-22,SPY Component Report ROP,SPY Component Report
2022-07-22,SPY Component Report SLB,SPY Component Report
2022-07-22,SPY Component Report VZ,SPY Component Report
2022-07-25,SPY Component Report ARE,SPY Component Report
2022-07-25,SPY Component Report BRO,SPY Component Report
2022-07-25,SPY Component Report CDNS,SPY Component Report
2022-07-25,SPY Component Report FFIV,SPY Component Report
2022-07-25,SPY Component Report NEM,SPY Component Report
2022-07-25,SPY Component Report NXPI,SPY Component Report
2022-07-25,SPY Component Report PKG,SPY Component Report
2022-07-25,SPY Component Report UHS,SPY Component Report
2022-07-26,SPY Component Report ADM,SPY Component Report
2022-07-26,SPY Component Report AMP,SPY Component Report
2022-07-26,SPY Component Report BXP,SPY Component Report
2022-07-26,SPY Component Report CB,SPY Component Report
2022-07-26,SPY Component Report CMG,SPY Component Report
2022-07-26,SPY Component Report CNC,SPY Component Report
2022-07-26,SPY Component Report CSGP,SPY Component Report
2022-07-26,SPY Component Report ECL,SPY Component Report
2022-07-26,SPY Component Report ENPH,SPY Component Report
2022-07-26,SPY Component Report EQR,SPY Component Report
2022-07-26,SPY Component Report ESS,SPY Component Report
2022-07-26,SPY Component Report FE,SPY Component Report
2022-07-26,SPY Component Report FI,SPY Component Report
2022-07-26,SPY Component Report GE,SPY Component Report
2022-07-26,SPY Component Report GLW,SPY Component Report
2022-07-26,SPY Component Report GM,SPY Component Report
2022-07-26,SPY Component Report GOOG,SPY Component Report
2022-07-26,SPY Component Report GOOGL,SPY Component Report
2022-07-26,SPY Component Report HUBB,SPY Component Report
2022-07-26,SPY Component Report IEX,SPY Component Report
2022-07-26,SPY Component Report JNPR,SPY Component Report
2022-07-26,SPY Component Report KMB,SPY Component Report
2022-07-26,SPY Component Report KO,SPY Component Report
2022-07-26,SPY Component Report MCD,SPY Component Report
2022-07-26,SPY Component Report MCO,SPY Component Report
2022-07-26,SPY Component Report MDLZ,SPY Component Report
2022-07-26,SPY Component Report MMM,SPY Component Report
2022-07-26,SPY Component Report MSCI,SPY Component Report
2022-07-26,SPY Component Report MSFT,SPY Component Report
2022-07-26,SPY Component Report NVR,SPY Component Report
2022-07-26,SPY Component Report PCAR,SPY Component Report
2022-07-26,SPY Component Report PHM,SPY Component Report
2022-07-26,SPY Component Report PNR,SPY Component Report
2022-07-26,SPY Component Report RTX,SPY Component Report
2022-07-26,SPY Component Report SYK,SPY Component Report
2022-07-26,SPY Component Report TER,SPY Component Report
2022-07-26,SPY Component Report TXN,SPY Component Report
2022-07-26,SPY Component Report UDR,SPY Component Report
2022-07-26,SPY Component Report UPS,SPY Component Report
2022-07-26,SPY Component Report V,SPY Component Report
2022-07-27,SPY Component Report ACGL,SPY Component Report
2022-07-27,SPY Component Report ADP,SPY Component Report
2022-07-27,SPY Component Report AEP,SPY Component Report
2022-07-27,SPY Component Report ALGN,SPY Component Report
2022-07-27,SPY Component Report APH,SPY Component Report
2022-07-27,SPY Component Report AVY,SPY Component Report
2022-07-27,SPY Component Report AWK,SPY Component Report
2022-07-27,SPY Component Report BA,SPY Component Report
2022-07-27,SPY Component Report BG,SPY Component Report
2022-07-27,SPY Component Report BMY,SPY Component Report
2022-07-27,SPY Component Report BSX,SPY Component Report
2022-07-27,SPY Component Report CHRW,SPY Component Report
2022-07-27,SPY Component Report CINF,SPY Component Report
2022-07-27,SPY Component Report CME,SPY Component Report
2022-07-27,SPY Component Report CTSH,SPY Component Report
2022-07-27,SPY Component Report EG,SPY Component Report
2022-07-27,SPY Component Report EQIX,SPY Component Report
2022-07-27,SPY Component Report EQT,SPY Component Report
2022-07-27,SPY Component Report F,SPY Component Report
2022-07-27,SPY Component Report GD,SPY Component Report
2022-07-27,SPY Component Report GL,SPY Component Report
2022-07-27,SPY Component Report GPC,SPY Component Report
2022-07-27,SPY Component Report GRMN,SPY Component Report
2022-07-27,SPY Component Report HES,SPY Component Report
2022-07-27,SPY Component Report HLT,SPY Component Report
2022-07-27,SPY Component Report HOLX,SPY Component Report
2022-07-27,SPY Component Report HUM,SPY Component Report
2022-07-27,SPY Component Report INVH,SPY Component Report
2022-07-27,SPY Component Report IVZ,SPY Component Report
2022-07-27,SPY Component Report KHC,SPY Component Report
2022-07-27,SPY Component Report LRCX,SPY Component Report
2022-07-27,SPY Component Report LW,SPY Component Report
2022-07-27,SPY Component Report MAA,SPY Component Report
2022-07-27,SPY Component Report META,SPY Component Report
2022-07-27,SPY Component Report MOH,SPY Component Report
2022-07-27,SPY Component Report NOW,SPY Component Report
2022-07-27,SPY Component Report NSC,SPY Component Report
2022-07-27,SPY Component Report ODFL,SPY Component Report
2022-07-27,SPY Component Report ORLY,SPY Component Report
2022-07-27,SPY Component Report OTIS,SPY Component Report
2022-07-27,SPY Component Report PTC,SPY Component Report
2022-07-27,SPY Component Report QCOM,SPY Component Report
2022-07-27,SPY Component Report RJF,SPY Component Report
2022-07-27,SPY Component Report ROK,SPY Component Report
2022-07-27,SPY Component Report ROL,SPY Component Report
2022-07-27,SPY Component Report SHW,SPY Component Report
2022-07-27,SPY Component Report TDY,SPY Component Report
2022-07-27,SPY Component Report TEL,SPY Component Report
2022-07-27,SPY Component Report TMUS,SPY Component Report
2022-07-27,SPY Component Report TYL,SPY Component Report
2022-07-27,SPY Component Report URI,SPY Component Report
2022-07-27,SPY Component Report VICI,SPY Component Report
2022-07-27,SPY Component Report WM,SPY Component Report
2022-07-27,US Market Summit FOMC Statement,US Market Summit FOMC
2022-07-28,SPY Component Report AAPL,SPY Component Report
2022-07-28,SPY Component Report AJG,SPY Component Report
2022-07-28,SPY Component Report ALLE,SPY Component Report
2022-07-28,SPY Component Report AMT,SPY Component Report
2022-07-28,SPY Component Report AMZN,SPY Component Report
2022-07-28,SPY Component Report AOS,SPY Component Report
2022-07-28,SPY Component Report AVB,SPY Component Report
2022-07-28,SPY Component Report BAX,SPY Component Report
2022-07-28,SPY Component Report BEN,SPY Component Report
2022-07-28,SPY Component Report CARR,SPY Component Report
2022-07-28,SPY Component Report CMCSA,SPY Component Report
2022-07-28,SPY Component Report CMS,SPY Component Report
2022-07-28,SPY Component Report CPT,SPY Component Report
2022-07-28,SPY Component Report DECK,SPY Component Report
2022-07-28,SPY Component Report DLR,SPY Component Report
2022-07-28,SPY Component Report DTE,SPY Component Report
2022-07-28,SPY Component Report DXCM,SPY Component Report
2022-07-28,SPY Component Report EIX,SPY Component Report
2022-07-28,SPY Component Report EMN,SPY Component Report
2022-07-28,SPY Component Report ERIE,SPY Component Report
2022-07-28,SPY Component Report ES,SPY Component Report
2022-07-28,SPY Component Report EW,SPY Component Report
2022-07-28,SPY Component Report FSLR,SPY Component Report
2022-07-28,SPY Component Report FTV,SPY Component Report
2022-07-28,SPY Component Report HIG,SPY Component Report
2022-07-28,SPY Component Report HON,SPY Component Report
2022-07-28,SPY Component Report HSY,SPY Component Report
2022-07-28,SPY Component Report INTC,SPY Component Report
2022-07-28,SPY Component Report IP,SPY Component Report
2022-07-28,SPY Component Report KDP,SPY Component Report
2022-07-28,SPY Component Report KIM,SPY Component Report
2022-07-28,SPY Component Report KLAC,SPY Component Report
2022-07-28,SPY Component Report LH,SPY Component Report
2022-07-28,SPY Component Report LHX,SPY Component Report
2022-07-28,SPY Component Report LII,SPY Component Report
2022-07-28,SPY Component Report LIN,SPY Component Report
2022-07-28,SPY Component Report LKQ,SPY Component Report
2022-07-28,SPY Component Report LUV,SPY Component Report
2022-07-28,SPY Component Report MA,SPY Component Report
2022-07-28,SPY Component Report MAS,SPY Component Report
2022-07-28,SPY Component Report MHK,SPY Component Report
2022-07-28,SPY Component Report MLM,SPY Component Report
2022-07-28,SPY Component Report MO,SPY Component Report
2022-07-28,SPY Component Report MRK,SPY Component Report
2022-07-28,SPY Component Report MTD,SPY Component Report
2022-07-28,SPY Component Report NOC,SPY Component Report
2022-07-28,SPY Component Report PCG,SPY Component Report
2022-07-28,SPY Component Report PFE,SPY Component Report
2022-07-28,SPY Component Report RCL,SPY Component Report
2022-07-28,SPY Component Report SO,SPY Component Report
2022-07-28,SPY Component Report SWK,SPY Component Report
2022-07-28,SPY Component Report TMO,SPY Component Report
2022-07-28,SPY Component Report TROW,SPY Component Report
2022-07-28,SPY Component Report TXT,SPY Component Report
2022-07-28,SPY Component Report VLO,SPY Component Report
2022-07-28,SPY Component Report VRSN,SPY Component Report
2022-07-28,SPY Component Report WST,SPY Component Report
2022-07-28,SPY Component Report WTW,SPY Component Report
2022-07-28,SPY Component Report XEL,SPY Component Report
2022-07-29,PCE Release for June 2022,PCE Release
2022-07-29,SPY Component Report ABBV,SPY Component Report
2022-07-29,SPY Component Report AON,SPY Component Report
2022-07-29,SPY Component Report CBOE,SPY Component Report
2022-07-29,SPY Component Report CHD,SPY Component Report
2022-07-29,SPY Component Report CHTR,SPY Component Report
2022-07-29,SPY Component Report CL,SPY Component Report
2022-07-29,SPY Component Report CVX,SPY Component Report
2022-07-29,SPY Component Report GWW,SPY Component Report
2022-07-29,SPY Component Report LYB,SPY Component Report
2022-07-29,SPY Component Report PG,SPY Component Report
2022-07-29,SPY Component Report PSX,SPY Component Report
2022-07-29,SPY Component Report WY,SPY Component Report
2022-07-29,SPY Component Report XOM,SPY Component Report
2022-08-01,SPY Component Report AFL,SPY Component Report
2022-08-01,SPY Component Report ANET,SPY Component Report
2022-08-01,SPY Component Report BLDR,SPY Component Report
2022-08-01,SPY Component Report CF,SPY Component Report
2022-08-01,SPY Component Report DVA,SPY Component Report
2022-08-01,SPY Component Report DVN,SPY Component Report
2022-08-01,SPY Component Report FANG,SPY Component Report
2022-08-01,SPY Component Report GPN,SPY Component Report
2022-08-01,SPY Component Report J,SPY Component Report
2022-08-01,SPY Component Report MOS,SPY Component Report
2022-08-01,SPY Component Report MPWR,SPY Component Report
2022-08-01,SPY Component Report ON,SPY Component Report
2022-08-01,SPY Component Report RVTY,SPY Component Report
2022-08-01,SPY Component Report SBAC,SPY Component Report
2022-08-01,SPY Component Report SPG,SPY Component Report
2022-08-01,SPY Component Report WMB,SPY Component Report
2022-08-02,SPY Component Report ABNB,SPY Component Report
2022-08-02,SPY Component Report AIZ,SPY Component Report
2022-08-02,SPY Component Report AMD,SPY Component Report
2022-08-02,SPY Component Report AME,SPY Component Report
2022-08-02,SPY Component Report CAT,SPY Component Report
2022-08-02,SPY Component Report CMI,SPY Component Report
2022-08-02,SPY Component Report CNP,SPY Component Report
2022-08-02,SPY Component Report CTRA,SPY Component Report
2022-08-02,SPY Component Report CZR,SPY Component Report
2022-08-02,SPY Component Report DD,SPY Component Report
2022-08-02,SPY Component Report DOC,SPY Component Report
2022-08-02,SPY Component Report EA,SPY Component Report
2022-08-02,SPY Component Report ETN,SPY Component Report
2022-08-02,SPY Component Report EXE,SPY Component Report
2022-08-02,SPY Component Report EXPD,SPY Component Report
2022-08-02,SPY Component Report EXR,SPY Component Report
2022-08-02,SPY Component Report GILD,SPY Component Report
2022-08-02,SPY Component Report HSIC,SPY Component Report
2022-08-02,SPY Component Report IDXX,SPY Component Report
2022-08-02,SPY Component Report INCY,SPY Component Report
2022-08-02,SPY Component Report IT,SPY Component Report
2022-08-02,SPY Component Report ITW,SPY Component Report
2022-08-02,SPY Component Report KKR,SPY Component Report
2022-08-02,SPY Component Report LDOS,SPY Component Report
2022-08-02,SPY Component Report MAR,SPY Component Report
2022-08-02,SPY Component Report MCHP,SPY Component Report
2022-08-02,SPY Component Report MPC,SPY Component Report
2022-08-02,SPY Component Report MTCH,SPY Component Report
2022-08-02,SPY Component Report OXY,SPY Component Report
2022-08-02,SPY Component Report PAYC,SPY Component Report
2022-08-02,SPY Component Report PEG,SPY Component Report
2022-08-02,SPY Component Report PRU,SPY Component Report
2022-08-02,SPY Component Report PYPL,SPY Component Report
2022-08-02,SPY Component Report SBUX,SPY Component Report
2022-08-02,SPY Component Report SPGI,SPY Component Report
2022-08-02,SPY Component Report STE,SPY Component Report
2022-08-02,SPY Component Report TAP,SPY Component Report
2022-08-02,SPY Component Report UBER,SPY Component Report
2022-08-02,SPY Component Report VRSK,SPY Component Report
2022-08-02,SPY Component Report WAT,SPY Component Report
2022-08-02,SPY Component Report WEC,SPY Component Report
2022-08-02,SPY Component Report XYL,SPY Component Report
2022-08-02,SPY Component Report ZBH,SPY Component Report
2022-08-02,SPY Component Report ZBRA,SPY Component Report
2022-08-03,SPY Component Report ALB,SPY Component Report
2022-08-03,SPY Component Report ALL,SPY Component Report
2022-08-03,SPY Component Report ANSS,SPY Component Report
2022-08-03,SPY Component Report APA,SPY Component Report
2022-08-03,SPY Component Report ATO,SPY Component Report
2022-08-03,SPY Component Report BKNG,SPY Component Report
2022-08-03,SPY Component Report CDW,SPY Component Report
2022-08-03,SPY Component Report CLX,SPY Component Report
2022-08-03,SPY Component Report COR,SPY Component Report
2022-08-03,SPY Component Report CPAY,SPY Component Report
2022-08-03,SPY Component Report CRL,SPY Component Report
2022-08-03,SPY Component Report CVS,SPY Component Report
2022-08-03,SPY Component Report DAY,SPY Component Report
2022-08-03,SPY Component Report EBAY,SPY Component Report
2022-08-03,SPY Component Report ETR,SPY Component Report
2022-08-03,SPY Component Report EXC,SPY Component Report
2022-08-03,SPY Component Report FICO,SPY Component Report
2022-08-03,SPY Component Report FTNT,SPY Component Report
2022-08-03,SPY Component Report GDDY,SPY Component Report
2022-08-03,SPY Component Report GNRC,SPY Component Report
2022-08-03,SPY Component Report HST,SPY Component Report
2022-08-03,SPY Component Report IR,SPY Component Report
2022-08-03,SPY Component Report MCK,SPY Component Report
2022-08-03,SPY Component Report MET,SPY Component Report
2022-08-03,SPY Component Report MGM,SPY Component Report
2022-08-03,SPY Component Report MRNA,SPY Component Report
2022-08-03,SPY Component Report NI,SPY Component Report
2022-08-03,SPY Component Report O,SPY Component Report
2022-08-03,SPY Component Report PNW,SPY Component Report
2022-08-03,SPY Component Report PPL,SPY Component Report
2022-08-03,SPY Component Report REGN,SPY Component Report
2022-08-03,SPY Component Report TPL,SPY Component Report
2022-08-03,SPY Component Report TT,SPY Component Report
2022-08-03,SPY Component Report YUM,SPY Component Report
2022-08-04,SPY Component Report AEE,SPY Component Report
2022-08-04,SPY Component Report AES,SPY Component Report
2022-08-04,SPY Component Report AMGN,SPY Component Report
2022-08-04,SPY Component Report APD,SPY Component Report
2022-08-04,SPY Component Report APO,SPY Component Report
2022-08-04,SPY Component Report APTV,SPY Component Report
2022-08-04,SPY Component Report BALL,SPY Component Report
2022-08-04,SPY Component Report BDX,SPY Component Report
2022-08-04,SPY Component Report CBRE,SPY Component Report
2022-08-04,SPY Component Report CEG,SPY Component Report
2022-08-04,SPY Component Report CI,SPY Component Report
2022-08-04,SPY Component Report COP,SPY Component Report
2022-08-04,SPY Component Report CTVA,SPY Component Report
2022-08-04,SPY Component Report DASH,SPY Component Report
2022-08-04,SPY Component Report DUK,SPY Component Report
2022-08-04,SPY Component Report ED,SPY Component Report
2022-08-04,SPY Component Report EOG,SPY Component Report
2022-08-04,SPY Component Report EPAM,SPY Component Report
2022-08-04,SPY Component Report EVRG,SPY Component Report
2022-08-04,SPY Component Report EXPE,SPY Component Report
2022-08-04,SPY Component Report FIS,SPY Component Report
2022-08-04,SPY Component Report FRT,SPY Component Report
2022-08-04,SPY Component Report GEN,SPY Component Report
2022-08-04,SPY Component Report HII,SPY Component Report
2022-08-04,SPY Component Report HWM,SPY Component Report
2022-08-04,SPY Component Report ICE,SPY Component Report
2022-08-04,SPY Component Report IRM,SPY Component Report
2022-08-04,SPY Component Report JCI,SPY Component Report
2022-08-04,SPY Component Report K,SPY Component Report
2022-08-04,SPY Component Report LLY,SPY Component Report
2022-08-04,SPY Component Report LNT,SPY Component Report
2022-08-04,SPY Component Report LYV,SPY Component Report
2022-08-04,SPY Component Report MNST,SPY Component Report
2022-08-04,SPY Component Report MSI,SPY Component Report
2022-08-04,SPY Component Report NRG,SPY Component Report
2022-08-04,SPY Component Report PARA,SPY Component Report
2022-08-04,SPY Component Report PH,SPY Component Report
2022-08-04,SPY Component Report PODD,SPY Component Report
2022-08-04,SPY Component Report PSA,SPY Component Report
2022-08-04,SPY Component Report PWR,SPY Component Report
2022-08-04,SPY Component Report RSG,SPY Component Report
2022-08-04,SPY Component Report SRE,SPY Component Report
2022-08-04,SPY Component Report SWKS,SPY Component Report
2022-08-04,SPY Component Report TECH,SPY Component Report
2022-08-04,SPY Component Report TRGP,SPY Component Report
2022-08-04,SPY Component Report VMC,SPY Component Report
2022-08-04,SPY Component Report VRTX,SPY Component Report
2022-08-04,SPY Component Report VTR,SPY Component Report
2022-08-04,SPY Component Report ZTS,SPY Component Report
2022-08-05,NFP Release,NFP Release
2022-08-05,SPY Component Report REG,SPY Component Report
2022-08-05,SPY Component Report TRMB,SPY Component Report
2022-08-05,SPY Component Report VST,SPY Component Report
2022-08-05,SPY Component Report WAB,SPY Component Report
2022-08-05,SPY Component Report WBD,SPY Component Report
2022-08-05,SPY Component Report WDC,SPY Component Report
2022-08-06,SPY Component Report BRK-B,SPY Component Report
2022-08-08,SPY Component Report AIG,SPY Component Report
2022-08-08,SPY Component Report D,SPY Component Report
2022-08-08,SPY Component Report IFF,SPY Component Report
2022-08-08,SPY Component Report NWS,SPY Component Report
2022-08-08,SPY Component Report NWSA,SPY Component Report
2022-08-08,SPY Component Report OKE,SPY Component Report
2022-08-08,SPY Component Report PFG,SPY Component Report
2022-08-08,SPY Component Report PLTR,SPY Component Report
2022-08-08,SPY Component Report TSN,SPY Component Report
2022-08-08,SPY Component Report TTWO,SPY Component Report
2022-08-08,SPY Component Report VTRS,SPY Component Report
2022-08-09,SPY Component Report AKAM,SPY Component Report
2022-08-09,SPY Component Report AXON,SPY Component Report
2022-08-09,SPY Component Report COIN,SPY Component Report
2022-08-09,SPY Component Report EMR,SPY Component Report
2022-08-09,SPY Component Report NCLH,SPY Component Report
2022-08-09,SPY Component Report RL,SPY Component Report
2022-08-09,SPY Component Report SMCI,SPY Component Report
2022-08-09,SPY Component Report SYY,SPY Component Report
2022-08-09,SPY Component Report TDG,SPY Component Report
2022-08-09,SPY Component Report WELL,SPY Component Report
2022-08-09,SPY Component Report WYNN,SPY Component Report
2022-08-10,CPI Release,CPI Release
2022-08-10,SPY Component Report DIS,SPY Component Report
2022-08-10,SPY Component Report FOX,SPY Component Report
2022-08-10,SPY Component Report FOXA,SPY Component Report
2022-08-11,SPY Component Report CAH,SPY Component Report
2022-08-11,SPY Component Report RMD,SPY Component Report
2022-08-12,SPY Component Report BR,SPY Component Report
2022-08-16,SPY Component Report A,SPY Component Report
2022-08-16,SPY Component Report HD,SPY Component Report
2022-08-16,SPY Component Report JKHY,SPY Component Report
2022-08-16,SPY Component Report WMT,SPY Component Report
2022-08-17,SPY Component Report ADI,SPY Component Report
2022-08-17,SPY Component Report AMCR,SPY Component Report
2022-08-17,SPY Component Report CSCO,SPY Component Report
2022-08-17,SPY Component Report KEYS,SPY Component Report
2022-08-17,SPY Component Report LOW,SPY Component Report
2022-08-17,SPY Component Report SNPS,SPY Component Report
2022-08-17,SPY Component Report TGT,SPY Component Report
2022-08-17,SPY Component Report TJX,SPY Component Report
2022-08-18,SPY Component Report AMAT,SPY Component Report
2022-08-18,SPY Component Report EL,SPY Component Report
2022-08-18,SPY Component Report ROST,SPY Component Report
2022-08-18,SPY Component Report TPR,SPY Component Report
2022-08-19,SPY Component Report DE,SPY Component Report
2022-08-22,SPY Component Report NDSN,SPY Component Report
2022-08-22,SPY Component Report PANW,SPY Component Report
2022-08-23,SPY Component Report INTU,SPY Component Report
2022-08-23,SPY Component Report MDT,SPY Component Report
2022-08-23,SPY Component Report SJM,SPY Component Report
2022-08-24,SPY Component Report ADSK,SPY Component Report
2022-08-24,SPY Component Report CRM,SPY Component Report
2022-08-24,SPY Component Report NTAP,SPY Component Report
2022-08-24,SPY Component Report NVDA,SPY Component Report
2022-08-24,SPY Component Report WSM,SPY Component Report
2022-08-25,SPY Component Report DELL,SPY Component Report
2022-08-25,SPY Component Report DG,SPY Component Report
2022-08-25,SPY Component Report DLTR,SPY Component Report
2022-08-25,SPY Component Report ULTA,SPY Component Report
2022-08-25,SPY Component Report WDAY,SPY Component Report
2022-08-26,PCE Release for July 2022,PCE Release
2022-08-26,US Market Summit Jackson Hole,US Market Summit Jackson Hole
2022-08-30,SPY Component Report BBY,SPY Component Report
2022-08-30,SPY Component Report CRWD,SPY Component Report
2022-08-30,SPY Component Report HPE,SPY Component Report
2022-08-30,SPY Component Report HPQ,SPY Component Report
2022-08-31,SPY Component Report BF-B,SPY Component Report
2022-08-31,SPY Component Report COO,SPY Component Report
2022-09-01,SPY Component Report AVGO,SPY Component Report
2022-09-01,SPY Component Report CPB,SPY Component Report
2022-09-01,SPY Component Report HRL,SPY Component Report
2022-09-01,SPY Component Report LULU,SPY Component Report
2022-09-02,NFP Release,NFP Release
2022-09-05,US Holiday Labor Day,US Holiday
2022-09-07,SPY Component Report CPRT,SPY Component Report
2022-09-09,SPY Component Report KR,SPY Component Report
2022-09-10,Chinese Holiday Mid-Autumn Festival,Chinese Holiday
2022-09-12,Chinese Holiday Mid-Autumn Festival,Chinese Holiday
2022-09-12,SPY Component Report ORCL,SPY Component Report
2022-09-13,CPI Release,CPI Release
2022-09-15,SPY Component Report ADBE,SPY Component Report
2022-09-15,SPY Component Report FDX,SPY Component Report
2022-09-16,SPY OpEx Quarterly,SPY OpEx Quarterly
2022-09-19,SPY Component Report AZO,SPY Component Report
2022-09-21,SPY Component Report GIS,SPY Component Report
2022-09-21,SPY Component Report LEN,SPY Component Report
2022-09-21,US Market Summit FOMC w/ SEP,US Market Summit FOMC
2022-09-22,SPY Component Report ACN,SPY Component Report
2022-09-22,SPY Component Report DRI,SPY Component Report
2022-09-22,SPY Component Report FDS,SPY Component Report
2022-09-27,SPY Component Report JBL,SPY Component Report
2022-09-28,SPY Component Report CTAS,SPY Component Report
2022-09-28,SPY Component Report PAYX,SPY Component Report
2022-09-29,SPY Component Report KMX,SPY Component Report
2022-09-29,SPY Component Report MU,SPY Component Report
2022-09-29,SPY Component Report NKE,SPY Component Report
2022-09-30,PCE Release for August 2022 and Annual Update,PCE Release
2022-09-30,SPY Component Report CCL,SPY Component Report
2022-10-01,Chinese Holiday National Day,Chinese Holiday
2022-10-02,Chinese Holiday National Day,Chinese Holiday
2022-10-03,Chinese Holiday National Day,Chinese Holiday
2022-10-04,Chinese Holiday National Day,Chinese Holiday
2022-10-05,Chinese Holiday National Day,Chinese Holiday
2022-10-05,SPY Component Report COST,SPY Component Report
2022-10-05,SPY Component Report LW,SPY Component Report
2022-10-05,US Market Summit OPEC+ Ministerial,US Market Summit OPEC
2022-10-06,Chinese Holiday Rest Day,Chinese Holiday
2022-10-06,SPY Component Report CAG,SPY Component Report
2022-10-06,SPY Component Report MKC,SPY Component Report
2022-10-06,SPY Component Report STZ,SPY Component Report
2022-10-07,Chinese Holiday Rest Day,Chinese Holiday
2022-10-07,NFP Release,NFP Release
2022-10-10,US Holiday Columbus Day,US Holiday
2022-10-12,SPY Component Report PEP,SPY Component Report
2022-10-13,CPI Release,CPI Release
2022-10-13,SPY Component Report BLK,SPY Component Report
2022-10-13,SPY Component Report DAL,SPY Component Report
2022-10-13,SPY Component Report DPZ,SPY Component Report
2022-10-13,SPY Component Report FAST,SPY Component Report
2022-10-13,SPY Component Report PGR,SPY Component Report
2022-10-13,SPY Component Report WBA,SPY Component Report
2022-10-14,SPY Component Report C,SPY Component Report
2022-10-14,SPY Component Report JPM,SPY Component Report
2022-10-14,SPY Component Report MS,SPY Component Report
2022-10-14,SPY Component Report PNC,SPY Component Report
2022-10-14,SPY Component Report UNH,SPY Component Report
2022-10-14,SPY Component Report USB,SPY Component Report
2022-10-14,SPY Component Report WFC,SPY Component Report
2022-10-17,SPY Component Report BAC,SPY Component Report
2022-10-17,SPY Component Report BK,SPY Component Report
2022-10-17,SPY Component Report SCHW,SPY Component Report
2022-10-18,SPY Component Report GS,SPY Component Report
2022-10-18,SPY Component Report HAS,SPY Component Report
2022-10-18,SPY Component Report ISRG,SPY Component Report
2022-10-18,SPY Component Report JBHT,SPY Component Report
2022-10-18,SPY Component Report JNJ,SPY Component Report
2022-10-18,SPY Component Report LMT,SPY Component Report
2022-10-18,SPY Component Report NFLX,SPY Component Report
2022-10-18,SPY Component Report OMC,SPY Component Report
2022-10-18,SPY Component Report STT,SPY Component Report
2022-10-18,SPY Component Report TFC,SPY Component Report
2022-10-18,SPY Component Report UAL,SPY Component Report
2022-10-19,SPY Component Report ABT,SPY Component Report
2022-10-19,SPY Component Report BKR,SPY Component Report
2022-10-19,SPY Component Report CCI,SPY Component Report
2022-10-19,SPY Component Report CFG,SPY Component Report
2022-10-19,SPY Component Report EFX,SPY Component Report
2022-10-19,SPY Component Report ELV,SPY Component Report
2022-10-19,SPY Component Report IBM,SPY Component Report
2022-10-19,SPY Component Report KMI,SPY Component Report
2022-10-19,SPY Component Report LRCX,SPY Component Report
2022-10-19,SPY Component Report LVS,SPY Component Report
2022-10-19,SPY Component Report MKTX,SPY Component Report
2022-10-19,SPY Component Report MTB,SPY Component Report
2022-10-19,SPY Component Report NDAQ,SPY Component Report
2022-10-19,SPY Component Report NTRS,SPY Component Report
2022-10-19,SPY Component Report PG,SPY Component Report
2022-10-19,SPY Component Report PLD,SPY Component Report
2022-10-19,SPY Component Report PPG,SPY Component Report
2022-10-19,SPY Component Report STLD,SPY Component Report
2022-10-19,SPY Component Report TRV,SPY Component Report
2022-10-19,SPY Component Report TSLA,SPY Component Report
2022-10-20,SPY Component Report BX,SPY Component Report
2022-10-20,SPY Component Report CSX,SPY Component Report
2022-10-20,SPY Component Report DGX,SPY Component Report
2022-10-20,SPY Component Report DHR,SPY Component Report
2022-10-20,SPY Component Report DOV,SPY Component Report
2022-10-20,SPY Component Report DOW,SPY Component Report
2022-10-20,SPY Component Report FCX,SPY Component Report
2022-10-20,SPY Component Report FITB,SPY Component Report
2022-10-20,SPY Component Report GPC,SPY Component Report
2022-10-20,SPY Component Report KEY,SPY Component Report
2022-10-20,SPY Component Report MMC,SPY Component Report
2022-10-20,SPY Component Report NUE,SPY Component Report
2022-10-20,SPY Component Report PM,SPY Component Report
2022-10-20,SPY Component Report POOL,SPY Component Report
2022-10-20,SPY Component Report SNA,SPY Component Report
2022-10-20,SPY Component Report T,SPY Component Report
2022-10-20,SPY Component Report TSCO,SPY Component Report
2022-10-20,SPY Component Report UNP,SPY Component Report
2022-10-21,SPY Component Report AXP,SPY Component Report
2022-10-21,SPY Component Report HBAN,SPY Component Report
2022-10-21,SPY Component Report HCA,SPY Component Report
2022-10-21,SPY Component Report IPG,SPY Component Report
2022-10-21,SPY Component Report RF,SPY Component Report
2022-10-21,SPY Component Report SLB,SPY Component Report
2022-10-21,SPY Component Report VZ,SPY Component Report
2022-10-24,SPY Component Report ARE,SPY Component Report
2022-10-24,SPY Component Report BRO,SPY Component Report
2022-10-24,SPY Component Report CDNS,SPY Component Report
2022-10-24,SPY Component Report PKG,SPY Component Report
2022-10-24,SPY Component Report WRB,SPY Component Report
2022-10-25,SPY Component Report ADM,SPY Component Report
2022-10-25,SPY Component Report AMP,SPY Component Report
2022-10-25,SPY Component Report BIIB,SPY Component Report
2022-10-25,SPY Component Report BMY,SPY Component Report
2022-10-25,SPY Component Report BXP,SPY Component Report
2022-10-25,SPY Component Report CB,SPY Component Report
2022-10-25,SPY Component Report CMG,SPY Component Report
2022-10-25,SPY Component Report CNC,SPY Component Report
2022-10-25,SPY Component Report CSGP,SPY Component Report
2022-10-25,SPY Component Report ENPH,SPY Component Report
2022-10-25,SPY Component Report EQR,SPY Component Report
2022-10-25,SPY Component Report FE,SPY Component Report
2022-10-25,SPY Component Report FFIV,SPY Component Report
2022-10-25,SPY Component Report GE,SPY Component Report
2022-10-25,SPY Component Report GLW,SPY Component Report
2022-10-25,SPY Component Report GM,SPY Component Report
2022-10-25,SPY Component Report GOOG,SPY Component Report
2022-10-25,SPY Component Report GOOGL,SPY Component Report
2022-10-25,SPY Component Report HAL,SPY Component Report
2022-10-25,SPY Component Report HUBB,SPY Component Report
2022-10-25,SPY Component Report IEX,SPY Component Report
2022-10-25,SPY Component Report ITW,SPY Component Report
2022-10-25,SPY Component Report IVZ,SPY Component Report
2022-10-25,SPY Component Report JNPR,SPY Component Report
2022-10-25,SPY Component Report KMB,SPY Component Report
2022-10-25,SPY Component Report KO,SPY Component Report
2022-10-25,SPY Component Report MCO,SPY Component Report
2022-10-25,SPY Component Report MMM,SPY Component Report
2022-10-25,SPY Component Report MSCI,SPY Component Report
2022-10-25,SPY Component Report MSFT,SPY Component Report
2022-10-25,SPY Component Report NVR,SPY Component Report
2022-10-25,SPY Component Report PCAR,SPY Component Report
2022-10-25,SPY Component Report PHM,SPY Component Report
2022-10-25,SPY Component Report PNR,SPY Component Report
2022-10-25,SPY Component Report RTX,SPY Component Report
2022-10-25,SPY Component Report SHW,SPY Component Report
2022-10-25,SPY Component Report SYF,SPY Component Report
2022-10-25,SPY Component Report TER,SPY Component Report
2022-10-25,SPY Component Report TXN,SPY Component Report
2022-10-25,SPY Component Report UHS,SPY Component Report
2022-10-25,SPY Component Report UPS,SPY Component Report
2022-10-25,SPY Component Report V,SPY Component Report
2022-10-25,SPY Component Report VLO,SPY Component Report
2022-10-26,SPY Component Report ACGL,SPY Component Report
2022-10-26,SPY Component Report ADP,SPY Component Report
2022-10-26,SPY Component Report ALGN,SPY Component Report
2022-10-26,SPY Component Report APH,SPY Component Report
2022-10-26,SPY Component Report AVY,SPY Component Report
2022-10-26,SPY Component Report BA,SPY Component Report
2022-10-26,SPY Component Report BG,SPY Component Report
2022-10-26,SPY Component Report BSX,SPY Component Report
2022-10-26,SPY Component Report CME,SPY Component Report
2022-10-26,SPY Component Report DLR,SPY Component Report
2022-10-26,SPY Component Report EG,SPY Component Report
2022-10-26,SPY Component Report EQT,SPY Component Report
2022-10-26,SPY Component Report ESS,SPY Component Report
2022-10-26,SPY Component Report F,SPY Component Report
2022-10-26,SPY Component Report FTV,SPY Component Report
2022-10-26,SPY Component Report GD,SPY Component Report
2022-10-26,SPY Component Report GL,SPY Component Report
2022-10-26,SPY Component Report GRMN,SPY Component Report
2022-10-26,SPY Component Report HES,SPY Component Report
2022-10-26,SPY Component Report HLT,SPY Component Report
2022-10-26,SPY Component Report INVH,SPY Component Report
2022-10-26,SPY Component Report IQV,SPY Component Report
2022-10-26,SPY Component Report KHC,SPY Component Report
2022-10-26,SPY Component Report KLAC,SPY Component Report
2022-10-26,SPY Component Report MAA,SPY Component Report
2022-10-26,SPY Component Report MAS,SPY Component Report
2022-10-26,SPY Component Report META,SPY Component Report
2022-10-26,SPY Component Report MOH,SPY Component Report
2022-10-26,SPY Component Report NOW,SPY Component Report
2022-10-26,SPY Component Report NSC,SPY Component Report
2022-10-26,SPY Component Report ODFL,SPY Component Report
2022-10-26,SPY Component Report ORLY,SPY Component Report
2022-10-26,SPY Component Report OTIS,SPY Component Report
2022-10-26,SPY Component Report RJF,SPY Component Report
2022-10-26,SPY Component Report ROL,SPY Component Report
2022-10-26,SPY Component Report ROP,SPY Component Report
2022-10-26,SPY Component Report STX,SPY Component Report
2022-10-26,SPY Component Report TDY,SPY Component Report
2022-10-26,SPY Component Report TMO,SPY Component Report
2022-10-26,SPY Component Report TYL,SPY Component Report
2022-10-26,SPY Component Report UDR,SPY Component Report
2022-10-26,SPY Component Report URI,SPY Component Report
2022-10-26,SPY Component Report WM,SPY Component Report
2022-10-27,SPY Component Report AAPL,SPY Component Report
2022-10-27,SPY Component Report AEP,SPY Component Report
2022-10-27,SPY Component Report AJG,SPY Component Report
2022-10-27,SPY Component Report ALLE,SPY Component Report
2022-10-27,SPY Component Report AMT,SPY Component Report
2022-10-27,SPY Component Report AMZN,SPY Component Report
2022-10-27,SPY Component Report AOS,SPY Component Report
2022-10-27,SPY Component Report BAX,SPY Component Report
2022-10-27,SPY Component Report CARR,SPY Component Report
2022-10-27,SPY Component Report CAT,SPY Component Report
2022-10-27,SPY Component Report CBRE,SPY Component Report
2022-10-27,SPY Component Report CMCSA,SPY Component Report
2022-10-27,SPY Component Report CMS,SPY Component Report
2022-10-27,SPY Component Report COF,SPY Component Report
2022-10-27,SPY Component Report CPT,SPY Component Report
2022-10-27,SPY Component Report DECK,SPY Component Report
2022-10-27,SPY Component Report DTE,SPY Component Report
2022-10-27,SPY Component Report DXCM,SPY Component Report
2022-10-27,SPY Component Report EMN,SPY Component Report
2022-10-27,SPY Component Report ERIE,SPY Component Report
2022-10-27,SPY Component Report EW,SPY Component Report
2022-10-27,SPY Component Report FI,SPY Component Report
2022-10-27,SPY Component Report FSLR,SPY Component Report
2022-10-27,SPY Component Report GILD,SPY Component Report
2022-10-27,SPY Component Report HIG,SPY Component Report
2022-10-27,SPY Component Report HON,SPY Component Report
2022-10-27,SPY Component Report INTC,SPY Component Report
2022-10-27,SPY Component Report IP,SPY Component Report
2022-10-27,SPY Component Report KDP,SPY Component Report
2022-10-27,SPY Component Report KIM,SPY Component Report
2022-10-27,SPY Component Report LH,SPY Component Report
2022-10-27,SPY Component Report LHX,SPY Component Report
2022-10-27,SPY Component Report LII,SPY Component Report
2022-10-27,SPY Component Report LIN,SPY Component Report
2022-10-27,SPY Component Report LKQ,SPY Component Report
2022-10-27,SPY Component Report LUV,SPY Component Report
2022-10-27,SPY Component Report MA,SPY Component Report
2022-10-27,SPY Component Report MCD,SPY Component Report
2022-10-27,SPY Component Report MHK,SPY Component Report
2022-10-27,SPY Component Report MO,SPY Component Report
2022-10-27,SPY Component Report MPWR,SPY Component Report
2022-10-27,SPY Component Report MRK,SPY Component Report
2022-10-27,SPY Component Report NOC,SPY Component Report
2022-10-27,SPY Component Report PCG,SPY Component Report
2022-10-27,SPY Component Report PFG,SPY Component Report
2022-10-27,SPY Component Report RMD,SPY Component Report
2022-10-27,SPY Component Report RSG,SPY Component Report
2022-10-27,SPY Component Report SO,SPY Component Report
2022-10-27,SPY Component Report SPGI,SPY Component Report
2022-10-27,SPY Component Report SWK,SPY Component Report
2022-10-27,SPY Component Report TMUS,SPY Component Report
2022-10-27,SPY Component Report TROW,SPY Component Report
2022-10-27,SPY Component Report TXT,SPY Component Report
2022-10-27,SPY Component Report VICI,SPY Component Report
2022-10-27,SPY Component Report VRSN,SPY Component Report
2022-10-27,SPY Component Report VRTX,SPY Component Report
2022-10-27,SPY Component Report WDC,SPY Component Report
2022-10-27,SPY Component Report WST,SPY Component Report
2022-10-27,SPY Component Report WTW,SPY Component Report
2022-10-27,SPY Component Report WY,SPY Component Report
2022-10-27,SPY Component Report XEL,SPY Component Report
2022-10-28,PCE Release for September 2022,PCE Release
2022-10-28,SPY Component Report ABBV,SPY Component Report
2022-10-28,SPY Component Report AON,SPY Component Report
2022-10-28,SPY Component Report CHD,SPY Component Report
2022-10-28,SPY Component Report CHTR,SPY Component Report
2022-10-28,SPY Component Report CL,SPY Component Report
2022-10-28,SPY Component Report CVX,SPY Component Report
2022-10-28,SPY Component Report DVA,SPY Component Report
2022-10-28,SPY Component Report GWW,SPY Component Report
2022-10-28,SPY Component Report LYB,SPY Component Report
2022-10-28,SPY Component Report NEE,SPY Component Report
2022-10-28,SPY Component Report XOM,SPY Component Report
2022-10-31,SPY Component Report AFL,SPY Component Report
2022-10-31,SPY Component Report ANET,SPY Component Report
2022-10-31,SPY Component Report AWK,SPY Component Report
2022-10-31,SPY Component Report CINF,SPY Component Report
2022-10-31,SPY Component Report EMR,SPY Component Report
2022-10-31,SPY Component Report GPN,SPY Component Report
2022-10-31,SPY Component Report HOLX,SPY Component Report
2022-10-31,SPY Component Report HWM,SPY Component Report
2022-10-31,SPY Component Report NXPI,SPY Component Report
2022-10-31,SPY Component Report ON,SPY Component Report
2022-10-31,SPY Component Report PEG,SPY Component Report
2022-10-31,SPY Component Report SBAC,SPY Component Report
2022-10-31,SPY Component Report SYK,SPY Component Report
2022-10-31,SPY Component Report WMB,SPY Component Report
2022-11-01,SPY Component Report ABNB,SPY Component Report
2022-11-01,SPY Component Report AIG,SPY Component Report
2022-11-01,SPY Component Report AIZ,SPY Component Report
2022-11-01,SPY Component Report AMCR,SPY Component Report
2022-11-01,SPY Component Report AMD,SPY Component Report
2022-11-01,SPY Component Report AME,SPY Component Report
2022-11-01,SPY Component Report BEN,SPY Component Report
2022-11-01,SPY Component Report CLX,SPY Component Report
2022-11-01,SPY Component Report CNP,SPY Component Report
2022-11-01,SPY Component Report CZR,SPY Component Report
2022-11-01,SPY Component Report DOC,SPY Component Report
2022-11-01,SPY Component Report DVN,SPY Component Report
2022-11-01,SPY Component Report EA,SPY Component Report
2022-11-01,SPY Component Report ECL,SPY Component Report
2022-11-01,SPY Component Report EIX,SPY Component Report
2022-11-01,SPY Component Report ETN,SPY Component Report
2022-11-01,SPY Component Report EXE,SPY Component Report
2022-11-01,SPY Component Report EXR,SPY Component Report
2022-11-01,SPY Component Report FOX,SPY Component Report
2022-11-01,SPY Component Report FOXA,SPY Component Report
2022-11-01,SPY Component Report HSIC,SPY Component Report
2022-11-01,SPY Component Report IDXX,SPY Component Report
2022-11-01,SPY Component Report INCY,SPY Component Report
2022-11-01,SPY Component Report IT,SPY Component Report
2022-11-01,SPY Component Report KKR,SPY Component Report
2022-11-01,SPY Component Report LDOS,SPY Component Report
2022-11-01,SPY Component Report LLY,SPY Component Report
2022-11-01,SPY Component Report MCK,SPY Component Report
2022-11-01,SPY Component Report MDLZ,SPY Component Report
2022-11-01,SPY Component Report MPC,SPY Component Report
2022-11-01,SPY Component Report MTCH,SPY Component Report
2022-11-01,SPY Component Report NEM,SPY Component Report
2022-11-01,SPY Component Report OKE,SPY Component Report
2022-11-01,SPY Component Report PAYC,SPY Component Report
2022-11-01,SPY Component Report PFE,SPY Component Report
2022-11-01,SPY Component Report PRU,SPY Component Report
2022-11-01,SPY Component Report PSA,SPY Component Report
2022-11-01,SPY Component Report PSX,SPY Component Report
2022-11-01,SPY Component Report SMCI,SPY Component Report
2022-11-01,SPY Component Report SPG,SPY Component Report
2022-11-01,SPY Component Report SYY,SPY Component Report
2022-11-01,SPY Component Report TAP,SPY Component Report
2022-11-01,SPY Component Report TECH,SPY Component Report
2022-11-01,SPY Component Report UBER,SPY Component Report
2022-11-01,SPY Component Report VRSK,SPY Component Report
2022-11-01,SPY Component Report WAB,SPY Component Report
2022-11-01,SPY Component Report WAT,SPY Component Report
2022-11-01,SPY Component Report WEC,SPY Component Report
2022-11-01,SPY Component Report XYL,SPY Component Report
2022-11-01,SPY Component Report ZBRA,SPY Component Report
2022-11-02,SPY Component Report ALB,SPY Component Report
2022-11-02,SPY Component Report ALL,SPY Component Report
2022-11-02,SPY Component Report ANSS,SPY Component Report
2022-11-02,SPY Component Report APO,SPY Component Report
2022-11-02,SPY Component Report BKNG,SPY Component Report
2022-11-02,SPY Component Report BR,SPY Component Report
2022-11-02,SPY Component Report CDW,SPY Component Report
2022-11-02,SPY Component Report CF,SPY Component Report
2022-11-02,SPY Component Report CHRW,SPY Component Report
2022-11-02,SPY Component Report CPAY,SPY Component Report
2022-11-02,SPY Component Report CRL,SPY Component Report
2022-11-02,SPY Component Report CTSH,SPY Component Report
2022-11-02,SPY Component Report CVS,SPY Component Report
2022-11-02,SPY Component Report DAY,SPY Component Report
2022-11-02,SPY Component Report EBAY,SPY Component Report
2022-11-02,SPY Component Report EL,SPY Component Report
2022-11-02,SPY Component Report EQIX,SPY Component Report
2022-11-02,SPY Component Report ES,SPY Component Report
2022-11-02,SPY Component Report ETR,SPY Component Report
2022-11-02,SPY Component Report FTNT,SPY Component Report
2022-11-02,SPY Component Report GNRC,SPY Component Report
2022-11-02,SPY Component Report HST,SPY Component Report
2022-11-02,SPY Component Report HUM,SPY Component Report
2022-11-02,SPY Component Report IR,SPY Component Report
2022-11-02,SPY Component Report MET,SPY Component Report
2022-11-02,SPY Component Report MGM,SPY Component Report
2022-11-02,SPY Component Report MLM,SPY Component Report
2022-11-02,SPY Component Report O,SPY Component Report
2022-11-02,SPY Component Report PARA,SPY Component Report
2022-11-02,SPY Component Report PTC,SPY Component Report
2022-11-02,SPY Component Report QCOM,SPY Component Report
2022-11-02,SPY Component Report ROK,SPY Component Report
2022-11-02,SPY Component Report TEL,SPY Component Report
2022-11-02,SPY Component Report TPL,SPY Component Report
2022-11-02,SPY Component Report TRMB,SPY Component Report
2022-11-02,SPY Component Report TT,SPY Component Report
2022-11-02,SPY Component Report VMC,SPY Component Report
2022-11-02,SPY Component Report YUM,SPY Component Report
2022-11-02,SPY Component Report ZBH,SPY Component Report
2022-11-02,US Market Summit FOMC Statement,US Market Summit FOMC
2022-11-03,SPY Component Report AEE,SPY Component Report
2022-11-03,SPY Component Report AMGN,SPY Component Report
2022-11-03,SPY Component Report APA,SPY Component Report
2022-11-03,SPY Component Report APD,SPY Component Report
2022-11-03,SPY Component Report APTV,SPY Component Report
2022-11-03,SPY Component Report BALL,SPY Component Report
2022-11-03,SPY Component Report CI,SPY Component Report
2022-11-03,SPY Component Report CMI,SPY Component Report
2022-11-03,SPY Component Report COIN,SPY Component Report
2022-11-03,SPY Component Report COP,SPY Component Report
2022-11-03,SPY Component Report COR,SPY Component Report
2022-11-03,SPY Component Report CTRA,SPY Component Report
2022-11-03,SPY Component Report DASH,SPY Component Report
2022-11-03,SPY Component Report ED,SPY Component Report
2022-11-03,SPY Component Report EOG,SPY Component Report
2022-11-03,SPY Component Report EPAM,SPY Component Report
2022-11-03,SPY Component Report EXC,SPY Component Report
2022-11-03,SPY Component Report EXPE,SPY Component Report
2022-11-03,SPY Component Report FIS,SPY Component Report
2022-11-03,SPY Component Report FRT,SPY Component Report
2022-11-03,SPY Component Report GDDY,SPY Component Report
2022-11-03,SPY Component Report HII,SPY Component Report
2022-11-03,SPY Component Report ICE,SPY Component Report
2022-11-03,SPY Component Report IRM,SPY Component Report
2022-11-03,SPY Component Report JCI,SPY Component Report
2022-11-03,SPY Component Report K,SPY Component Report
2022-11-03,SPY Component Report LYV,SPY Component Report
2022-11-03,SPY Component Report MAR,SPY Component Report
2022-11-03,SPY Component Report MCHP,SPY Component Report
2022-11-03,SPY Component Report MNST,SPY Component Report
2022-11-03,SPY Component Report MRNA,SPY Component Report
2022-11-03,SPY Component Report MSI,SPY Component Report
2022-11-03,SPY Component Report MTD,SPY Component Report
2022-11-03,SPY Component Report PH,SPY Component Report
2022-11-03,SPY Component Report PNW,SPY Component Report
2022-11-03,SPY Component Report PODD,SPY Component Report
2022-11-03,SPY Component Report PWR,SPY Component Report
2022-11-03,SPY Component Report PYPL,SPY Component Report
2022-11-03,SPY Component Report RCL,SPY Component Report
2022-11-03,SPY Component Report REGN,SPY Component Report
2022-11-03,SPY Component Report SBUX,SPY Component Report
2022-11-03,SPY Component Report SRE,SPY Component Report
2022-11-03,SPY Component Report SWKS,SPY Component Report
2022-11-03,SPY Component Report TRGP,SPY Component Report
2022-11-03,SPY Component Report VTR,SPY Component Report
2022-11-03,SPY Component Report WBD,SPY Component Report
2022-11-03,SPY Component Report ZTS,SPY Component Report
2022-11-04,NFP Release,NFP Release
2022-11-04,SPY Component Report AES,SPY Component Report
2022-11-04,SPY Component Report CAH,SPY Component Report
2022-11-04,SPY Component Report CBOE,SPY Component Report
2022-11-04,SPY Component Report CTVA,SPY Component Report
2022-11-04,SPY Component Report D,SPY Component Report
2022-11-04,SPY Component Report DUK,SPY Component Report
2022-11-04,SPY Component Report EVRG,SPY Component Report
2022-11-04,SPY Component Report HSY,SPY Component Report
2022-11-04,SPY Component Report PPL,SPY Component Report
2022-11-04,SPY Component Report REG,SPY Component Report
2022-11-04,SPY Component Report VST,SPY Component Report
2022-11-05,SPY Component Report BRK-B,SPY Component Report
2022-11-07,SPY Component Report FANG,SPY Component Report
2022-11-07,SPY Component Report IFF,SPY Component Report
2022-11-07,SPY Component Report LNT,SPY Component Report
2022-11-07,SPY Component Report MOS,SPY Component Report
2022-11-07,SPY Component Report NI,SPY Component Report
2022-11-07,SPY Component Report NRG,SPY Component Report
2022-11-07,SPY Component Report PLTR,SPY Component Report
2022-11-07,SPY Component Report TTWO,SPY Component Report
2022-11-07,SPY Component Report VTRS,SPY Component Report
2022-11-07,SPY Component Report WELL,SPY Component Report
2022-11-08,SPY Component Report AKAM,SPY Component Report
2022-11-08,SPY Component Report AVB,SPY Component Report
2022-11-08,SPY Component Report AXON,SPY Component Report
2022-11-08,SPY Component Report BLDR,SPY Component Report
2022-11-08,SPY Component Report CEG,SPY Component Report
2022-11-08,SPY Component Report DD,SPY Component Report
2022-11-08,SPY Component Report DIS,SPY Component Report
2022-11-08,SPY Component Report EXPD,SPY Component Report
2022-11-08,SPY Component Report GEN,SPY Component Report
2022-11-08,SPY Component Report JKHY,SPY Component Report
2022-11-08,SPY Component Report NCLH,SPY Component Report
2022-11-08,SPY Component Report NWS,SPY Component Report
2022-11-08,SPY Component Report NWSA,SPY Component Report
2022-11-08,SPY Component Report OXY,SPY Component Report
2022-11-08,SPY Component Report RVTY,SPY Component Report
2022-11-09,SPY Component Report ATO,SPY Component Report
2022-11-09,SPY Component Report DHI,SPY Component Report
2022-11-09,SPY Component Report FICO,SPY Component Report
2022-11-09,SPY Component Report STE,SPY Component Report
2022-11-09,SPY Component Report WYNN,SPY Component Report
2022-11-10,CPI Release,CPI Release
2022-11-10,SPY Component Report BDX,SPY Component Report
2022-11-10,SPY Component Report RL,SPY Component Report
2022-11-10,SPY Component Report TDG,SPY Component Report
2022-11-10,SPY Component Report TPR,SPY Component Report
2022-11-11,US Holiday Veterans Day,US Holiday
2022-11-14,SPY Component Report TSN,SPY Component Report
2022-11-15,SPY Component Report HD,SPY Component Report
2022-11-15,SPY Component Report WMT,SPY Component Report
2022-11-15,US Market Summit G20 Summit,US Market Summit G20
2022-11-16,SPY Component Report CPRT,SPY Component Report
2022-11-16,SPY Component Report CSCO,SPY Component Report
2022-11-16,SPY Component Report LOW,SPY Component Report
2022-11-16,SPY Component Report NVDA,SPY Component Report
2022-11-16,SPY Component Report TGT,SPY Component Report
2022-11-16,SPY Component Report TJX,SPY Component Report
2022-11-17,SPY Component Report AMAT,SPY Component Report
2022-11-17,SPY Component Report KEYS,SPY Component Report
2022-11-17,SPY Component Report PANW,SPY Component Report
2022-11-17,SPY Component Report ROST,SPY Component Report
2022-11-17,SPY Component Report WSM,SPY Component Report
2022-11-21,SPY Component Report A,SPY Component Report
2022-11-21,SPY Component Report DELL,SPY Component Report
2022-11-21,SPY Component Report J,SPY Component Report
2022-11-21,SPY Component Report SJM,SPY Component Report
2022-11-22,SPY Component Report ADI,SPY Component Report
2022-11-22,SPY Component Report ADSK,SPY Component Report
2022-11-22,SPY Component Report BBY,SPY Component Report
2022-11-22,SPY Component Report DLTR,SPY Component Report
2022-11-22,SPY Component Report HPQ,SPY Component Report
2022-11-22,SPY Component Report MDT,SPY Component Report
2022-11-23,SPY Component Report DE,SPY Component Report
2022-11-24,US Holiday Thanksgiving Day,US Holiday
2022-11-29,SPY Component Report CRWD,SPY Component Report
2022-11-29,SPY Component Report HPE,SPY Component Report
2022-11-29,SPY Component Report INTU,SPY Component Report
2022-11-29,SPY Component Report NTAP,SPY Component Report
2022-11-29,SPY Component Report WDAY,SPY Component Report
2022-11-30,SPY Component Report CRM,SPY Component Report
2022-11-30,SPY Component Report HRL,SPY Component Report
2022-11-30,SPY Component Report SNPS,SPY Component Report
2022-12-01,PCE Release for October 2022,PCE Release
2022-12-01,SPY Component Report DG,SPY Component Report
2022-12-01,SPY Component Report KR,SPY Component Report
2022-12-01,SPY Component Report ULTA,SPY Component Report
2022-12-02,NFP Release,NFP Release
2022-12-06,SPY Component Report AZO,SPY Component Report
2022-12-07,SPY Component Report BF-B,SPY Component Report
2022-12-07,SPY Component Report CPB,SPY Component Report
2022-12-08,SPY Component Report AVGO,SPY Component Report
2022-12-08,SPY Component Report COO,SPY Component Report
2022-12-08,SPY Component Report COST,SPY Component Report
2022-12-08,SPY Component Report LULU,SPY Component Report
2022-12-12,SPY Component Report ORCL,SPY Component Report
2022-12-13,CPI Release,CPI Release
2022-12-14,SPY Component Report LEN,SPY Component Report
2022-12-14,SPY Component Report NDSN,SPY Component Report
2022-12-14,US Market Summit FOMC w/ SEP,US Market Summit FOMC
2022-12-15,SPY Component Report ADBE,SPY Component Report
2022-12-15,SPY Component Report JBL,SPY Component Report
2022-12-16,SPY Component Report ACN,SPY Component Report
2022-12-16,SPY Component Report DRI,SPY Component Report
2022-12-16,SPY OpEx Quarterly,SPY OpEx Quarterly
2022-12-20,SPY Component Report FDS,SPY Component Report
2022-12-20,SPY Component Report FDX,SPY Component Report
2022-12-20,SPY Component Report GIS,SPY Component Report
2022-12-20,SPY Component Report NKE,SPY Component Report
2022-12-21,SPY Component Report CCL,SPY Component Report
2022-12-21,SPY Component Report CTAS,SPY Component Report
2022-12-21,SPY Component Report MU,SPY Component Report
2022-12-22,SPY Component Report KMX,SPY Component Report
2022-12-22,SPY Component Report PAYX,SPY Component Report
2022-12-23,PCE Release for November 2022,PCE Release
2022-12-25,US Holiday Christmas Day,US Holiday
2022-12-26,US Holiday Christmas Day (observed),US Holiday
2023-01-01,Chinese Holiday New Year's Day,Chinese Holiday
2023-01-01,US Holiday New Year's Day,US Holiday
2023-01-02,Chinese Holiday New Year's Day,Chinese Holiday
2023-01-02,US Holiday New Year's Day (observed),US Holiday
2023-01-05,SPY Component Report CAG,SPY Component Report
2023-01-05,SPY Component Report LW,SPY Component Report
2023-01-05,SPY Component Report STZ,SPY Component Report
2023-01-05,SPY Component Report WBA,SPY Component Report
2023-01-06,NFP Release,NFP Release
2023-01-12,CPI Release,CPI Release
2023-01-13,SPY Component Report BAC,SPY Component Report
2023-01-13,SPY Component Report BK,SPY Component Report
2023-01-13,SPY Component Report BLK,SPY Component Report
2023-01-13,SPY Component Report C,SPY Component Report
2023-01-13,SPY Component Report DAL,SPY Component Report
2023-01-13,SPY Component Report JPM,SPY Component Report
2023-01-13,SPY Component Report UNH,SPY Component Report
2023-01-13,SPY Component Report WFC,SPY Component Report
2023-01-16,US Holiday Martin Luther King Jr. Day,US Holiday
2023-01-17,SPY Component Report CFG,SPY Component Report
2023-01-17,SPY Component Report GS,SPY Component Report
2023-01-17,SPY Component Report MS,SPY Component Report
2023-01-17,SPY Component Report UAL,SPY Component Report
2023-01-18,SPY Component Report JBHT,SPY Component Report
2023-01-18,SPY Component Report KMI,SPY Component Report
2023-01-18,SPY Component Report PLD,SPY Component Report
2023-01-18,SPY Component Report PNC,SPY Component Report
2023-01-18,SPY Component Report SCHW,SPY Component Report
2023-01-19,SPY Component Report FAST,SPY Component Report
2023-01-19,SPY Component Report FITB,SPY Component Report
2023-01-19,SPY Component Report KEY,SPY Component Report
2023-01-19,SPY Component Report MTB,SPY Component Report
2023-01-19,SPY Component Report NFLX,SPY Component Report
2023-01-19,SPY Component Report NTRS,SPY Component Report
2023-01-19,SPY Component Report PG,SPY Component Report
2023-01-19,SPY Component Report PPG,SPY Component Report
2023-01-19,SPY Component Report TFC,SPY Component Report
2023-01-20,SPY Component Report HBAN,SPY Component Report
2023-01-20,SPY Component Report RF,SPY Component Report
2023-01-20,SPY Component Report SLB,SPY Component Report
2023-01-20,SPY Component Report STT,SPY Component Report
2023-01-22,Chinese Holiday Spring Festival,Chinese Holiday
2023-01-23,Chinese Holiday Spring Festival,Chinese Holiday
2023-01-23,SPY Component Report BKR,SPY Component Report
2023-01-23,SPY Component Report BRO,SPY Component Report
2023-01-23,SPY Component Report SYF,SPY Component Report
2023-01-24,Chinese Holiday Spring Festival,Chinese Holiday
2023-01-24,SPY Component Report COF,SPY Component Report
2023-01-24,SPY Component Report DHI,SPY Component Report
2023-01-24,SPY Component Report DHR,SPY Component Report
2023-01-24,SPY Component Report FFIV,SPY Component Report
2023-01-24,SPY Component Report GE,SPY Component Report
2023-01-24,SPY Component Report HAL,SPY Component Report
2023-01-24,SPY Component Report ISRG,SPY Component Report
2023-01-24,SPY Component Report IVZ,SPY Component Report
2023-01-24,SPY Component Report JNJ,SPY Component Report
2023-01-24,SPY Component Report LMT,SPY Component Report
2023-01-24,SPY Component Report MMM,SPY Component Report
2023-01-24,SPY Component Report MSFT,SPY Component Report
2023-01-24,SPY Component Report PCAR,SPY Component Report
2023-01-24,SPY Component Report RTX,SPY Component Report
2023-01-24,SPY Component Report TRV,SPY Component Report
2023-01-24,SPY Component Report TXN,SPY Component Report
2023-01-24,SPY Component Report UNP,SPY Component Report
2023-01-24,SPY Component Report VZ,SPY Component Report
2023-01-25,Chinese Holiday Spring Festival,Chinese Holiday
2023-01-25,SPY Component Report ABT,SPY Component Report
2023-01-25,SPY Component Report ADP,SPY Component Report
2023-01-25,SPY Component Report AMP,SPY Component Report
2023-01-25,SPY Component Report APH,SPY Component Report
2023-01-25,SPY Component Report BA,SPY Component Report
2023-01-25,SPY Component Report CCI,SPY Component Report
2023-01-25,SPY Component Report CSX,SPY Component Report
2023-01-25,SPY Component Report ELV,SPY Component Report
2023-01-25,SPY Component Report FCX,SPY Component Report
2023-01-25,SPY Component Report GD,SPY Component Report
2023-01-25,SPY Component Report HES,SPY Component Report
2023-01-25,SPY Component Report IBM,SPY Component Report
2023-01-25,SPY Component Report KMB,SPY Component Report
2023-01-25,SPY Component Report LRCX,SPY Component Report
2023-01-25,SPY Component Report LVS,SPY Component Report
2023-01-25,SPY Component Report MKTX,SPY Component Report
2023-01-25,SPY Component Report NDAQ,SPY Component Report
2023-01-25,SPY Component Report NEE,SPY Component Report
2023-01-25,SPY Component Report NOW,SPY Component Report
2023-01-25,SPY Component Report NSC,SPY Component Report
2023-01-25,SPY Component Report PGR,SPY Component Report
2023-01-25,SPY Component Report PKG,SPY Component Report
2023-01-25,SPY Component Report RJF,SPY Component Report
2023-01-25,SPY Component Report STLD,SPY Component Report
2023-01-25,SPY Component Report STX,SPY Component Report
2023-01-25,SPY Component Report T,SPY Component Report
2023-01-25,SPY Component Report TDY,SPY Component Report
2023-01-25,SPY Component Report TEL,SPY Component Report
2023-01-25,SPY Component Report TER,SPY Component Report
2023-01-25,SPY Component Report TSLA,SPY Component Report
2023-01-25,SPY Component Report TXT,SPY Component Report
2023-01-25,SPY Component Report URI,SPY Component Report
2023-01-25,SPY Component Report USB,SPY Component Report
2023-01-26,Chinese Holiday Rest Day,Chinese Holiday
2023-01-26,SPY Component Report ADM,SPY Component Report
2023-01-26,SPY Component Report AJG,SPY Component Report
2023-01-26,SPY Component Report BX,SPY Component Report
2023-01-26,SPY Component Report CMCSA,SPY Component Report
2023-01-26,SPY Component Report DOW,SPY Component Report
2023-01-26,SPY Component Report EMN,SPY Component Report
2023-01-26,SPY Component Report FICO,SPY Component Report
2023-01-26,SPY Component Report INTC,SPY Component Report
2023-01-26,SPY Component Report KLAC,SPY Component Report
2023-01-26,SPY Component Report LHX,SPY Component Report
2023-01-26,SPY Component Report LUV,SPY Component Report
2023-01-26,SPY Component Report MA,SPY Component Report
2023-01-26,SPY Component Report MKC,SPY Component Report
2023-01-26,SPY Component Report MMC,SPY Component Report
2023-01-26,SPY Component Report NOC,SPY Component Report
2023-01-26,SPY Component Report NUE,SPY Component Report
2023-01-26,SPY Component Report RMD,SPY Component Report
2023-01-26,SPY Component Report ROK,SPY Component Report
2023-01-26,SPY Component Report SHW,SPY Component Report
2023-01-26,SPY Component Report TROW,SPY Component Report
2023-01-26,SPY Component Report TSCO,SPY Component Report
2023-01-26,SPY Component Report V,SPY Component Report
2023-01-26,SPY Component Report VLO,SPY Component Report
2023-01-26,SPY Component Report WRB,SPY Component Report
2023-01-26,SPY Component Report WY,SPY Component Report
2023-01-26,SPY Component Report XEL,SPY Component Report
2023-01-27,Chinese Holiday Rest Day,Chinese Holiday
2023-01-27,PCE Release for December 2022,PCE Release
2023-01-27,SPY Component Report AXP,SPY Component Report
2023-01-27,SPY Component Report CHTR,SPY Component Report
2023-01-27,SPY Component Report CL,SPY Component Report
2023-01-27,SPY Component Report CVX,SPY Component Report
2023-01-27,SPY Component Report HCA,SPY Component Report
2023-01-27,SPY Component Report ROP,SPY Component Report
2023-01-30,SPY Component Report ARE,SPY Component Report
2023-01-30,SPY Component Report BEN,SPY Component Report
2023-01-30,SPY Component Report GEHC,SPY Component Report
2023-01-30,SPY Component Report NXPI,SPY Component Report
2023-01-30,SPY Component Report PFG,SPY Component Report
2023-01-31,SPY Component Report AMD,SPY Component Report
2023-01-31,SPY Component Report AMGN,SPY Component Report
2023-01-31,SPY Component Report AOS,SPY Component Report
2023-01-31,SPY Component Report BXP,SPY Component Report
2023-01-31,SPY Component Report CAT,SPY Component Report
2023-01-31,SPY Component Report CB,SPY Component Report
2023-01-31,SPY Component Report DOV,SPY Component Report
2023-01-31,SPY Component Report EA,SPY Component Report
2023-01-31,SPY Component Report EW,SPY Component Report
2023-01-31,SPY Component Report GLW,SPY Component Report
2023-01-31,SPY Component Report GM,SPY Component Report
2023-01-31,SPY Component Report HUBB,SPY Component Report
2023-01-31,SPY Component Report IEX,SPY Component Report
2023-01-31,SPY Component Report IP,SPY Component Report
2023-01-31,SPY Component Report JNPR,SPY Component Report
2023-01-31,SPY Component Report LII,SPY Component Report
2023-01-31,SPY Component Report MCD,SPY Component Report
2023-01-31,SPY Component Report MCO,SPY Component Report
2023-01-31,SPY Component Report MDLZ,SPY Component Report
2023-01-31,SPY Component Report MPC,SPY Component Report
2023-01-31,SPY Component Report MSCI,SPY Component Report
2023-01-31,SPY Component Report MTCH,SPY Component Report
2023-01-31,SPY Component Report NVR,SPY Component Report
2023-01-31,SPY Component Report PFE,SPY Component Report
2023-01-31,SPY Component Report PHM,SPY Component Report
2023-01-31,SPY Component Report PNR,SPY Component Report
2023-01-31,SPY Component Report PSX,SPY Component Report
2023-01-31,SPY Component Report SMCI,SPY Component Report
2023-01-31,SPY Component Report SYK,SPY Component Report
2023-01-31,SPY Component Report SYY,SPY Component Report
2023-01-31,SPY Component Report UPS,SPY Component Report
2023-01-31,SPY Component Report WDC,SPY Component Report
2023-01-31,SPY Component Report WM,SPY Component Report
2023-01-31,SPY Component Report XOM,SPY Component Report
2023-02-01,SPY Component Report AFL,SPY Component Report
2023-02-01,SPY Component Report ALGN,SPY Component Report
2023-02-01,SPY Component Report ALL,SPY Component Report
2023-02-01,SPY Component Report BSX,SPY Component Report
2023-02-01,SPY Component Report CHRW,SPY Component Report
2023-02-01,SPY Component Report COR,SPY Component Report
2023-02-01,SPY Component Report CTVA,SPY Component Report
2023-02-01,SPY Component Report FTV,SPY Component Report
2023-02-01,SPY Component Report GL,SPY Component Report
2023-02-01,SPY Component Report HOLX,SPY Component Report
2023-02-01,SPY Component Report HUM,SPY Component Report
2023-02-01,SPY Component Report JCI,SPY Component Report
2023-02-01,SPY Component Report MAA,SPY Component Report
2023-02-01,SPY Component Report MCK,SPY Component Report
2023-02-01,SPY Component Report MET,SPY Component Report
2023-02-01,SPY Component Report META,SPY Component Report
2023-02-01,SPY Component Report MO,SPY Component Report
2023-02-01,SPY Component Report ODFL,SPY Component Report
2023-02-01,SPY Component Report OTIS,SPY Component Report
2023-02-01,SPY Component Report PTC,SPY Component Report
2023-02-01,SPY Component Report TMO,SPY Component Report
2023-02-01,SPY Component Report TMUS,SPY Component Report
2023-02-01,US Market Summit FOMC Statement,US Market Summit FOMC
2023-02-02,SPY Component Report AAPL,SPY Component Report
2023-02-02,SPY Component Report AME,SPY Component Report
2023-02-02,SPY Component Report AMZN,SPY Component Report
2023-02-02,SPY Component Report APD,SPY Component Report
2023-02-02,SPY Component Report APTV,SPY Component Report
2023-02-02,SPY Component Report AVY,SPY Component Report
2023-02-02,SPY Component Report BALL,SPY Component Report
2023-02-02,SPY Component Report BDX,SPY Component Report
2023-02-02,SPY Component Report BMY,SPY Component Report
2023-02-02,SPY Component Report BR,SPY Component Report
2023-02-02,SPY Component Report CAH,SPY Component Report
2023-02-02,SPY Component Report CLX,SPY Component Report
2023-02-02,SPY Component Report CMS,SPY Component Report
2023-02-02,SPY Component Report COP,SPY Component Report
2023-02-02,SPY Component Report CPT,SPY Component Report
2023-02-02,SPY Component Report CTSH,SPY Component Report
2023-02-02,SPY Component Report DECK,SPY Component Report
2023-02-02,SPY Component Report DGX,SPY Component Report
2023-02-02,SPY Component Report EL,SPY Component Report
2023-02-02,SPY Component Report F,SPY Component Report
2023-02-02,SPY Component Report GEN,SPY Component Report
2023-02-02,SPY Component Report GILD,SPY Component Report
2023-02-02,SPY Component Report GOOG,SPY Component Report
2023-02-02,SPY Component Report GOOGL,SPY Component Report
2023-02-02,SPY Component Report GWW,SPY Component Report
2023-02-02,SPY Component Report HIG,SPY Component Report
2023-02-02,SPY Component Report HON,SPY Component Report
2023-02-02,SPY Component Report HSY,SPY Component Report
2023-02-02,SPY Component Report ICE,SPY Component Report
2023-02-02,SPY Component Report ITW,SPY Component Report
2023-02-02,SPY Component Report LLY,SPY Component Report
2023-02-02,SPY Component Report MCHP,SPY Component Report
2023-02-02,SPY Component Report MRK,SPY Component Report
2023-02-02,SPY Component Report PH,SPY Component Report
2023-02-02,SPY Component Report QCOM,SPY Component Report
2023-02-02,SPY Component Report SBUX,SPY Component Report
2023-02-02,SPY Component Report SNA,SPY Component Report
2023-02-02,SPY Component Report SWK,SPY Component Report
2023-02-02,SPY Component Report TECH,SPY Component Report
2023-02-02,SPY Component Report TT,SPY Component Report
2023-02-02,SPY Component Report WEC,SPY Component Report
2023-02-03,NFP Release,NFP Release
2023-02-03,SPY Component Report AON,SPY Component Report
2023-02-03,SPY Component Report CBOE,SPY Component Report
2023-02-03,SPY Component Report CHD,SPY Component Report
2023-02-03,SPY Component Report CI,SPY Component Report
2023-02-03,SPY Component Report LYB,SPY Component Report
2023-02-03,SPY Component Report REGN,SPY Component Report
2023-02-03,SPY Component Report ZBH,SPY Component Report
2023-02-06,SPY Component Report CINF,SPY Component Report
2023-02-06,SPY Component Report CMI,SPY Component Report
2023-02-06,SPY Component Report IDXX,SPY Component Report
2023-02-06,SPY Component Report ON,SPY Component Report
2023-02-06,SPY Component Report SPG,SPY Component Report
2023-02-06,SPY Component Report SWKS,SPY Component Report
2023-02-06,SPY Component Report TSN,SPY Component Report
2023-02-06,SPY Component Report TTWO,SPY Component Report
2023-02-06,SPY Component Report UDR,SPY Component Report
2023-02-07,SPY Component Report AIZ,SPY Component Report
2023-02-07,SPY Component Report AMCR,SPY Component Report
2023-02-07,SPY Component Report ATO,SPY Component Report
2023-02-07,SPY Component Report CARR,SPY Component Report
2023-02-07,SPY Component Report CMG,SPY Component Report
2023-02-07,SPY Component Report CNC,SPY Component Report
2023-02-07,SPY Component Report DD,SPY Component Report
2023-02-07,SPY Component Report DOC,SPY Component Report
2023-02-07,SPY Component Report ENPH,SPY Component Report
2023-02-07,SPY Component Report ESS,SPY Component Report
2023-02-07,SPY Component Report FI,SPY Component Report
2023-02-07,SPY Component Report FTNT,SPY Component Report
2023-02-07,SPY Component Report INCY,SPY Component Report
2023-02-07,SPY Component Report IT,SPY Component Report
2023-02-07,SPY Component Report J,SPY Component Report
2023-02-07,SPY Component Report JKHY,SPY Component Report
2023-02-07,SPY Component Report KKR,SPY Component Report
2023-02-07,SPY Component Report LIN,SPY Component Report
2023-02-07,SPY Component Report OMC,SPY Component Report
2023-02-07,SPY Component Report PAYC,SPY Component Report
2023-02-07,SPY Component Report PRU,SPY Component Report
2023-02-07,SPY Component Report RCL,SPY Component Report
2023-02-07,SPY Component Report TDG,SPY Component Report
2023-02-07,SPY Component Report VRTX,SPY Component Report
2023-02-07,SPY Component Report XYL,SPY Component Report
2023-02-08,SPY Component Report AVB,SPY Component Report
2023-02-08,SPY Component Report BG,SPY Component Report
2023-02-08,SPY Component Report CDW,SPY Component Report
2023-02-08,SPY Component Report CME,SPY Component Report
2023-02-08,SPY Component Report CPAY,SPY Component Report
2023-02-08,SPY Component Report CVS,SPY Component Report
2023-02-08,SPY Component Report D,SPY Component Report
2023-02-08,SPY Component Report DAY,SPY Component Report
2023-02-08,SPY Component Report DIS,SPY Component Report
2023-02-08,SPY Component Report EFX,SPY Component Report
2023-02-08,SPY Component Report EG,SPY Component Report
2023-02-08,SPY Component Report EMR,SPY Component Report
2023-02-08,SPY Component Report ETN,SPY Component Report
2023-02-08,SPY Component Report FOX,SPY Component Report
2023-02-08,SPY Component Report FOXA,SPY Component Report
2023-02-08,SPY Component Report FRT,SPY Component Report
2023-02-08,SPY Component Report IFF,SPY Component Report
2023-02-08,SPY Component Report MGM,SPY Component Report
2023-02-08,SPY Component Report MOH,SPY Component Report
2023-02-08,SPY Component Report MPWR,SPY Component Report
2023-02-08,SPY Component Report ORLY,SPY Component Report
2023-02-08,SPY Component Report STE,SPY Component Report
2023-02-08,SPY Component Report TRMB,SPY Component Report
2023-02-08,SPY Component Report UBER,SPY Component Report
2023-02-08,SPY Component Report WYNN,SPY Component Report
2023-02-08,SPY Component Report YUM,SPY Component Report
2023-02-09,SPY Component Report ABBV,SPY Component Report
2023-02-09,SPY Component Report APO,SPY Component Report
2023-02-09,SPY Component Report BAX,SPY Component Report
2023-02-09,SPY Component Report DUK,SPY Component Report
2023-02-09,SPY Component Report DXCM,SPY Component Report
2023-02-09,SPY Component Report EQR,SPY Component Report
2023-02-09,SPY Component Report EXPE,SPY Component Report
2023-02-09,SPY Component Report HII,SPY Component Report
2023-02-09,SPY Component Report HLT,SPY Component Report
2023-02-09,SPY Component Report IPG,SPY Component Report
2023-02-09,SPY Component Report K,SPY Component Report
2023-02-09,SPY Component Report KIM,SPY Component Report
2023-02-09,SPY Component Report MAS,SPY Component Report
2023-02-09,SPY Component Report MHK,SPY Component Report
2023-02-09,SPY Component Report MSI,SPY Component Report
2023-02-09,SPY Component Report MTD,SPY Component Report
2023-02-09,SPY Component Report NWS,SPY Component Report
2023-02-09,SPY Component Report NWSA,SPY Component Report
2023-02-09,SPY Component Report PEP,SPY Component Report
2023-02-09,SPY Component Report PM,SPY Component Report
2023-02-09,SPY Component Report PYPL,SPY Component Report
2023-02-09,SPY Component Report REG,SPY Component Report
2023-02-09,SPY Component Report RL,SPY Component Report
2023-02-09,SPY Component Report SPGI,SPY Component Report
2023-02-09,SPY Component Report TPR,SPY Component Report
2023-02-09,SPY Component Report VRSN,SPY Component Report
2023-02-09,SPY Component Report VTR,SPY Component Report
2023-02-09,SPY Component Report WTW,SPY Component Report
2023-02-10,CPI Release,CPI Release
2023-02-10,SPY Component Report GPN,SPY Component Report
2023-02-10,SPY Component Report IQV,SPY Component Report
2023-02-13,SPY Component Report ACGL,SPY Component Report
2023-02-13,SPY Component Report ANET,SPY Component Report
2023-02-13,SPY Component Report CDNS,SPY Component Report
2023-02-13,SPY Component Report ES,SPY Component Report
2023-02-13,SPY Component Report FE,SPY Component Report
2023-02-13,SPY Component Report FIS,SPY Component Report
2023-02-13,SPY Component Report PLTR,SPY Component Report
2023-02-14,CPI Release,CPI Release
2023-02-14,SPY Component Report ABNB,SPY Component Report
2023-02-14,SPY Component Report AKAM,SPY Component Report
2023-02-14,SPY Component Report DVN,SPY Component Report
2023-02-14,SPY Component Report ECL,SPY Component Report
2023-02-14,SPY Component Report EXC,SPY Component Report
2023-02-14,SPY Component Report GDDY,SPY Component Report
2023-02-14,SPY Component Report HWM,SPY Component Report
2023-02-14,SPY Component Report KO,SPY Component Report
2023-02-14,SPY Component Report LDOS,SPY Component Report
2023-02-14,SPY Component Report MAR,SPY Component Report
2023-02-14,SPY Component Report RVTY,SPY Component Report
2023-02-14,SPY Component Report ZTS,SPY Component Report
2023-02-15,SPY Component Report ADI,SPY Component Report
2023-02-15,SPY Component Report AEE,SPY Component Report
2023-02-15,SPY Component Report AIG,SPY Component Report
2023-02-15,SPY Component Report ALB,SPY Component Report
2023-02-15,SPY Component Report AWK,SPY Component Report
2023-02-15,SPY Component Report BIIB,SPY Component Report
2023-02-15,SPY Component Report CF,SPY Component Report
2023-02-15,SPY Component Report CSCO,SPY Component Report
2023-02-15,SPY Component Report EQIX,SPY Component Report
2023-02-15,SPY Component Report EQT,SPY Component Report
2023-02-15,SPY Component Report GNRC,SPY Component Report
2023-02-15,SPY Component Report HST,SPY Component Report
2023-02-15,SPY Component Report INVH,SPY Component Report
2023-02-15,SPY Component Report KHC,SPY Component Report
2023-02-15,SPY Component Report MLM,SPY Component Report
2023-02-15,SPY Component Report ROL,SPY Component Report
2023-02-15,SPY Component Report RSG,SPY Component Report
2023-02-15,SPY Component Report SNPS,SPY Component Report
2023-02-15,SPY Component Report TYL,SPY Component Report
2023-02-15,SPY Component Report WAB,SPY Component Report
2023-02-15,SPY Component Report WAT,SPY Component Report
2023-02-15,SPY Component Report WELL,SPY Component Report
2023-02-16,SPY Component Report AMAT,SPY Component Report
2023-02-16,SPY Component Report CEG,SPY Component Report
2023-02-16,SPY Component Report DASH,SPY Component Report
2023-02-16,SPY Component Report DLR,SPY Component Report
2023-02-16,SPY Component Report ED,SPY Component Report
2023-02-16,SPY Component Report EPAM,SPY Component Report
2023-02-16,SPY Component Report ETR,SPY Component Report
2023-02-16,SPY Component Report HAS,SPY Component Report
2023-02-16,SPY Component Report HSIC,SPY Component Report
2023-02-16,SPY Component Report LH,SPY Component Report
2023-02-16,SPY Component Report NRG,SPY Component Report
2023-02-16,SPY Component Report PARA,SPY Component Report
2023-02-16,SPY Component Report POOL,SPY Component Report
2023-02-16,SPY Component Report SO,SPY Component Report
2023-02-16,SPY Component Report VMC,SPY Component Report
2023-02-16,SPY Component Report WST,SPY Component Report
2023-02-16,SPY Component Report ZBRA,SPY Component Report
2023-02-17,SPY Component Report CNP,SPY Component Report
2023-02-17,SPY Component Report DE,SPY Component Report
2023-02-17,SPY Component Report PPL,SPY Component Report
2023-02-20,SPY Component Report CPRT,SPY Component Report
2023-02-20,SPY Component Report NDSN,SPY Component Report
2023-02-20,SPY Component Report WMB,SPY Component Report
2023-02-20,US Holiday Washington's Birthday,US Holiday
2023-02-21,SPY Component Report COIN,SPY Component Report
2023-02-21,SPY Component Report CSGP,SPY Component Report
2023-02-21,SPY Component Report CZR,SPY Component Report
2023-02-21,SPY Component Report EXE,SPY Component Report
2023-02-21,SPY Component Report EXPD,SPY Component Report
2023-02-21,SPY Component Report FANG,SPY Component Report
2023-02-21,SPY Component Report HD,SPY Component Report
2023-02-21,SPY Component Report IR,SPY Component Report
2023-02-21,SPY Component Report KEYS,SPY Component Report
2023-02-21,SPY Component Report MDT,SPY Component Report
2023-02-21,SPY Component Report O,SPY Component Report
2023-02-21,SPY Component Report PANW,SPY Component Report
2023-02-21,SPY Component Report PEG,SPY Component Report
2023-02-21,SPY Component Report PSA,SPY Component Report
2023-02-21,SPY Component Report SBAC,SPY Component Report
2023-02-21,SPY Component Report TAP,SPY Component Report
2023-02-21,SPY Component Report WMT,SPY Component Report
2023-02-22,SPY Component Report ALLE,SPY Component Report
2023-02-22,SPY Component Report ANSS,SPY Component Report
2023-02-22,SPY Component Report CRL,SPY Component Report
2023-02-22,SPY Component Report CTRA,SPY Component Report
2023-02-22,SPY Component Report DVA,SPY Component Report
2023-02-22,SPY Component Report EBAY,SPY Component Report
2023-02-22,SPY Component Report EXR,SPY Component Report
2023-02-22,SPY Component Report GRMN,SPY Component Report
2023-02-22,SPY Component Report MOS,SPY Component Report
2023-02-22,SPY Component Report NI,SPY Component Report
2023-02-22,SPY Component Report NTAP,SPY Component Report
2023-02-22,SPY Component Report NVDA,SPY Component Report
2023-02-22,SPY Component Report TJX,SPY Component Report
2023-02-22,SPY Component Report TPL,SPY Component Report
2023-02-22,SPY Component Report TRGP,SPY Component Report
2023-02-22,SPY Component Report WBD,SPY Component Report
2023-02-23,SPY Component Report ADSK,SPY Component Report
2023-02-23,SPY Component Report AEP,SPY Component Report
2023-02-23,SPY Component Report AMT,SPY Component Report
2023-02-23,SPY Component Report APA,SPY Component Report
2023-02-23,SPY Component Report BKNG,SPY Component Report
2023-02-23,SPY Component Report CBRE,SPY Component Report
2023-02-23,SPY Component Report DPZ,SPY Component Report
2023-02-23,SPY Component Report DTE,SPY Component Report
2023-02-23,SPY Component Report EIX,SPY Component Report
2023-02-23,SPY Component Report EOG,SPY Component Report
2023-02-23,SPY Component Report GPC,SPY Component Report
2023-02-23,SPY Component Report INTU,SPY Component Report
2023-02-23,SPY Component Report IRM,SPY Component Report
2023-02-23,SPY Component Report KDP,SPY Component Report
2023-02-23,SPY Component Report LKQ,SPY Component Report
2023-02-23,SPY Component Report LNT,SPY Component Report
2023-02-23,SPY Component Report LYV,SPY Component Report
2023-02-23,SPY Component Report MRNA,SPY Component Report
2023-02-23,SPY Component Report NEM,SPY Component Report
2023-02-23,SPY Component Report PCG,SPY Component Report
2023-02-23,SPY Component Report PODD,SPY Component Report
2023-02-23,SPY Component Report PWR,SPY Component Report
2023-02-23,SPY Component Report VICI,SPY Component Report
2023-02-24,PCE Release for January 2023,PCE Release
2023-02-24,SPY Component Report EVRG,SPY Component Report
2023-02-25,SPY Component Report BRK-B,SPY Component Report
2023-02-27,SPY Component Report AES,SPY Component Report
2023-02-27,SPY Component Report OKE,SPY Component Report
2023-02-27,SPY Component Report OXY,SPY Component Report
2023-02-27,SPY Component Report PNW,SPY Component Report
2023-02-27,SPY Component Report UHS,SPY Component Report
2023-02-27,SPY Component Report VTRS,SPY Component Report
2023-02-27,SPY Component Report WDAY,SPY Component Report
2023-02-28,SPY Component Report A,SPY Component Report
2023-02-28,SPY Component Report AXON,SPY Component Report
2023-02-28,SPY Component Report AZO,SPY Component Report
2023-02-28,SPY Component Report BLDR,SPY Component Report
2023-02-28,SPY Component Report FSLR,SPY Component Report
2023-02-28,SPY Component Report HPQ,SPY Component Report
2023-02-28,SPY Component Report MNST,SPY Component Report
2023-02-28,SPY Component Report NCLH,SPY Component Report
2023-02-28,SPY Component Report ROST,SPY Component Report
2023-02-28,SPY Component Report SJM,SPY Component Report
2023-02-28,SPY Component Report SRE,SPY Component Report
2023-02-28,SPY Component Report TGT,SPY Component Report
2023-02-28,SPY Component Report VRSK,SPY Component Report
2023-03-01,SPY Component Report CRM,SPY Component Report
2023-03-01,SPY Component Report DLTR,SPY Component Report
2023-03-01,SPY Component Report ERIE,SPY Component Report
2023-03-01,SPY Component Report LOW,SPY Component Report
2023-03-01,SPY Component Report VST,SPY Component Report
2023-03-02,SPY Component Report AVGO,SPY Component Report
2023-03-02,SPY Component Report BBY,SPY Component Report
2023-03-02,SPY Component Report COO,SPY Component Report
2023-03-02,SPY Component Report COST,SPY Component Report
2023-03-02,SPY Component Report DELL,SPY Component Report
2023-03-02,SPY Component Report HPE,SPY Component Report
2023-03-02,SPY Component Report HRL,SPY Component Report
2023-03-02,SPY Component Report KR,SPY Component Report
2023-03-07,SPY Component Report CRWD,SPY Component Report
2023-03-08,SPY Component Report BF-B,SPY Component Report
2023-03-08,SPY Component Report CPB,SPY Component Report
2023-03-09,SPY Component Report ORCL,SPY Component Report
2023-03-09,SPY Component Report ULTA,SPY Component Report
2023-03-10,NFP Release,NFP Release
2023-03-14,CPI Release,CPI Release
2023-03-14,SPY Component Report LEN,SPY Component Report
2023-03-15,SPY Component Report ADBE,SPY Component Report
2023-03-16,SPY Component Report DG,SPY Component Report
2023-03-16,SPY Component Report FDX,SPY Component Report
2023-03-16,SPY Component Report JBL,SPY Component Report
2023-03-16,SPY Component Report WSM,SPY Component Report
2023-03-17,SPY OpEx Quarterly,SPY OpEx Quarterly
2023-03-21,SPY Component Report NKE,SPY Component Report
2023-03-22,US Market Summit FOMC w/ SEP,US Market Summit FOMC
2023-03-23,SPY Component Report ACN,SPY Component Report
2023-03-23,SPY Component Report DRI,SPY Component Report
2023-03-23,SPY Component Report FDS,SPY Component Report
2023-03-23,SPY Component Report GIS,SPY Component Report
2023-03-27,SPY Component Report CCL,SPY Component Report
2023-03-28,SPY Component Report LULU,SPY Component Report
2023-03-28,SPY Component Report MKC,SPY Component Report
2023-03-28,SPY Component Report MU,SPY Component Report
2023-03-28,SPY Component Report WBA,SPY Component Report
2023-03-29,SPY Component Report CTAS,SPY Component Report
2023-03-29,SPY Component Report PAYX,SPY Component Report
2023-03-31,PCE Release for February 2023,PCE Release
2023-04-05,Chinese Holiday Qingming Festival,Chinese Holiday
2023-04-05,SPY Component Report CAG,SPY Component Report
2023-04-06,SPY Component Report LW,SPY Component Report
2023-04-06,SPY Component Report STZ,SPY Component Report
2023-04-07,NFP Release,NFP Release
2023-04-11,SPY Component Report KMX,SPY Component Report
2023-04-12,CPI Release,CPI Release
2023-04-13,SPY Component Report DAL,SPY Component Report
2023-04-13,SPY Component Report FAST,SPY Component Report
2023-04-13,SPY Component Report PGR,SPY Component Report
2023-04-14,SPY Component Report BLK,SPY Component Report
2023-04-14,SPY Component Report C,SPY Component Report
2023-04-14,SPY Component Report JPM,SPY Component Report
2023-04-14,SPY Component Report PNC,SPY Component Report
2023-04-14,SPY Component Report UNH,SPY Component Report
2023-04-14,SPY Component Report WFC,SPY Component Report
2023-04-17,SPY Component Report JBHT,SPY Component Report
2023-04-17,SPY Component Report MTB,SPY Component Report
2023-04-17,SPY Component Report SCHW,SPY Component Report
2023-04-17,SPY Component Report STT,SPY Component Report
2023-04-18,SPY Component Report BAC,SPY Component Report
2023-04-18,SPY Component Report BK,SPY Component Report
2023-04-18,SPY Component Report GS,SPY Component Report
2023-04-18,SPY Component Report ISRG,SPY Component Report
2023-04-18,SPY Component Report JNJ,SPY Component Report
2023-04-18,SPY Component Report LMT,SPY Component Report
2023-04-18,SPY Component Report NFLX,SPY Component Report
2023-04-18,SPY Component Report OMC,SPY Component Report
2023-04-18,SPY Component Report PLD,SPY Component Report
2023-04-18,SPY Component Report UAL,SPY Component Report
2023-04-19,SPY Component Report ABT,SPY Component Report
2023-04-19,SPY Component Report BKR,SPY Component Report
2023-04-19,SPY Component Report BX,SPY Component Report
2023-04-19,SPY Component Report CCI,SPY Component Report
2023-04-19,SPY Component Report CFG,SPY Component Report
2023-04-19,SPY Component Report EFX,SPY Component Report
2023-04-19,SPY Component Report ELV,SPY Component Report
2023-04-19,SPY Component Report FFIV,SPY Component Report
2023-04-19,SPY Component Report IBM,SPY Component Report
2023-04-19,SPY Component Report KMI,SPY Component Report
2023-04-19,SPY Component Report LRCX,SPY Component Report
2023-04-19,SPY Component Report LVS,SPY Component Report
2023-04-19,SPY Component Report MS,SPY Component Report
2023-04-19,SPY Component Report NDAQ,SPY Component Report
2023-04-19,SPY Component Report STLD,SPY Component Report
2023-04-19,SPY Component Report SYF,SPY Component Report
2023-04-19,SPY Component Report TRV,SPY Component Report
2023-04-19,SPY Component Report TSLA,SPY Component Report
2023-04-19,SPY Component Report USB,SPY Component Report
2023-04-20,SPY Component Report AXP,SPY Component Report
2023-04-20,SPY Component Report CSX,SPY Component Report
2023-04-20,SPY Component Report DHI,SPY Component Report
2023-04-20,SPY Component Report FITB,SPY Component Report
2023-04-20,SPY Component Report GPC,SPY Component Report
2023-04-20,SPY Component Report HBAN,SPY Component Report
2023-04-20,SPY Component Report KEY,SPY Component Report
2023-04-20,SPY Component Report MMC,SPY Component Report
2023-04-20,SPY Component Report NUE,SPY Component Report
2023-04-20,SPY Component Report PM,SPY Component Report
2023-04-20,SPY Component Report POOL,SPY Component Report
2023-04-20,SPY Component Report PPG,SPY Component Report
2023-04-20,SPY Component Report SNA,SPY Component Report
2023-04-20,SPY Component Report STX,SPY Component Report
2023-04-20,SPY Component Report T,SPY Component Report
2023-04-20,SPY Component Report TFC,SPY Component Report
2023-04-20,SPY Component Report UNP,SPY Component Report
2023-04-20,SPY Component Report WRB,SPY Component Report
2023-04-21,SPY Component Report FCX,SPY Component Report
2023-04-21,SPY Component Report HCA,SPY Component Report
2023-04-21,SPY Component Report PG,SPY Component Report
2023-04-21,SPY Component Report RF,SPY Component Report
2023-04-21,SPY Component Report SLB,SPY Component Report
2023-04-24,SPY Component Report AMP,SPY Component Report
2023-04-24,SPY Component Report ARE,SPY Component Report
2023-04-24,SPY Component Report BRO,SPY Component Report
2023-04-24,SPY Component Report CDNS,SPY Component Report
2023-04-24,SPY Component Report KO,SPY Component Report
2023-04-24,SPY Component Report PKG,SPY Component Report
2023-04-25,SPY Component Report ADM,SPY Component Report
2023-04-25,SPY Component Report BIIB,SPY Component Report
2023-04-25,SPY Component Report BXP,SPY Component Report
2023-04-25,SPY Component Report CARR,SPY Component Report
2023-04-25,SPY Component Report CB,SPY Component Report
2023-04-25,SPY Component Report CMG,SPY Component Report
2023-04-25,SPY Component Report CNC,SPY Component Report
2023-04-25,SPY Component Report CSGP,SPY Component Report
2023-04-25,SPY Component Report DHR,SPY Component Report
2023-04-25,SPY Component Report DOW,SPY Component Report
2023-04-25,SPY Component Report ENPH,SPY Component Report
2023-04-25,SPY Component Report EQR,SPY Component Report
2023-04-25,SPY Component Report FI,SPY Component Report
2023-04-25,SPY Component Report GE,SPY Component Report
2023-04-25,SPY Component Report GEHC,SPY Component Report
2023-04-25,SPY Component Report GLW,SPY Component Report
2023-04-25,SPY Component Report GM,SPY Component Report
2023-04-25,SPY Component Report GOOG,SPY Component Report
2023-04-25,SPY Component Report GOOGL,SPY Component Report
2023-04-25,SPY Component Report HAL,SPY Component Report
2023-04-25,SPY Component Report HUBB,SPY Component Report
2023-04-25,SPY Component Report IVZ,SPY Component Report
2023-04-25,SPY Component Report JNPR,SPY Component Report
2023-04-25,SPY Component Report KMB,SPY Component Report
2023-04-25,SPY Component Report LH,SPY Component Report
2023-04-25,SPY Component Report MCD,SPY Component Report
2023-04-25,SPY Component Report MCO,SPY Component Report
2023-04-25,SPY Component Report MMM,SPY Component Report
2023-04-25,SPY Component Report MSCI,SPY Component Report
2023-04-25,SPY Component Report MSFT,SPY Component Report
2023-04-25,SPY Component Report NEE,SPY Component Report
2023-04-25,SPY Component Report NTRS,SPY Component Report
2023-04-25,SPY Component Report NVR,SPY Component Report
2023-04-25,SPY Component Report PCAR,SPY Component Report
2023-04-25,SPY Component Report PEP,SPY Component Report
2023-04-25,SPY Component Report PHM,SPY Component Report
2023-04-25,SPY Component Report RTX,SPY Component Report
2023-04-25,SPY Component Report SHW,SPY Component Report
2023-04-25,SPY Component Report TXN,SPY Component Report
2023-04-25,SPY Component Report UHS,SPY Component Report
2023-04-25,SPY Component Report UPS,SPY Component Report
2023-04-25,SPY Component Report V,SPY Component Report
2023-04-25,SPY Component Report VZ,SPY Component Report
2023-04-25,US Presidential Election Biden announces re-election bid,US Presidential Election
2023-04-26,SPY Component Report ACGL,SPY Component Report
2023-04-26,SPY Component Report ADP,SPY Component Report
2023-04-26,SPY Component Report AFL,SPY Component Report
2023-04-26,SPY Component Report ALGN,SPY Component Report
2023-04-26,SPY Component Report ALLE,SPY Component Report
2023-04-26,SPY Component Report AMT,SPY Component Report
2023-04-26,SPY Component Report APH,SPY Component Report
2023-04-26,SPY Component Report AVB,SPY Component Report
2023-04-26,SPY Component Report AVY,SPY Component Report
2023-04-26,SPY Component Report AWK,SPY Component Report
2023-04-26,SPY Component Report BA,SPY Component Report
2023-04-26,SPY Component Report BSX,SPY Component Report
2023-04-26,SPY Component Report CHRW,SPY Component Report
2023-04-26,SPY Component Report CME,SPY Component Report
2023-04-26,SPY Component Report DOV,SPY Component Report
2023-04-26,SPY Component Report EBAY,SPY Component Report
2023-04-26,SPY Component Report EQT,SPY Component Report
2023-04-26,SPY Component Report ETR,SPY Component Report
2023-04-26,SPY Component Report EW,SPY Component Report
2023-04-26,SPY Component Report FTV,SPY Component Report
2023-04-26,SPY Component Report GD,SPY Component Report
2023-04-26,SPY Component Report HES,SPY Component Report
2023-04-26,SPY Component Report HLT,SPY Component Report
2023-04-26,SPY Component Report HUM,SPY Component Report
2023-04-26,SPY Component Report IEX,SPY Component Report
2023-04-26,SPY Component Report KLAC,SPY Component Report
2023-04-26,SPY Component Report MAA,SPY Component Report
2023-04-26,SPY Component Report MAS,SPY Component Report
2023-04-26,SPY Component Report META,SPY Component Report
2023-04-26,SPY Component Report MKTX,SPY Component Report
2023-04-26,SPY Component Report MOH,SPY Component Report
2023-04-26,SPY Component Report NOW,SPY Component Report
2023-04-26,SPY Component Report NSC,SPY Component Report
2023-04-26,SPY Component Report ODFL,SPY Component Report
2023-04-26,SPY Component Report ORLY,SPY Component Report
2023-04-26,SPY Component Report OTIS,SPY Component Report
2023-04-26,SPY Component Report PTC,SPY Component Report
2023-04-26,SPY Component Report RJF,SPY Component Report
2023-04-26,SPY Component Report ROL,SPY Component Report
2023-04-26,SPY Component Report TDY,SPY Component Report
2023-04-26,SPY Component Report TEL,SPY Component Report
2023-04-26,SPY Component Report TER,SPY Component Report
2023-04-26,SPY Component Report TMO,SPY Component Report
2023-04-26,SPY Component Report TYL,SPY Component Report
2023-04-26,SPY Component Report UDR,SPY Component Report
2023-04-26,SPY Component Report URI,SPY Component Report
2023-04-26,SPY Component Report WAB,SPY Component Report
2023-04-26,SPY Component Report WM,SPY Component Report
2023-04-27,SPY Component Report ABBV,SPY Component Report
2023-04-27,SPY Component Report AJG,SPY Component Report
2023-04-27,SPY Component Report AMGN,SPY Component Report
2023-04-27,SPY Component Report AMZN,SPY Component Report
2023-04-27,SPY Component Report AOS,SPY Component Report
2023-04-27,SPY Component Report BAX,SPY Component Report
2023-04-27,SPY Component Report BMY,SPY Component Report
2023-04-27,SPY Component Report CAT,SPY Component Report
2023-04-27,SPY Component Report CBRE,SPY Component Report
2023-04-27,SPY Component Report CHD,SPY Component Report
2023-04-27,SPY Component Report CINF,SPY Component Report
2023-04-27,SPY Component Report CMCSA,SPY Component Report
2023-04-27,SPY Component Report CMS,SPY Component Report
2023-04-27,SPY Component Report CNP,SPY Component Report
2023-04-27,SPY Component Report COF,SPY Component Report
2023-04-27,SPY Component Report CPT,SPY Component Report
2023-04-27,SPY Component Report DGX,SPY Component Report
2023-04-27,SPY Component Report DLR,SPY Component Report
2023-04-27,SPY Component Report DOC,SPY Component Report
2023-04-27,SPY Component Report DPZ,SPY Component Report
2023-04-27,SPY Component Report DTE,SPY Component Report
2023-04-27,SPY Component Report DXCM,SPY Component Report
2023-04-27,SPY Component Report EMN,SPY Component Report
2023-04-27,SPY Component Report ERIE,SPY Component Report
2023-04-27,SPY Component Report ESS,SPY Component Report
2023-04-27,SPY Component Report FE,SPY Component Report
2023-04-27,SPY Component Report FICO,SPY Component Report
2023-04-27,SPY Component Report FIS,SPY Component Report
2023-04-27,SPY Component Report FSLR,SPY Component Report
2023-04-27,SPY Component Report GILD,SPY Component Report
2023-04-27,SPY Component Report GWW,SPY Component Report
2023-04-27,SPY Component Report HAS,SPY Component Report
2023-04-27,SPY Component Report HIG,SPY Component Report
2023-04-27,SPY Component Report HON,SPY Component Report
2023-04-27,SPY Component Report HSY,SPY Component Report
2023-04-27,SPY Component Report INTC,SPY Component Report
2023-04-27,SPY Component Report IP,SPY Component Report
2023-04-27,SPY Component Report IPG,SPY Component Report
2023-04-27,SPY Component Report IQV,SPY Component Report
2023-04-27,SPY Component Report KDP,SPY Component Report
2023-04-27,SPY Component Report KIM,SPY Component Report
2023-04-27,SPY Component Report LHX,SPY Component Report
2023-04-27,SPY Component Report LII,SPY Component Report
2023-04-27,SPY Component Report LIN,SPY Component Report
2023-04-27,SPY Component Report LKQ,SPY Component Report
2023-04-27,SPY Component Report LLY,SPY Component Report
2023-04-27,SPY Component Report LUV,SPY Component Report
2023-04-27,SPY Component Report MA,SPY Component Report
2023-04-27,SPY Component Report MDLZ,SPY Component Report
2023-04-27,SPY Component Report MHK,SPY Component Report
2023-04-27,SPY Component Report MO,SPY Component Report
2023-04-27,SPY Component Report MRK,SPY Component Report
2023-04-27,SPY Component Report NEM,SPY Component Report
2023-04-27,SPY Component Report NOC,SPY Component Report
2023-04-27,SPY Component Report PFG,SPY Component Report
2023-04-27,SPY Component Report PNR,SPY Component Report
2023-04-27,SPY Component Report RMD,SPY Component Report
2023-04-27,SPY Component Report ROK,SPY Component Report
2023-04-27,SPY Component Report ROP,SPY Component Report
2023-04-27,SPY Component Report RSG,SPY Component Report
2023-04-27,SPY Component Report SO,SPY Component Report
2023-04-27,SPY Component Report SPGI,SPY Component Report
2023-04-27,SPY Component Report TMUS,SPY Component Report
2023-04-27,SPY Component Report TSCO,SPY Component Report
2023-04-27,SPY Component Report TXT,SPY Component Report
2023-04-27,SPY Component Report VLO,SPY Component Report
2023-04-27,SPY Component Report VRSN,SPY Component Report
2023-04-27,SPY Component Report WST,SPY Component Report
2023-04-27,SPY Component Report WTW,SPY Component Report
2023-04-27,SPY Component Report WY,SPY Component Report
2023-04-27,SPY Component Report XEL,SPY Component Report
2023-04-28,PCE Release for March 2023,PCE Release
2023-04-28,SPY Component Report AON,SPY Component Report
2023-04-28,SPY Component Report CHTR,SPY Component Report
2023-04-28,SPY Component Report CL,SPY Component Report
2023-04-28,SPY Component Report CVX,SPY Component Report
2023-04-28,SPY Component Report LYB,SPY Component Report
2023-04-28,SPY Component Report XOM,SPY Component Report
2023-05-01,Chinese Holiday Labor Day,Chinese Holiday
2023-05-01,SPY Component Report ANET,SPY Component Report
2023-05-01,SPY Component Report BEN,SPY Component Report
2023-05-01,SPY Component Report CF,SPY Component Report
2023-05-01,SPY Component Report EG,SPY Component Report
2023-05-01,SPY Component Report FANG,SPY Component Report
2023-05-01,SPY Component Report GPN,SPY Component Report
2023-05-01,SPY Component Report HOLX,SPY Component Report
2023-05-01,SPY Component Report INVH,SPY Component Report
2023-05-01,SPY Component Report MGM,SPY Component Report
2023-05-01,SPY Component Report NCLH,SPY Component Report
2023-05-01,SPY Component Report NXPI,SPY Component Report
2023-05-01,SPY Component Report ON,SPY Component Report
2023-05-01,SPY Component Report SBAC,SPY Component Report
2023-05-01,SPY Component Report SYK,SPY Component Report
2023-05-01,SPY Component Report VICI,SPY Component Report
2023-05-01,SPY Component Report VRTX,SPY Component Report
2023-05-01,SPY Component Report WEC,SPY Component Report
2023-05-02,Chinese Holiday Rest Day,Chinese Holiday
2023-05-02,SPY Component Report AIZ,SPY Component Report
2023-05-02,SPY Component Report AMCR,SPY Component Report
2023-05-02,SPY Component Report AMD,SPY Component Report
2023-05-02,SPY Component Report AME,SPY Component Report
2023-05-02,SPY Component Report BR,SPY Component Report
2023-05-02,SPY Component Report CLX,SPY Component Report
2023-05-02,SPY Component Report CMI,SPY Component Report
2023-05-02,SPY Component Report COR,SPY Component Report
2023-05-02,SPY Component Report CZR,SPY Component Report
2023-05-02,SPY Component Report DD,SPY Component Report
2023-05-02,SPY Component Report ECL,SPY Component Report
2023-05-02,SPY Component Report EIX,SPY Component Report
2023-05-02,SPY Component Report ETN,SPY Component Report
2023-05-02,SPY Component Report EXE,SPY Component Report
2023-05-02,SPY Component Report EXPD,SPY Component Report
2023-05-02,SPY Component Report EXR,SPY Component Report
2023-05-02,SPY Component Report F,SPY Component Report
2023-05-02,SPY Component Report HWM,SPY Component Report
2023-05-02,SPY Component Report IDXX,SPY Component Report
2023-05-02,SPY Component Report INCY,SPY Component Report
2023-05-02,SPY Component Report IT,SPY Component Report
2023-05-02,SPY Component Report ITW,SPY Component Report
2023-05-02,SPY Component Report JKHY,SPY Component Report
2023-05-02,SPY Component Report LDOS,SPY Component Report
2023-05-02,SPY Component Report MAR,SPY Component Report
2023-05-02,SPY Component Report MPC,SPY Component Report
2023-05-02,SPY Component Report MTCH,SPY Component Report
2023-05-02,SPY Component Report OKE,SPY Component Report
2023-05-02,SPY Component Report PAYC,SPY Component Report
2023-05-02,SPY Component Report PEG,SPY Component Report
2023-05-02,SPY Component Report PFE,SPY Component Report
2023-05-02,SPY Component Report PRU,SPY Component Report
2023-05-02,SPY Component Report SBUX,SPY Component Report
2023-05-02,SPY Component Report SMCI,SPY Component Report
2023-05-02,SPY Component Report SPG,SPY Component Report
2023-05-02,SPY Component Report SYY,SPY Component Report
2023-05-02,SPY Component Report TAP,SPY Component Report
2023-05-02,SPY Component Report TROW,SPY Component Report
2023-05-02,SPY Component Report UBER,SPY Component Report
2023-05-02,SPY Component Report WELL,SPY Component Report
2023-05-02,SPY Component Report ZBH,SPY Component Report
2023-05-02,SPY Component Report ZBRA,SPY Component Report
2023-05-03,Chinese Holiday Rest Day,Chinese Holiday
2023-05-03,SPY Component Report ALB,SPY Component Report
2023-05-03,SPY Component Report ALL,SPY Component Report
2023-05-03,SPY Component Report ANSS,SPY Component Report
2023-05-03,SPY Component Report ATO,SPY Component Report
2023-05-03,SPY Component Report BG,SPY Component Report
2023-05-03,SPY Component Report BLDR,SPY Component Report
2023-05-03,SPY Component Report CDW,SPY Component Report
2023-05-03,SPY Component Report CPAY,SPY Component Report
2023-05-03,SPY Component Report CTSH,SPY Component Report
2023-05-03,SPY Component Report CTVA,SPY Component Report
2023-05-03,SPY Component Report CVS,SPY Component Report
2023-05-03,SPY Component Report DAY,SPY Component Report
2023-05-03,SPY Component Report EL,SPY Component Report
2023-05-03,SPY Component Report EMR,SPY Component Report
2023-05-03,SPY Component Report EQIX,SPY Component Report
2023-05-03,SPY Component Report ES,SPY Component Report
2023-05-03,SPY Component Report EXC,SPY Component Report
2023-05-03,SPY Component Report GL,SPY Component Report
2023-05-03,SPY Component Report GNRC,SPY Component Report
2023-05-03,SPY Component Report GRMN,SPY Component Report
2023-05-03,SPY Component Report HST,SPY Component Report
2023-05-03,SPY Component Report IR,SPY Component Report
2023-05-03,SPY Component Report KHC,SPY Component Report
2023-05-03,SPY Component Report MET,SPY Component Report
2023-05-03,SPY Component Report MOS,SPY Component Report
2023-05-03,SPY Component Report NI,SPY Component Report
2023-05-03,SPY Component Report O,SPY Component Report
2023-05-03,SPY Component Report PSA,SPY Component Report
2023-05-03,SPY Component Report PSX,SPY Component Report
2023-05-03,SPY Component Report QCOM,SPY Component Report
2023-05-03,SPY Component Report TECH,SPY Component Report
2023-05-03,SPY Component Report TPL,SPY Component Report
2023-05-03,SPY Component Report TRMB,SPY Component Report
2023-05-03,SPY Component Report TT,SPY Component Report
2023-05-03,SPY Component Report VRSK,SPY Component Report
2023-05-03,SPY Component Report WMB,SPY Component Report
2023-05-03,SPY Component Report YUM,SPY Component Report
2023-05-03,US Market Summit FOMC Statement,US Market Summit FOMC
2023-05-04,SPY Component Report AAPL,SPY Component Report
2023-05-04,SPY Component Report AEE,SPY Component Report
2023-05-04,SPY Component Report AEP,SPY Component Report
2023-05-04,SPY Component Report AES,SPY Component Report
2023-05-04,SPY Component Report AIG,SPY Component Report
2023-05-04,SPY Component Report APA,SPY Component Report
2023-05-04,SPY Component Report APTV,SPY Component Report
2023-05-04,SPY Component Report BALL,SPY Component Report
2023-05-04,SPY Component Report BDX,SPY Component Report
2023-05-04,SPY Component Report BKNG,SPY Component Report
2023-05-04,SPY Component Report CAH,SPY Component Report
2023-05-04,SPY Component Report CEG,SPY Component Report
2023-05-04,SPY Component Report COIN,SPY Component Report
2023-05-04,SPY Component Report COP,SPY Component Report
2023-05-04,SPY Component Report CTRA,SPY Component Report
2023-05-04,SPY Component Report DASH,SPY Component Report
2023-05-04,SPY Component Report ED,SPY Component Report
2023-05-04,SPY Component Report EOG,SPY Component Report
2023-05-04,SPY Component Report EXPE,SPY Component Report
2023-05-04,SPY Component Report FRT,SPY Component Report
2023-05-04,SPY Component Report FTNT,SPY Component Report
2023-05-04,SPY Component Report GDDY,SPY Component Report
2023-05-04,SPY Component Report HII,SPY Component Report
2023-05-04,SPY Component Report ICE,SPY Component Report
2023-05-04,SPY Component Report IRM,SPY Component Report
2023-05-04,SPY Component Report K,SPY Component Report
2023-05-04,SPY Component Report LNT,SPY Component Report
2023-05-04,SPY Component Report LYV,SPY Component Report
2023-05-04,SPY Component Report MCHP,SPY Component Report
2023-05-04,SPY Component Report MLM,SPY Component Report
2023-05-04,SPY Component Report MNST,SPY Component Report
2023-05-04,SPY Component Report MPWR,SPY Component Report
2023-05-04,SPY Component Report MRNA,SPY Component Report
2023-05-04,SPY Component Report MSI,SPY Component Report
2023-05-04,SPY Component Report MTD,SPY Component Report
2023-05-04,SPY Component Report NRG,SPY Component Report
2023-05-04,SPY Component Report PARA,SPY Component Report
2023-05-04,SPY Component Report PCG,SPY Component Report
2023-05-04,SPY Component Report PH,SPY Component Report
2023-05-04,SPY Component Report PNW,SPY Component Report
2023-05-04,SPY Component Report PODD,SPY Component Report
2023-05-04,SPY Component Report PPL,SPY Component Report
2023-05-04,SPY Component Report PWR,SPY Component Report
2023-05-04,SPY Component Report RCL,SPY Component Report
2023-05-04,SPY Component Report REG,SPY Component Report
2023-05-04,SPY Component Report REGN,SPY Component Report
2023-05-04,SPY Component Report SRE,SPY Component Report
2023-05-04,SPY Component Report SWK,SPY Component Report
2023-05-04,SPY Component Report TRGP,SPY Component Report
2023-05-04,SPY Component Report VMC,SPY Component Report
2023-05-04,SPY Component Report XYL,SPY Component Report
2023-05-04,SPY Component Report ZTS,SPY Component Report
2023-05-05,NFP Release,NFP Release
2023-05-05,SPY Component Report CBOE,SPY Component Report
2023-05-05,SPY Component Report CI,SPY Component Report
2023-05-05,SPY Component Report D,SPY Component Report
2023-05-05,SPY Component Report EPAM,SPY Component Report
2023-05-05,SPY Component Report EVRG,SPY Component Report
2023-05-05,SPY Component Report JCI,SPY Component Report
2023-05-05,SPY Component Report WBD,SPY Component Report
2023-05-06,SPY Component Report BRK-B,SPY Component Report
2023-05-08,SPY Component Report DVA,SPY Component Report
2023-05-08,SPY Component Report IFF,SPY Component Report
2023-05-08,SPY Component Report KKR,SPY Component Report
2023-05-08,SPY Component Report MCK,SPY Component Report
2023-05-08,SPY Component Report PLTR,SPY Component Report
2023-05-08,SPY Component Report PYPL,SPY Component Report
2023-05-08,SPY Component Report SWKS,SPY Component Report
2023-05-08,SPY Component Report TSN,SPY Component Report
2023-05-08,SPY Component Report VTR,SPY Component Report
2023-05-08,SPY Component Report VTRS,SPY Component Report
2023-05-08,SPY Component Report WDC,SPY Component Report
2023-05-09,SPY Component Report ABNB,SPY Component Report
2023-05-09,SPY Component Report AKAM,SPY Component Report
2023-05-09,SPY Component Report APD,SPY Component Report
2023-05-09,SPY Component Report APO,SPY Component Report
2023-05-09,SPY Component Report AXON,SPY Component Report
2023-05-09,SPY Component Report DUK,SPY Component Report
2023-05-09,SPY Component Report DVN,SPY Component Report
2023-05-09,SPY Component Report EA,SPY Component Report
2023-05-09,SPY Component Report FOX,SPY Component Report
2023-05-09,SPY Component Report FOXA,SPY Component Report
2023-05-09,SPY Component Report HSIC,SPY Component Report
2023-05-09,SPY Component Report J,SPY Component Report
2023-05-09,SPY Component Report OXY,SPY Component Report
2023-05-09,SPY Component Report TDG,SPY Component Report
2023-05-09,SPY Component Report VST,SPY Component Report
2023-05-09,SPY Component Report WAT,SPY Component Report
2023-05-09,SPY Component Report WYNN,SPY Component Report
2023-05-10,CPI Release,CPI Release
2023-05-10,SPY Component Report DIS,SPY Component Report
2023-05-10,SPY Component Report STE,SPY Component Report
2023-05-11,SPY Component Report CRL,SPY Component Report
2023-05-11,SPY Component Report GEN,SPY Component Report
2023-05-11,SPY Component Report NWS,SPY Component Report
2023-05-11,SPY Component Report NWSA,SPY Component Report
2023-05-11,SPY Component Report RVTY,SPY Component Report
2023-05-11,SPY Component Report TPR,SPY Component Report
2023-05-16,SPY Component Report HD,SPY Component Report
2023-05-16,SPY Component Report KEYS,SPY Component Report
2023-05-17,SPY Component Report CPRT,SPY Component Report
2023-05-17,SPY Component Report CSCO,SPY Component Report
2023-05-17,SPY Component Report SNPS,SPY Component Report
2023-05-17,SPY Component Report TGT,SPY Component Report
2023-05-17,SPY Component Report TJX,SPY Component Report
2023-05-17,SPY Component Report TTWO,SPY Component Report
2023-05-18,SPY Component Report AMAT,SPY Component Report
2023-05-18,SPY Component Report ROST,SPY Component Report
2023-05-18,SPY Component Report WMT,SPY Component Report
2023-05-19,SPY Component Report DE,SPY Component Report
2023-05-19,US Market Summit G7 Summit,US Market Summit G7
2023-05-22,SPY Component Report NDSN,SPY Component Report
2023-05-23,SPY Component Report A,SPY Component Report
2023-05-23,SPY Component Report INTU,SPY Component Report
2023-05-23,SPY Component Report LOW,SPY Component Report
2023-05-23,SPY Component Report PANW,SPY Component Report
2023-05-23,SPY Component Report WSM,SPY Component Report
2023-05-24,SPY Component Report ADI,SPY Component Report
2023-05-24,SPY Component Report NVDA,SPY Component Report
2023-05-25,SPY Component Report ADSK,SPY Component Report
2023-05-25,SPY Component Report BBY,SPY Component Report
2023-05-25,SPY Component Report DECK,SPY Component Report
2023-05-25,SPY Component Report DLTR,SPY Component Report
2023-05-25,SPY Component Report MDT,SPY Component Report
2023-05-25,SPY Component Report RL,SPY Component Report
2023-05-25,SPY Component Report ULTA,SPY Component Report
2023-05-25,SPY Component Report WDAY,SPY Component Report
2023-05-26,PCE Release for April 2023,PCE Release
2023-05-29,US Holiday Memorial Day,US Holiday
2023-05-30,SPY Component Report HPE,SPY Component Report
2023-05-30,SPY Component Report HPQ,SPY Component Report
2023-05-31,SPY Component Report CRM,SPY Component Report
2023-05-31,SPY Component Report CRWD,SPY Component Report
2023-05-31,SPY Component Report NTAP,SPY Component Report
2023-06-01,SPY Component Report AVGO,SPY Component Report
2023-06-01,SPY Component Report COO,SPY Component Report
2023-06-01,SPY Component Report COST,SPY Component Report
2023-06-01,SPY Component Report DELL,SPY Component Report
2023-06-01,SPY Component Report DG,SPY Component Report
2023-06-01,SPY Component Report HRL,SPY Component Report
2023-06-01,SPY Component Report LULU,SPY Component Report
2023-06-02,NFP Release,NFP Release
2023-06-06,SPY Component Report SJM,SPY Component Report
2023-06-07,SPY Component Report BF-B,SPY Component Report
2023-06-07,SPY Component Report CPB,SPY Component Report
2023-06-09,SPY Component Report AZO,SPY Component Report
2023-06-12,SPY Component Report ORCL,SPY Component Report
2023-06-13,CPI Release,CPI Release
2023-06-14,SPY Component Report LEN,SPY Component Report
2023-06-14,US Market Summit FOMC w/ SEP,US Market Summit FOMC
2023-06-15,SPY Component Report ADBE,SPY Component Report
2023-06-15,SPY Component Report JBL,SPY Component Report
2023-06-15,SPY Component Report KR,SPY Component Report
2023-06-16,SPY OpEx Quarterly,SPY OpEx Quarterly
2023-06-19,US Holiday Juneteenth National Independence Day,US Holiday
2023-06-20,SPY Component Report FDX,SPY Component Report
2023-06-22,Chinese Holiday Dragon Boat Festival,Chinese Holiday
2023-06-22,SPY Component Report ACN,SPY Component Report
2023-06-22,SPY Component Report DRI,SPY Component Report
2023-06-22,SPY Component Report FDS,SPY Component Report
2023-06-23,Chinese Holiday Rest Day,Chinese Holiday
2023-06-23,SPY Component Report KMX,SPY Component Report
2023-06-26,SPY Component Report CCL,SPY Component Report
2023-06-27,SPY Component Report WBA,SPY Component Report
2023-06-28,SPY Component Report GIS,SPY Component Report
2023-06-28,SPY Component Report MU,SPY Component Report
2023-06-29,SPY Component Report MKC,SPY Component Report
2023-06-29,SPY Component Report NKE,SPY Component Report
2023-06-29,SPY Component Report PAYX,SPY Component Report
2023-06-30,PCE Release for May 2023,PCE Release
2023-06-30,SPY Component Report STZ,SPY Component Report
2023-07-04,US Holiday Independence Day,US Holiday
2023-07-07,NFP Release,NFP Release
2023-07-12,CPI Release,CPI Release
2023-07-13,SPY Component Report CAG,SPY Component Report
2023-07-13,SPY Component Report CTAS,SPY Component Report
2023-07-13,SPY Component Report DAL,SPY Component Report
2023-07-13,SPY Component Report FAST,SPY Component Report
2023-07-13,SPY Component Report PEP,SPY Component Report
2023-07-14,SPY Component Report BLK,SPY Component Report
2023-07-14,SPY Component Report C,SPY Component Report
2023-07-14,SPY Component Report JPM,SPY Component Report
2023-07-14,SPY Component Report STT,SPY Component Report
2023-07-14,SPY Component Report UNH,SPY Component Report
2023-07-14,SPY Component Report WFC,SPY Component Report
2023-07-18,SPY Component Report BAC,SPY Component Report
2023-07-18,SPY Component Report BK,SPY Component Report
2023-07-18,SPY Component Report JBHT,SPY Component Report
2023-07-18,SPY Component Report LMT,SPY Component Report
2023-07-18,SPY Component Report MS,SPY Component Report
2023-07-18,SPY Component Report OMC,SPY Component Report
2023-07-18,SPY Component Report PLD,SPY Component Report
2023-07-18,SPY Component Report PNC,SPY Component Report
2023-07-18,SPY Component Report SCHW,SPY Component Report
2023-07-18,SPY Component Report SYF,SPY Component Report
2023-07-19,SPY Component Report BKR,SPY Component Report
2023-07-19,SPY Component Report CCI,SPY Component Report
2023-07-19,SPY Component Report CFG,SPY Component Report
2023-07-19,SPY Component Report EFX,SPY Component Report
2023-07-19,SPY Component Report ELV,SPY Component Report
2023-07-19,SPY Component Report GS,SPY Component Report
2023-07-19,SPY Component Report HAL,SPY Component Report
2023-07-19,SPY Component Report IBM,SPY Component Report
2023-07-19,SPY Component Report KMI,SPY Component Report
2023-07-19,SPY Component Report LVS,SPY Component Report
2023-07-19,SPY Component Report MTB,SPY Component Report
2023-07-19,SPY Component Report NDAQ,SPY Component Report
2023-07-19,SPY Component Report NFLX,SPY Component Report
2023-07-19,SPY Component Report NTRS,SPY Component Report
2023-07-19,SPY Component Report STLD,SPY Component Report
2023-07-19,SPY Component Report TSLA,SPY Component Report
2023-07-19,SPY Component Report UAL,SPY Component Report
2023-07-19,SPY Component Report USB,SPY Component Report
2023-07-20,SPY Component Report ABT,SPY Component Report
2023-07-20,SPY Component Report BX,SPY Component Report
2023-07-20,SPY Component Report COF,SPY Component Report
2023-07-20,SPY Component Report CSX,SPY Component Report
2023-07-20,SPY Component Report DHI,SPY Component Report
2023-07-20,SPY Component Report FCX,SPY Component Report
2023-07-20,SPY Component Report FITB,SPY Component Report
2023-07-20,SPY Component Report GPC,SPY Component Report
2023-07-20,SPY Component Report ISRG,SPY Component Report
2023-07-20,SPY Component Report JNJ,SPY Component Report
2023-07-20,SPY Component Report KEY,SPY Component Report
2023-07-20,SPY Component Report KVUE,SPY Component Report
2023-07-20,SPY Component Report MKTX,SPY Component Report
2023-07-20,SPY Component Report MMC,SPY Component Report
2023-07-20,SPY Component Report NEM,SPY Component Report
2023-07-20,SPY Component Report PM,SPY Component Report
2023-07-20,SPY Component Report POOL,SPY Component Report
2023-07-20,SPY Component Report PPG,SPY Component Report
2023-07-20,SPY Component Report SNA,SPY Component Report
2023-07-20,SPY Component Report TFC,SPY Component Report
2023-07-20,SPY Component Report TRV,SPY Component Report
2023-07-20,SPY Component Report WRB,SPY Component Report
2023-07-21,SPY Component Report AXP,SPY Component Report
2023-07-21,SPY Component Report HBAN,SPY Component Report
2023-07-21,SPY Component Report IPG,SPY Component Report
2023-07-21,SPY Component Report RF,SPY Component Report
2023-07-21,SPY Component Report ROP,SPY Component Report
2023-07-21,SPY Component Report SLB,SPY Component Report
2023-07-23,SPY Component Report CVX,SPY Component Report
2023-07-24,SPY Component Report ARE,SPY Component Report
2023-07-24,SPY Component Report BRO,SPY Component Report
2023-07-24,SPY Component Report CDNS,SPY Component Report
2023-07-24,SPY Component Report DPZ,SPY Component Report
2023-07-24,SPY Component Report FFIV,SPY Component Report
2023-07-24,SPY Component Report NUE,SPY Component Report
2023-07-24,SPY Component Report NXPI,SPY Component Report
2023-07-24,SPY Component Report PKG,SPY Component Report
2023-07-25,SPY Component Report ADM,SPY Component Report
2023-07-25,SPY Component Report AVY,SPY Component Report
2023-07-25,SPY Component Report BIIB,SPY Component Report
2023-07-25,SPY Component Report CB,SPY Component Report
2023-07-25,SPY Component Report CSGP,SPY Component Report
2023-07-25,SPY Component Report DHR,SPY Component Report
2023-07-25,SPY Component Report DOV,SPY Component Report
2023-07-25,SPY Component Report DOW,SPY Component Report
2023-07-25,SPY Component Report EQT,SPY Component Report
2023-07-25,SPY Component Report GE,SPY Component Report
2023-07-25,SPY Component Report GEHC,SPY Component Report
2023-07-25,SPY Component Report GLW,SPY Component Report
2023-07-25,SPY Component Report GM,SPY Component Report
2023-07-25,SPY Component Report GOOG,SPY Component Report
2023-07-25,SPY Component Report GOOGL,SPY Component Report
2023-07-25,SPY Component Report HUBB,SPY Component Report
2023-07-25,SPY Component Report IVZ,SPY Component Report
2023-07-25,SPY Component Report KMB,SPY Component Report
2023-07-25,SPY Component Report LW,SPY Component Report
2023-07-25,SPY Component Report MCO,SPY Component Report
2023-07-25,SPY Component Report MMM,SPY Component Report
2023-07-25,SPY Component Report MSCI,SPY Component Report
2023-07-25,SPY Component Report MSFT,SPY Component Report
2023-07-25,SPY Component Report NEE,SPY Component Report
2023-07-25,SPY Component Report NVR,SPY Component Report
2023-07-25,SPY Component Report PCAR,SPY Component Report
2023-07-25,SPY Component Report PHM,SPY Component Report
2023-07-25,SPY Component Report RTX,SPY Component Report
2023-07-25,SPY Component Report SHW,SPY Component Report
2023-07-25,SPY Component Report TXN,SPY Component Report
2023-07-25,SPY Component Report UHS,SPY Component Report
2023-07-25,SPY Component Report V,SPY Component Report
2023-07-25,SPY Component Report VZ,SPY Component Report
2023-07-25,SPY Component Report WM,SPY Component Report
2023-07-26,SPY Component Report ACGL,SPY Component Report
2023-07-26,SPY Component Report ADP,SPY Component Report
2023-07-26,SPY Component Report ALGN,SPY Component Report
2023-07-26,SPY Component Report ALLE,SPY Component Report
2023-07-26,SPY Component Report AMP,SPY Component Report
2023-07-26,SPY Component Report APH,SPY Component Report
2023-07-26,SPY Component Report AWK,SPY Component Report
2023-07-26,SPY Component Report BA,SPY Component Report
2023-07-26,SPY Component Report CME,SPY Component Report
2023-07-26,SPY Component Report CMG,SPY Component Report
2023-07-26,SPY Component Report DGX,SPY Component Report
2023-07-26,SPY Component Report EBAY,SPY Component Report
2023-07-26,SPY Component Report EG,SPY Component Report
2023-07-26,SPY Component Report EW,SPY Component Report
2023-07-26,SPY Component Report FI,SPY Component Report
2023-07-26,SPY Component Report FTV,SPY Component Report
2023-07-26,SPY Component Report GD,SPY Component Report
2023-07-26,SPY Component Report GL,SPY Component Report
2023-07-26,SPY Component Report HES,SPY Component Report
2023-07-26,SPY Component Report HLT,SPY Component Report
2023-07-26,SPY Component Report IEX,SPY Component Report
2023-07-26,SPY Component Report INVH,SPY Component Report
2023-07-26,SPY Component Report KO,SPY Component Report
2023-07-26,SPY Component Report LHX,SPY Component Report
2023-07-26,SPY Component Report LRCX,SPY Component Report
2023-07-26,SPY Component Report MAA,SPY Component Report
2023-07-26,SPY Component Report META,SPY Component Report
2023-07-26,SPY Component Report MOH,SPY Component Report
2023-07-26,SPY Component Report NOW,SPY Component Report
2023-07-26,SPY Component Report ODFL,SPY Component Report
2023-07-26,SPY Component Report ORLY,SPY Component Report
2023-07-26,SPY Component Report OTIS,SPY Component Report
2023-07-26,SPY Component Report PTC,SPY Component Report
2023-07-26,SPY Component Report RJF,SPY Component Report
2023-07-26,SPY Component Report ROL,SPY Component Report
2023-07-26,SPY Component Report STX,SPY Component Report
2023-07-26,SPY Component Report T,SPY Component Report
2023-07-26,SPY Component Report TDY,SPY Component Report
2023-07-26,SPY Component Report TEL,SPY Component Report
2023-07-26,SPY Component Report TER,SPY Component Report
2023-07-26,SPY Component Report TMO,SPY Component Report
2023-07-26,SPY Component Report TYL,SPY Component Report
2023-07-26,SPY Component Report UDR,SPY Component Report
2023-07-26,SPY Component Report UNP,SPY Component Report
2023-07-26,SPY Component Report URI,SPY Component Report
2023-07-26,SPY Component Report VICI,SPY Component Report
2023-07-26,US Market Summit FOMC Statement,US Market Summit FOMC
2023-07-27,SPY Component Report ABBV,SPY Component Report
2023-07-27,SPY Component Report AEP,SPY Component Report
2023-07-27,SPY Component Report AJG,SPY Component Report
2023-07-27,SPY Component Report AMT,SPY Component Report
2023-07-27,SPY Component Report AOS,SPY Component Report
2023-07-27,SPY Component Report BAX,SPY Component Report
2023-07-27,SPY Component Report BMY,SPY Component Report
2023-07-27,SPY Component Report BSX,SPY Component Report
2023-07-27,SPY Component Report CARR,SPY Component Report
2023-07-27,SPY Component Report CBRE,SPY Component Report
2023-07-27,SPY Component Report CINF,SPY Component Report
2023-07-27,SPY Component Report CMCSA,SPY Component Report
2023-07-27,SPY Component Report CMS,SPY Component Report
2023-07-27,SPY Component Report CNP,SPY Component Report
2023-07-27,SPY Component Report DECK,SPY Component Report
2023-07-27,SPY Component Report DLR,SPY Component Report
2023-07-27,SPY Component Report DOC,SPY Component Report
2023-07-27,SPY Component Report DTE,SPY Component Report
2023-07-27,SPY Component Report DXCM,SPY Component Report
2023-07-27,SPY Component Report EIX,SPY Component Report
2023-07-27,SPY Component Report EMN,SPY Component Report
2023-07-27,SPY Component Report ENPH,SPY Component Report
2023-07-27,SPY Component Report EQR,SPY Component Report
2023-07-27,SPY Component Report ERIE,SPY Component Report
2023-07-27,SPY Component Report ESS,SPY Component Report
2023-07-27,SPY Component Report F,SPY Component Report
2023-07-27,SPY Component Report FSLR,SPY Component Report
2023-07-27,SPY Component Report GWW,SPY Component Report
2023-07-27,SPY Component Report HCA,SPY Component Report
2023-07-27,SPY Component Report HIG,SPY Component Report
2023-07-27,SPY Component Report HON,SPY Component Report
2023-07-27,SPY Component Report HSY,SPY Component Report
2023-07-27,SPY Component Report INTC,SPY Component Report
2023-07-27,SPY Component Report IP,SPY Component Report
2023-07-27,SPY Component Report JNPR,SPY Component Report
2023-07-27,SPY Component Report KDP,SPY Component Report
2023-07-27,SPY Component Report KIM,SPY Component Report
2023-07-27,SPY Component Report KLAC,SPY Component Report
2023-07-27,SPY Component Report LH,SPY Component Report
2023-07-27,SPY Component Report LII,SPY Component Report
2023-07-27,SPY Component Report LIN,SPY Component Report
2023-07-27,SPY Component Report LKQ,SPY Component Report
2023-07-27,SPY Component Report LUV,SPY Component Report
2023-07-27,SPY Component Report LYV,SPY Component Report
2023-07-27,SPY Component Report MA,SPY Component Report
2023-07-27,SPY Component Report MAS,SPY Component Report
2023-07-27,SPY Component Report MCD,SPY Component Report
2023-07-27,SPY Component Report MDLZ,SPY Component Report
2023-07-27,SPY Component Report MHK,SPY Component Report
2023-07-27,SPY Component Report MLM,SPY Component Report
2023-07-27,SPY Component Report MTD,SPY Component Report
2023-07-27,SPY Component Report NOC,SPY Component Report
2023-07-27,SPY Component Report NSC,SPY Component Report
2023-07-27,SPY Component Report PCG,SPY Component Report
2023-07-27,SPY Component Report PFG,SPY Component Report
2023-07-27,SPY Component Report PNR,SPY Component Report
2023-07-27,SPY Component Report RCL,SPY Component Report
2023-07-27,SPY Component Report SPGI,SPY Component Report
2023-07-27,SPY Component Report TMUS,SPY Component Report
2023-07-27,SPY Component Report TSCO,SPY Component Report
2023-07-27,SPY Component Report TXT,SPY Component Report
2023-07-27,SPY Component Report VLO,SPY Component Report
2023-07-27,SPY Component Report VRSN,SPY Component Report
2023-07-27,SPY Component Report WAB,SPY Component Report
2023-07-27,SPY Component Report WST,SPY Component Report
2023-07-27,SPY Component Report WTW,SPY Component Report
2023-07-27,SPY Component Report WY,SPY Component Report
2023-07-27,SPY Component Report XEL,SPY Component Report
2023-07-28,PCE Release for June 2023,PCE Release
2023-07-28,SPY Component Report AON,SPY Component Report
2023-07-28,SPY Component Report BEN,SPY Component Report
2023-07-28,SPY Component Report CHD,SPY Component Report
2023-07-28,SPY Component Report CHTR,SPY Component Report
2023-07-28,SPY Component Report CL,SPY Component Report
2023-07-28,SPY Component Report CNC,SPY Component Report
2023-07-28,SPY Component Report PG,SPY Component Report
2023-07-28,SPY Component Report TROW,SPY Component Report
2023-07-28,SPY Component Report XOM,SPY Component Report
2023-07-31,SPY Component Report ANET,SPY Component Report
2023-07-31,SPY Component Report ES,SPY Component Report
2023-07-31,SPY Component Report FANG,SPY Component Report
2023-07-31,SPY Component Report HOLX,SPY Component Report
2023-07-31,SPY Component Report MPWR,SPY Component Report
2023-07-31,SPY Component Report ON,SPY Component Report
2023-07-31,SPY Component Report RSG,SPY Component Report
2023-07-31,SPY Component Report SBAC,SPY Component Report
2023-07-31,SPY Component Report UBER,SPY Component Report
2023-07-31,SPY Component Report WDC,SPY Component Report
2023-07-31,SPY Component Report WELL,SPY Component Report
2023-08-01,SPY Component Report AFL,SPY Component Report
2023-08-01,SPY Component Report AIG,SPY Component Report
2023-08-01,SPY Component Report AIZ,SPY Component Report
2023-08-01,SPY Component Report ALL,SPY Component Report
2023-08-01,SPY Component Report AMD,SPY Component Report
2023-08-01,SPY Component Report AME,SPY Component Report
2023-08-01,SPY Component Report AVB,SPY Component Report
2023-08-01,SPY Component Report BXP,SPY Component Report
2023-08-01,SPY Component Report CAT,SPY Component Report
2023-08-01,SPY Component Report CZR,SPY Component Report
2023-08-01,SPY Component Report DVN,SPY Component Report
2023-08-01,SPY Component Report EA,SPY Component Report
2023-08-01,SPY Component Report ECL,SPY Component Report
2023-08-01,SPY Component Report ETN,SPY Component Report
2023-08-01,SPY Component Report EXE,SPY Component Report
2023-08-01,SPY Component Report FE,SPY Component Report
2023-08-01,SPY Component Report GPN,SPY Component Report
2023-08-01,SPY Component Report HWM,SPY Component Report
2023-08-01,SPY Component Report IDXX,SPY Component Report
2023-08-01,SPY Component Report INCY,SPY Component Report
2023-08-01,SPY Component Report IQV,SPY Component Report
2023-08-01,SPY Component Report IT,SPY Component Report
2023-08-01,SPY Component Report ITW,SPY Component Report
2023-08-01,SPY Component Report LDOS,SPY Component Report
2023-08-01,SPY Component Report MAR,SPY Component Report
2023-08-01,SPY Component Report MO,SPY Component Report
2023-08-01,SPY Component Report MOS,SPY Component Report
2023-08-01,SPY Component Report MPC,SPY Component Report
2023-08-01,SPY Component Report MRK,SPY Component Report
2023-08-01,SPY Component Report MTCH,SPY Component Report
2023-08-01,SPY Component Report NCLH,SPY Component Report
2023-08-01,SPY Component Report PAYC,SPY Component Report
2023-08-01,SPY Component Report PEG,SPY Component Report
2023-08-01,SPY Component Report PFE,SPY Component Report
2023-08-01,SPY Component Report PGR,SPY Component Report
2023-08-01,SPY Component Report PRU,SPY Component Report
2023-08-01,SPY Component Report ROK,SPY Component Report
2023-08-01,SPY Component Report RVTY,SPY Component Report
2023-08-01,SPY Component Report SBUX,SPY Component Report
2023-08-01,SPY Component Report STE,SPY Component Report
2023-08-01,SPY Component Report SWK,SPY Component Report
2023-08-01,SPY Component Report SYY,SPY Component Report
2023-08-01,SPY Component Report TAP,SPY Component Report
2023-08-01,SPY Component Report VRTX,SPY Component Report
2023-08-01,SPY Component Report WEC,SPY Component Report
2023-08-01,SPY Component Report ZBH,SPY Component Report
2023-08-01,SPY Component Report ZBRA,SPY Component Report
2023-08-02,SPY Component Report AEE,SPY Component Report
2023-08-02,SPY Component Report ALB,SPY Component Report
2023-08-02,SPY Component Report ANSS,SPY Component Report
2023-08-02,SPY Component Report APA,SPY Component Report
2023-08-02,SPY Component Report ATO,SPY Component Report
2023-08-02,SPY Component Report BG,SPY Component Report
2023-08-02,SPY Component Report BLDR,SPY Component Report
2023-08-02,SPY Component Report CDW,SPY Component Report
2023-08-02,SPY Component Report CF,SPY Component Report
2023-08-02,SPY Component Report CHRW,SPY Component Report
2023-08-02,SPY Component Report CLX,SPY Component Report
2023-08-02,SPY Component Report COR,SPY Component Report
2023-08-02,SPY Component Report CTSH,SPY Component Report
2023-08-02,SPY Component Report CVS,SPY Component Report
2023-08-02,SPY Component Report DASH,SPY Component Report
2023-08-02,SPY Component Report DAY,SPY Component Report
2023-08-02,SPY Component Report DD,SPY Component Report
2023-08-02,SPY Component Report EMR,SPY Component Report
2023-08-02,SPY Component Report EQIX,SPY Component Report
2023-08-02,SPY Component Report ETR,SPY Component Report
2023-08-02,SPY Component Report EXC,SPY Component Report
2023-08-02,SPY Component Report FICO,SPY Component Report
2023-08-02,SPY Component Report FIS,SPY Component Report
2023-08-02,SPY Component Report FRT,SPY Component Report
2023-08-02,SPY Component Report GNRC,SPY Component Report
2023-08-02,SPY Component Report GRMN,SPY Component Report
2023-08-02,SPY Component Report HST,SPY Component Report
2023-08-02,SPY Component Report HUM,SPY Component Report
2023-08-02,SPY Component Report IR,SPY Component Report
2023-08-02,SPY Component Report JCI,SPY Component Report
2023-08-02,SPY Component Report KHC,SPY Component Report
2023-08-02,SPY Component Report MCK,SPY Component Report
2023-08-02,SPY Component Report MET,SPY Component Report
2023-08-02,SPY Component Report MGM,SPY Component Report
2023-08-02,SPY Component Report NI,SPY Component Report
2023-08-02,SPY Component Report O,SPY Component Report
2023-08-02,SPY Component Report OXY,SPY Component Report
2023-08-02,SPY Component Report PSA,SPY Component Report
2023-08-02,SPY Component Report PSX,SPY Component Report
2023-08-02,SPY Component Report PYPL,SPY Component Report
2023-08-02,SPY Component Report QCOM,SPY Component Report
2023-08-02,SPY Component Report SPG,SPY Component Report
2023-08-02,SPY Component Report TPL,SPY Component Report
2023-08-02,SPY Component Report TT,SPY Component Report
2023-08-02,SPY Component Report VRSK,SPY Component Report
2023-08-02,SPY Component Report WAT,SPY Component Report
2023-08-02,SPY Component Report WMB,SPY Component Report
2023-08-02,SPY Component Report XYL,SPY Component Report
2023-08-02,SPY Component Report YUM,SPY Component Report
2023-08-03,SPY Component Report AAPL,SPY Component Report
2023-08-03,SPY Component Report ABNB,SPY Component Report
2023-08-03,SPY Component Report AES,SPY Component Report
2023-08-03,SPY Component Report AMGN,SPY Component Report
2023-08-03,SPY Component Report AMZN,SPY Component Report
2023-08-03,SPY Component Report APD,SPY Component Report
2023-08-03,SPY Component Report APO,SPY Component Report
2023-08-03,SPY Component Report APTV,SPY Component Report
2023-08-03,SPY Component Report BALL,SPY Component Report
2023-08-03,SPY Component Report BDX,SPY Component Report
2023-08-03,SPY Component Report BKNG,SPY Component Report
2023-08-03,SPY Component Report CEG,SPY Component Report
2023-08-03,SPY Component Report CI,SPY Component Report
2023-08-03,SPY Component Report CMI,SPY Component Report
2023-08-03,SPY Component Report COIN,SPY Component Report
2023-08-03,SPY Component Report COP,SPY Component Report
2023-08-03,SPY Component Report CPT,SPY Component Report
2023-08-03,SPY Component Report CTVA,SPY Component Report
2023-08-03,SPY Component Report DVA,SPY Component Report
2023-08-03,SPY Component Report ED,SPY Component Report
2023-08-03,SPY Component Report EOG,SPY Component Report
2023-08-03,SPY Component Report EPAM,SPY Component Report
2023-08-03,SPY Component Report EXPE,SPY Component Report
2023-08-03,SPY Component Report EXR,SPY Component Report
2023-08-03,SPY Component Report FTNT,SPY Component Report
2023-08-03,SPY Component Report GDDY,SPY Component Report
2023-08-03,SPY Component Report GEN,SPY Component Report
2023-08-03,SPY Component Report GILD,SPY Component Report
2023-08-03,SPY Component Report HAS,SPY Component Report
2023-08-03,SPY Component Report HII,SPY Component Report
2023-08-03,SPY Component Report ICE,SPY Component Report
2023-08-03,SPY Component Report IRM,SPY Component Report
2023-08-03,SPY Component Report K,SPY Component Report
2023-08-03,SPY Component Report LNT,SPY Component Report
2023-08-03,SPY Component Report MCHP,SPY Component Report
2023-08-03,SPY Component Report MNST,SPY Component Report
2023-08-03,SPY Component Report MRNA,SPY Component Report
2023-08-03,SPY Component Report MSI,SPY Component Report
2023-08-03,SPY Component Report PH,SPY Component Report
2023-08-03,SPY Component Report PNW,SPY Component Report
2023-08-03,SPY Component Report PWR,SPY Component Report
2023-08-03,SPY Component Report REG,SPY Component Report
2023-08-03,SPY Component Report REGN,SPY Component Report
2023-08-03,SPY Component Report RMD,SPY Component Report
2023-08-03,SPY Component Report SO,SPY Component Report
2023-08-03,SPY Component Report SRE,SPY Component Report
2023-08-03,SPY Component Report SYK,SPY Component Report
2023-08-03,SPY Component Report TRGP,SPY Component Report
2023-08-03,SPY Component Report TRMB,SPY Component Report
2023-08-03,SPY Component Report VMC,SPY Component Report
2023-08-03,SPY Component Report VTR,SPY Component Report
2023-08-03,SPY Component Report WBD,SPY Component Report
2023-08-04,NFP Release,NFP Release
2023-08-04,SPY Component Report CBOE,SPY Component Report
2023-08-04,SPY Component Report D,SPY Component Report
2023-08-04,SPY Component Report EVRG,SPY Component Report
2023-08-04,SPY Component Report LYB,SPY Component Report
2023-08-04,SPY Component Report PPL,SPY Component Report
2023-08-05,SPY Component Report BRK-B,SPY Component Report
2023-08-07,SPY Component Report CTRA,SPY Component Report
2023-08-07,SPY Component Report HSIC,SPY Component Report
2023-08-07,SPY Component Report IFF,SPY Component Report
2023-08-07,SPY Component Report KKR,SPY Component Report
2023-08-07,SPY Component Report OKE,SPY Component Report
2023-08-07,SPY Component Report PARA,SPY Component Report
2023-08-07,SPY Component Report PLTR,SPY Component Report
2023-08-07,SPY Component Report SWKS,SPY Component Report
2023-08-07,SPY Component Report TSN,SPY Component Report
2023-08-07,SPY Component Report VTRS,SPY Component Report
2023-08-08,SPY Component Report AKAM,SPY Component Report
2023-08-08,SPY Component Report AXON,SPY Component Report
2023-08-08,SPY Component Report BR,SPY Component Report
2023-08-08,SPY Component Report CPAY,SPY Component Report
2023-08-08,SPY Component Report DUK,SPY Component Report
2023-08-08,SPY Component Report EXPD,SPY Component Report
2023-08-08,SPY Component Report FOX,SPY Component Report
2023-08-08,SPY Component Report FOXA,SPY Component Report
2023-08-08,SPY Component Report J,SPY Component Report
2023-08-08,SPY Component Report LLY,SPY Component Report
2023-08-08,SPY Component Report NRG,SPY Component Report
2023-08-08,SPY Component Report PODD,SPY Component Report
2023-08-08,SPY Component Report SMCI,SPY Component Report
2023-08-08,SPY Component Report TDG,SPY Component Report
2023-08-08,SPY Component Report TECH,SPY Component Report
2023-08-08,SPY Component Report TTWO,SPY Component Report
2023-08-08,SPY Component Report UPS,SPY Component Report
2023-08-08,SPY Component Report ZTS,SPY Component Report
2023-08-09,SPY Component Report CRL,SPY Component Report
2023-08-09,SPY Component Report DIS,SPY Component Report
2023-08-09,SPY Component Report VST,SPY Component Report
2023-08-09,SPY Component Report WYNN,SPY Component Report
2023-08-10,CPI Release,CPI Release
2023-08-10,SPY Component Report NWS,SPY Component Report
2023-08-10,SPY Component Report NWSA,SPY Component Report
2023-08-10,SPY Component Report RL,SPY Component Report
2023-08-15,SPY Component Report A,SPY Component Report
2023-08-15,SPY Component Report CAH,SPY Component Report
2023-08-15,SPY Component Report HD,SPY Component Report
2023-08-15,SPY Component Report JKHY,SPY Component Report
2023-08-16,SPY Component Report AMCR,SPY Component Report
2023-08-16,SPY Component Report CSCO,SPY Component Report
2023-08-16,SPY Component Report SNPS,SPY Component Report
2023-08-16,SPY Component Report TGT,SPY Component Report
2023-08-16,SPY Component Report TJX,SPY Component Report
2023-08-17,SPY Component Report AMAT,SPY Component Report
2023-08-17,SPY Component Report KEYS,SPY Component Report
2023-08-17,SPY Component Report ROST,SPY Component Report
2023-08-17,SPY Component Report TPR,SPY Component Report
2023-08-17,SPY Component Report WMT,SPY Component Report
2023-08-18,SPY Component Report DE,SPY Component Report
2023-08-18,SPY Component Report EL,SPY Component Report
2023-08-18,SPY Component Report PANW,SPY Component Report
2023-08-21,SPY Component Report NDSN,SPY Component Report
2023-08-22,SPY Component Report LOW,SPY Component Report
2023-08-22,SPY Component Report MDT,SPY Component Report
2023-08-23,SPY Component Report ADI,SPY Component Report
2023-08-23,SPY Component Report ADSK,SPY Component Report
2023-08-23,SPY Component Report INTU,SPY Component Report
2023-08-23,SPY Component Report NTAP,SPY Component Report
2023-08-23,SPY Component Report NVDA,SPY Component Report
2023-08-23,SPY Component Report WSM,SPY Component Report
2023-08-23,US Presidential Election First GOP primary debate,US Presidential Election
2023-08-24,SPY Component Report DLTR,SPY Component Report
2023-08-24,SPY Component Report ULTA,SPY Component Report
2023-08-24,SPY Component Report WDAY,SPY Component Report
2023-08-24,US Market Summit Jackson Hole,US Market Summit Jackson Hole
2023-08-29,SPY Component Report BBY,SPY Component Report
2023-08-29,SPY Component Report HPE,SPY Component Report
2023-08-29,SPY Component Report HPQ,SPY Component Report
2023-08-29,SPY Component Report SJM,SPY Component Report
2023-08-30,SPY Component Report BF-B,SPY Component Report
2023-08-30,SPY Component Report COO,SPY Component Report
2023-08-30,SPY Component Report CRM,SPY Component Report
2023-08-30,SPY Component Report CRWD,SPY Component Report
2023-08-31,PCE Release for July 2023,PCE Release
2023-08-31,SPY Component Report AVGO,SPY Component Report
2023-08-31,SPY Component Report CPB,SPY Component Report
2023-08-31,SPY Component Report DELL,SPY Component Report
2023-08-31,SPY Component Report DG,SPY Component Report
2023-08-31,SPY Component Report HRL,SPY Component Report
2023-08-31,SPY Component Report LULU,SPY Component Report
2023-09-01,NFP Release,NFP Release
2023-09-04,US Holiday Labor Day,US Holiday
2023-09-08,SPY Component Report KR,SPY Component Report
2023-09-09,US Market Summit G20 Summit,US Market Summit G20
2023-09-11,SPY Component Report ORCL,SPY Component Report
2023-09-13,CPI Release,CPI Release
2023-09-13,SPY Component Report LEN,SPY Component Report
2023-09-14,SPY Component Report ADBE,SPY Component Report
2023-09-14,SPY Component Report CPRT,SPY Component Report
2023-09-15,SPY OpEx Quarterly,SPY OpEx Quarterly
2023-09-19,SPY Component Report AZO,SPY Component Report
2023-09-20,SPY Component Report FDX,SPY Component Report
2023-09-20,SPY Component Report GIS,SPY Component Report
2023-09-20,US Market Summit FOMC w/ SEP,US Market Summit FOMC
2023-09-21,SPY Component Report DRI,SPY Component Report
2023-09-21,SPY Component Report FDS,SPY Component Report
2023-09-26,SPY Component Report COST,SPY Component Report
2023-09-26,SPY Component Report CTAS,SPY Component Report
2023-09-27,SPY Component Report MU,SPY Component Report
2023-09-27,SPY Component Report PAYX,SPY Component Report
2023-09-28,SPY Component Report ACN,SPY Component Report
2023-09-28,SPY Component Report JBL,SPY Component Report
2023-09-28,SPY Component Report KMX,SPY Component Report
2023-09-28,SPY Component Report NKE,SPY Component Report
2023-09-29,Chinese Holiday Mid-Autumn Festival,Chinese Holiday
2023-09-29,PCE Release for August 2023,PCE Release
2023-09-29,SPY Component Report CCL,SPY Component Report
2023-10-01,Chinese Holiday National Day,Chinese Holiday
2023-10-02,Chinese Holiday National Day,Chinese Holiday
2023-10-03,Chinese Holiday National Day,Chinese Holiday
2023-10-03,SPY Component Report MKC,SPY Component Report
2023-10-04,Chinese Holiday National Day,Chinese Holiday
2023-10-05,Chinese Holiday Rest Day,Chinese Holiday
2023-10-05,SPY Component Report CAG,SPY Component Report
2023-10-05,SPY Component Report LW,SPY Component Report
2023-10-05,SPY Component Report STZ,SPY Component Report
2023-10-06,Chinese Holiday Rest Day,Chinese Holiday
2023-10-06,NFP Release,NFP Release
2023-10-09,US Holiday Columbus Day,US Holiday
2023-10-10,SPY Component Report PEP,SPY Component Report
2023-10-12,CPI Release,CPI Release
2023-10-12,SPY Component Report C,SPY Component Report
2023-10-12,SPY Component Report DAL,SPY Component Report
2023-10-12,SPY Component Report DPZ,SPY Component Report
2023-10-12,SPY Component Report FAST,SPY Component Report
2023-10-12,SPY Component Report WBA,SPY Component Report
2023-10-13,SPY Component Report BLK,SPY Component Report
2023-10-13,SPY Component Report JPM,SPY Component Report
2023-10-13,SPY Component Report PNC,SPY Component Report
2023-10-13,SPY Component Report UNH,SPY Component Report
2023-10-13,SPY Component Report WFC,SPY Component Report
2023-10-16,SPY Component Report SCHW,SPY Component Report
2023-10-17,SPY Component Report BAC,SPY Component Report
2023-10-17,SPY Component Report BK,SPY Component Report
2023-10-17,SPY Component Report GS,SPY Component Report
2023-10-17,SPY Component Report JBHT,SPY Component Report
2023-10-17,SPY Component Report JNJ,SPY Component Report
2023-10-17,SPY Component Report LMT,SPY Component Report
2023-10-17,SPY Component Report OMC,SPY Component Report
2023-10-17,SPY Component Report PLD,SPY Component Report
2023-10-17,SPY Component Report UAL,SPY Component Report
2023-10-18,SPY Component Report ABT,SPY Component Report
2023-10-18,SPY Component Report CCI,SPY Component Report
2023-10-18,SPY Component Report CFG,SPY Component Report
2023-10-18,SPY Component Report EFX,SPY Component Report
2023-10-18,SPY Component Report ELV,SPY Component Report
2023-10-18,SPY Component Report KMI,SPY Component Report
2023-10-18,SPY Component Report LRCX,SPY Component Report
2023-10-18,SPY Component Report LVS,SPY Component Report
2023-10-18,SPY Component Report MS,SPY Component Report
2023-10-18,SPY Component Report MTB,SPY Component Report
2023-10-18,SPY Component Report NDAQ,SPY Component Report
2023-10-18,SPY Component Report NFLX,SPY Component Report
2023-10-18,SPY Component Report NTRS,SPY Component Report
2023-10-18,SPY Component Report PG,SPY Component Report
2023-10-18,SPY Component Report PPG,SPY Component Report
2023-10-18,SPY Component Report STLD,SPY Component Report
2023-10-18,SPY Component Report STT,SPY Component Report
2023-10-18,SPY Component Report TRV,SPY Component Report
2023-10-18,SPY Component Report TSLA,SPY Component Report
2023-10-18,SPY Component Report USB,SPY Component Report
2023-10-19,SPY Component Report BX,SPY Component Report
2023-10-19,SPY Component Report CSX,SPY Component Report
2023-10-19,SPY Component Report FCX,SPY Component Report
2023-10-19,SPY Component Report FITB,SPY Component Report
2023-10-19,SPY Component Report GPC,SPY Component Report
2023-10-19,SPY Component Report ISRG,SPY Component Report
2023-10-19,SPY Component Report KEY,SPY Component Report
2023-10-19,SPY Component Report MMC,SPY Component Report
2023-10-19,SPY Component Report PM,SPY Component Report
2023-10-19,SPY Component Report POOL,SPY Component Report
2023-10-19,SPY Component Report SNA,SPY Component Report
2023-10-19,SPY Component Report T,SPY Component Report
2023-10-19,SPY Component Report TFC,SPY Component Report
2023-10-19,SPY Component Report UNP,SPY Component Report
2023-10-20,SPY Component Report AXP,SPY Component Report
2023-10-20,SPY Component Report HBAN,SPY Component Report
2023-10-20,SPY Component Report IPG,SPY Component Report
2023-10-20,SPY Component Report RF,SPY Component Report
2023-10-20,SPY Component Report SLB,SPY Component Report
2023-10-23,SPY Component Report ARE,SPY Component Report
2023-10-23,SPY Component Report BRO,SPY Component Report
2023-10-23,SPY Component Report CDNS,SPY Component Report
2023-10-23,SPY Component Report NUE,SPY Component Report
2023-10-23,SPY Component Report PKG,SPY Component Report
2023-10-23,SPY Component Report WRB,SPY Component Report
2023-10-24,SPY Component Report ADM,SPY Component Report
2023-10-24,SPY Component Report CB,SPY Component Report
2023-10-24,SPY Component Report CNC,SPY Component Report
2023-10-24,SPY Component Report CSGP,SPY Component Report
2023-10-24,SPY Component Report DGX,SPY Component Report
2023-10-24,SPY Component Report DHR,SPY Component Report
2023-10-24,SPY Component Report DOV,SPY Component Report
2023-10-24,SPY Component Report DOW,SPY Component Report
2023-10-24,SPY Component Report FFIV,SPY Component Report
2023-10-24,SPY Component Report FI,SPY Component Report
2023-10-24,SPY Component Report GE,SPY Component Report
2023-10-24,SPY Component Report GLW,SPY Component Report
2023-10-24,SPY Component Report GM,SPY Component Report
2023-10-24,SPY Component Report GOOG,SPY Component Report
2023-10-24,SPY Component Report GOOGL,SPY Component Report
2023-10-24,SPY Component Report HAL,SPY Component Report
2023-10-24,SPY Component Report HCA,SPY Component Report
2023-10-24,SPY Component Report ITW,SPY Component Report
2023-10-24,SPY Component Report IVZ,SPY Component Report
2023-10-24,SPY Component Report KMB,SPY Component Report
2023-10-24,SPY Component Report KO,SPY Component Report
2023-10-24,SPY Component Report MMM,SPY Component Report
2023-10-24,SPY Component Report MSFT,SPY Component Report
2023-10-24,SPY Component Report NEE,SPY Component Report
2023-10-24,SPY Component Report NVR,SPY Component Report
2023-10-24,SPY Component Report PCAR,SPY Component Report
2023-10-24,SPY Component Report PHM,SPY Component Report
2023-10-24,SPY Component Report PNR,SPY Component Report
2023-10-24,SPY Component Report RTX,SPY Component Report
2023-10-24,SPY Component Report SHW,SPY Component Report
2023-10-24,SPY Component Report SYF,SPY Component Report
2023-10-24,SPY Component Report TXN,SPY Component Report
2023-10-24,SPY Component Report V,SPY Component Report
2023-10-24,SPY Component Report VZ,SPY Component Report
2023-10-24,SPY Component Report WM,SPY Component Report
2023-10-25,SPY Component Report ADP,SPY Component Report
2023-10-25,SPY Component Report ALGN,SPY Component Report
2023-10-25,SPY Component Report AMP,SPY Component Report
2023-10-25,SPY Component Report APH,SPY Component Report
2023-10-25,SPY Component Report AVB,SPY Component Report
2023-10-25,SPY Component Report AVY,SPY Component Report
2023-10-25,SPY Component Report BA,SPY Component Report
2023-10-25,SPY Component Report BKR,SPY Component Report
2023-10-25,SPY Component Report CME,SPY Component Report
2023-10-25,SPY Component Report EG,SPY Component Report
2023-10-25,SPY Component Report EQIX,SPY Component Report
2023-10-25,SPY Component Report EQT,SPY Component Report
2023-10-25,SPY Component Report EW,SPY Component Report
2023-10-25,SPY Component Report FTV,SPY Component Report
2023-10-25,SPY Component Report GD,SPY Component Report
2023-10-25,SPY Component Report GL,SPY Component Report
2023-10-25,SPY Component Report HES,SPY Component Report
2023-10-25,SPY Component Report HLT,SPY Component Report
2023-10-25,SPY Component Report IBM,SPY Component Report
2023-10-25,SPY Component Report IEX,SPY Component Report
2023-10-25,SPY Component Report INVH,SPY Component Report
2023-10-25,SPY Component Report KLAC,SPY Component Report
2023-10-25,SPY Component Report MAA,SPY Component Report
2023-10-25,SPY Component Report MCO,SPY Component Report
2023-10-25,SPY Component Report META,SPY Component Report
2023-10-25,SPY Component Report MKTX,SPY Component Report
2023-10-25,SPY Component Report MOH,SPY Component Report
2023-10-25,SPY Component Report NOW,SPY Component Report
2023-10-25,SPY Component Report NSC,SPY Component Report
2023-10-25,SPY Component Report ODFL,SPY Component Report
2023-10-25,SPY Component Report ORLY,SPY Component Report
2023-10-25,SPY Component Report OTIS,SPY Component Report
2023-10-25,SPY Component Report RJF,SPY Component Report
2023-10-25,SPY Component Report ROL,SPY Component Report
2023-10-25,SPY Component Report ROP,SPY Component Report
2023-10-25,SPY Component Report TDY,SPY Component Report
2023-10-25,SPY Component Report TMO,SPY Component Report
2023-10-25,SPY Component Report TMUS,SPY Component Report
2023-10-25,SPY Component Report UHS,SPY Component Report
2023-10-25,SPY Component Report URI,SPY Component Report
2023-10-25,SPY Component Report VICI,SPY Component Report
2023-10-25,SPY Component Report VLTO,SPY Component Report
2023-10-25,SPY Component Report WAB,SPY Component Report
2023-10-25,US Market Summit FOMC Statement,US Market Summit FOMC
2023-10-26,SPY Component Report AJG,SPY Component Report
2023-10-26,SPY Component Report AMT,SPY Component Report
2023-10-26,SPY Component Report AMZN,SPY Component Report
2023-10-26,SPY Component Report AOS,SPY Component Report
2023-10-26,SPY Component Report BG,SPY Component Report
2023-10-26,SPY Component Report BMY,SPY Component Report
2023-10-26,SPY Component Report BSX,SPY Component Report
2023-10-26,SPY Component Report CARR,SPY Component Report
2023-10-26,SPY Component Report CINF,SPY Component Report
2023-10-26,SPY Component Report CMCSA,SPY Component Report
2023-10-26,SPY Component Report CMG,SPY Component Report
2023-10-26,SPY Component Report CMS,SPY Component Report
2023-10-26,SPY Component Report CNP,SPY Component Report
2023-10-26,SPY Component Report COF,SPY Component Report
2023-10-26,SPY Component Report CPT,SPY Component Report
2023-10-26,SPY Component Report DECK,SPY Component Report
2023-10-26,SPY Component Report DLR,SPY Component Report
2023-10-26,SPY Component Report DXCM,SPY Component Report
2023-10-26,SPY Component Report EMN,SPY Component Report
2023-10-26,SPY Component Report ENPH,SPY Component Report
2023-10-26,SPY Component Report ERIE,SPY Component Report
2023-10-26,SPY Component Report ESS,SPY Component Report
2023-10-26,SPY Component Report F,SPY Component Report
2023-10-26,SPY Component Report FE,SPY Component Report
2023-10-26,SPY Component Report GWW,SPY Component Report
2023-10-26,SPY Component Report HAS,SPY Component Report
2023-10-26,SPY Component Report HIG,SPY Component Report
2023-10-26,SPY Component Report HON,SPY Component Report
2023-10-26,SPY Component Report HSY,SPY Component Report
2023-10-26,SPY Component Report INTC,SPY Component Report
2023-10-26,SPY Component Report IP,SPY Component Report
2023-10-26,SPY Component Report JNPR,SPY Component Report
2023-10-26,SPY Component Report KDP,SPY Component Report
2023-10-26,SPY Component Report KIM,SPY Component Report
2023-10-26,SPY Component Report KVUE,SPY Component Report
2023-10-26,SPY Component Report LH,SPY Component Report
2023-10-26,SPY Component Report LHX,SPY Component Report
2023-10-26,SPY Component Report LII,SPY Component Report
2023-10-26,SPY Component Report LIN,SPY Component Report
2023-10-26,SPY Component Report LKQ,SPY Component Report
2023-10-26,SPY Component Report LUV,SPY Component Report
2023-10-26,SPY Component Report MA,SPY Component Report
2023-10-26,SPY Component Report MAS,SPY Component Report
2023-10-26,SPY Component Report MHK,SPY Component Report
2023-10-26,SPY Component Report MO,SPY Component Report
2023-10-26,SPY Component Report MRK,SPY Component Report
2023-10-26,SPY Component Report NEM,SPY Component Report
2023-10-26,SPY Component Report NOC,SPY Component Report
2023-10-26,SPY Component Report PCG,SPY Component Report
2023-10-26,SPY Component Report PFG,SPY Component Report
2023-10-26,SPY Component Report RCL,SPY Component Report
2023-10-26,SPY Component Report RMD,SPY Component Report
2023-10-26,SPY Component Report RSG,SPY Component Report
2023-10-26,SPY Component Report STX,SPY Component Report
2023-10-26,SPY Component Report TER,SPY Component Report
2023-10-26,SPY Component Report TSCO,SPY Component Report
2023-10-26,SPY Component Report TXT,SPY Component Report
2023-10-26,SPY Component Report UDR,SPY Component Report
2023-10-26,SPY Component Report UPS,SPY Component Report
2023-10-26,SPY Component Report VLO,SPY Component Report
2023-10-26,SPY Component Report VMC,SPY Component Report
2023-10-26,SPY Component Report VRSN,SPY Component Report
2023-10-26,SPY Component Report WST,SPY Component Report
2023-10-26,SPY Component Report WTW,SPY Component Report
2023-10-26,SPY Component Report WY,SPY Component Report
2023-10-27,PCE Release for September 2023,PCE Release
2023-10-27,SPY Component Report ABBV,SPY Component Report
2023-10-27,SPY Component Report AON,SPY Component Report
2023-10-27,SPY Component Report CBRE,SPY Component Report
2023-10-27,SPY Component Report CHTR,SPY Component Report
2023-10-27,SPY Component Report CL,SPY Component Report
2023-10-27,SPY Component Report CTVA,SPY Component Report
2023-10-27,SPY Component Report CVX,SPY Component Report
2023-10-27,SPY Component Report LYB,SPY Component Report
2023-10-27,SPY Component Report PSX,SPY Component Report
2023-10-27,SPY Component Report SWK,SPY Component Report
2023-10-27,SPY Component Report TROW,SPY Component Report
2023-10-27,SPY Component Report XEL,SPY Component Report
2023-10-27,SPY Component Report XOM,SPY Component Report
2023-10-30,SPY Component Report ACGL,SPY Component Report
2023-10-30,SPY Component Report ANET,SPY Component Report
2023-10-30,SPY Component Report DOC,SPY Component Report
2023-10-30,SPY Component Report MCD,SPY Component Report
2023-10-30,SPY Component Report MPWR,SPY Component Report
2023-10-30,SPY Component Report ON,SPY Component Report
2023-10-30,SPY Component Report PSA,SPY Component Report
2023-10-30,SPY Component Report RVTY,SPY Component Report
2023-10-30,SPY Component Report SPG,SPY Component Report
2023-10-30,SPY Component Report WDC,SPY Component Report
2023-10-30,SPY Component Report WELL,SPY Component Report
2023-10-31,SPY Component Report AIZ,SPY Component Report
2023-10-31,SPY Component Report ALLE,SPY Component Report
2023-10-31,SPY Component Report AMCR,SPY Component Report
2023-10-31,SPY Component Report AMD,SPY Component Report
2023-10-31,SPY Component Report AME,SPY Component Report
2023-10-31,SPY Component Report AMGN,SPY Component Report
2023-10-31,SPY Component Report BEN,SPY Component Report
2023-10-31,SPY Component Report CAT,SPY Component Report
2023-10-31,SPY Component Report CZR,SPY Component Report
2023-10-31,SPY Component Report ECL,SPY Component Report
2023-10-31,SPY Component Report EQR,SPY Component Report
2023-10-31,SPY Component Report ETN,SPY Component Report
2023-10-31,SPY Component Report EXE,SPY Component Report
2023-10-31,SPY Component Report FSLR,SPY Component Report
2023-10-31,SPY Component Report GEHC,SPY Component Report
2023-10-31,SPY Component Report GPN,SPY Component Report
2023-10-31,SPY Component Report HUBB,SPY Component Report
2023-10-31,SPY Component Report INCY,SPY Component Report
2023-10-31,SPY Component Report LDOS,SPY Component Report
2023-10-31,SPY Component Report MPC,SPY Component Report
2023-10-31,SPY Component Report MSCI,SPY Component Report
2023-10-31,SPY Component Report MTCH,SPY Component Report
2023-10-31,SPY Component Report OKE,SPY Component Report
2023-10-31,SPY Component Report PAYC,SPY Component Report
2023-10-31,SPY Component Report PEG,SPY Component Report
2023-10-31,SPY Component Report PFE,SPY Component Report
2023-10-31,SPY Component Report PGR,SPY Component Report
2023-10-31,SPY Component Report SYY,SPY Component Report
2023-10-31,SPY Component Report TECH,SPY Component Report
2023-10-31,SPY Component Report WEC,SPY Component Report
2023-10-31,SPY Component Report XYL,SPY Component Report
2023-10-31,SPY Component Report ZBRA,SPY Component Report
2023-11-01,SPY Component Report ABNB,SPY Component Report
2023-11-01,SPY Component Report AFL,SPY Component Report
2023-11-01,SPY Component Report AIG,SPY Component Report
2023-11-01,SPY Component Report ALB,SPY Component Report
2023-11-01,SPY Component Report ALL,SPY Component Report
2023-11-01,SPY Component Report ANSS,SPY Component Report
2023-11-01,SPY Component Report APA,SPY Component Report
2023-11-01,SPY Component Report APO,SPY Component Report
2023-11-01,SPY Component Report AWK,SPY Component Report
2023-11-01,SPY Component Report BLDR,SPY Component Report
2023-11-01,SPY Component Report BXP,SPY Component Report
2023-11-01,SPY Component Report CDW,SPY Component Report
2023-11-01,SPY Component Report CF,SPY Component Report
2023-11-01,SPY Component Report CHRW,SPY Component Report
2023-11-01,SPY Component Report CLX,SPY Component Report
2023-11-01,SPY Component Report CTSH,SPY Component Report
2023-11-01,SPY Component Report CVS,SPY Component Report
2023-11-01,SPY Component Report DASH,SPY Component Report
2023-11-01,SPY Component Report DAY,SPY Component Report
2023-11-01,SPY Component Report DD,SPY Component Report
2023-11-01,SPY Component Report DTE,SPY Component Report
2023-11-01,SPY Component Report EA,SPY Component Report
2023-11-01,SPY Component Report EIX,SPY Component Report
2023-11-01,SPY Component Report EL,SPY Component Report
2023-11-01,SPY Component Report ETR,SPY Component Report
2023-11-01,SPY Component Report GNRC,SPY Component Report
2023-11-01,SPY Component Report GRMN,SPY Component Report
2023-11-01,SPY Component Report HST,SPY Component Report
2023-11-01,SPY Component Report HUM,SPY Component Report
2023-11-01,SPY Component Report IDXX,SPY Component Report
2023-11-01,SPY Component Report IQV,SPY Component Report
2023-11-01,SPY Component Report IR,SPY Component Report
2023-11-01,SPY Component Report KHC,SPY Component Report
2023-11-01,SPY Component Report MCK,SPY Component Report
2023-11-01,SPY Component Report MDLZ,SPY Component Report
2023-11-01,SPY Component Report MET,SPY Component Report
2023-11-01,SPY Component Report MLM,SPY Component Report
2023-11-01,SPY Component Report NCLH,SPY Component Report
2023-11-01,SPY Component Report NI,SPY Component Report
2023-11-01,SPY Component Report PRU,SPY Component Report
2023-11-01,SPY Component Report PTC,SPY Component Report
2023-11-01,SPY Component Report PYPL,SPY Component Report
2023-11-01,SPY Component Report QCOM,SPY Component Report
2023-11-01,SPY Component Report SMCI,SPY Component Report
2023-11-01,SPY Component Report TEL,SPY Component Report
2023-11-01,SPY Component Report TPL,SPY Component Report
2023-11-01,SPY Component Report TRMB,SPY Component Report
2023-11-01,SPY Component Report TT,SPY Component Report
2023-11-01,SPY Component Report TYL,SPY Component Report
2023-11-01,SPY Component Report VRSK,SPY Component Report
2023-11-01,SPY Component Report WMB,SPY Component Report
2023-11-01,SPY Component Report YUM,SPY Component Report
2023-11-02,SPY Component Report AAPL,SPY Component Report
2023-11-02,SPY Component Report AEP,SPY Component Report
2023-11-02,SPY Component Report AES,SPY Component Report
2023-11-02,SPY Component Report APTV,SPY Component Report
2023-11-02,SPY Component Report BALL,SPY Component Report
2023-11-02,SPY Component Report BAX,SPY Component Report
2023-11-02,SPY Component Report BKNG,SPY Component Report
2023-11-02,SPY Component Report BR,SPY Component Report
2023-11-02,SPY Component Report CI,SPY Component Report
2023-11-02,SPY Component Report CMI,SPY Component Report
2023-11-02,SPY Component Report COIN,SPY Component Report
2023-11-02,SPY Component Report COP,SPY Component Report
2023-11-02,SPY Component Report COR,SPY Component Report
2023-11-02,SPY Component Report DUK,SPY Component Report
2023-11-02,SPY Component Report ED,SPY Component Report
2023-11-02,SPY Component Report EOG,SPY Component Report
2023-11-02,SPY Component Report EPAM,SPY Component Report
2023-11-02,SPY Component Report EXC,SPY Component Report
2023-11-02,SPY Component Report EXPE,SPY Component Report
2023-11-02,SPY Component Report FOX,SPY Component Report
2023-11-02,SPY Component Report FOXA,SPY Component Report
2023-11-02,SPY Component Report FRT,SPY Component Report
2023-11-02,SPY Component Report FTNT,SPY Component Report
2023-11-02,SPY Component Report GDDY,SPY Component Report
2023-11-02,SPY Component Report HII,SPY Component Report
2023-11-02,SPY Component Report HWM,SPY Component Report
2023-11-02,SPY Component Report ICE,SPY Component Report
2023-11-02,SPY Component Report IRM,SPY Component Report
2023-11-02,SPY Component Report LLY,SPY Component Report
2023-11-02,SPY Component Report LNT,SPY Component Report
2023-11-02,SPY Component Report LYV,SPY Component Report
2023-11-02,SPY Component Report MAR,SPY Component Report
2023-11-02,SPY Component Report MCHP,SPY Component Report
2023-11-02,SPY Component Report MNST,SPY Component Report
2023-11-02,SPY Component Report MRNA,SPY Component Report
2023-11-02,SPY Component Report MSI,SPY Component Report
2023-11-02,SPY Component Report NRG,SPY Component Report
2023-11-02,SPY Component Report PARA,SPY Component Report
2023-11-02,SPY Component Report PH,SPY Component Report
2023-11-02,SPY Component Report PLTR,SPY Component Report
2023-11-02,SPY Component Report PNW,SPY Component Report
2023-11-02,SPY Component Report PODD,SPY Component Report
2023-11-02,SPY Component Report PPL,SPY Component Report
2023-11-02,SPY Component Report PWR,SPY Component Report
2023-11-02,SPY Component Report REG,SPY Component Report
2023-11-02,SPY Component Report REGN,SPY Component Report
2023-11-02,SPY Component Report ROK,SPY Component Report
2023-11-02,SPY Component Report SBAC,SPY Component Report
2023-11-02,SPY Component Report SBUX,SPY Component Report
2023-11-02,SPY Component Report SO,SPY Component Report
2023-11-02,SPY Component Report SPGI,SPY Component Report
2023-11-02,SPY Component Report SWKS,SPY Component Report
2023-11-02,SPY Component Report SYK,SPY Component Report
2023-11-02,SPY Component Report TAP,SPY Component Report
2023-11-02,SPY Component Report TRGP,SPY Component Report
2023-11-02,SPY Component Report VTR,SPY Component Report
2023-11-02,SPY Component Report ZTS,SPY Component Report
2023-11-03,NFP Release,NFP Release
2023-11-03,SPY Component Report CAH,SPY Component Report
2023-11-03,SPY Component Report CBOE,SPY Component Report
2023-11-03,SPY Component Report CHD,SPY Component Report
2023-11-03,SPY Component Report D,SPY Component Report
2023-11-03,SPY Component Report IT,SPY Component Report
2023-11-03,SPY Component Report SRE,SPY Component Report
2023-11-04,SPY Component Report BRK-B,SPY Component Report
2023-11-06,SPY Component Report CEG,SPY Component Report
2023-11-06,SPY Component Report CTRA,SPY Component Report
2023-11-06,SPY Component Report ES,SPY Component Report
2023-11-06,SPY Component Report FANG,SPY Component Report
2023-11-06,SPY Component Report IFF,SPY Component Report
2023-11-06,SPY Component Report NXPI,SPY Component Report
2023-11-06,SPY Component Report O,SPY Component Report
2023-11-06,SPY Component Report VRTX,SPY Component Report
2023-11-07,SPY Component Report AKAM,SPY Component Report
2023-11-07,SPY Component Report APD,SPY Component Report
2023-11-07,SPY Component Report AXON,SPY Component Report
2023-11-07,SPY Component Report DHI,SPY Component Report
2023-11-07,SPY Component Report DVA,SPY Component Report
2023-11-07,SPY Component Report DVN,SPY Component Report
2023-11-07,SPY Component Report EBAY,SPY Component Report
2023-11-07,SPY Component Report EMR,SPY Component Report
2023-11-07,SPY Component Report EVRG,SPY Component Report
2023-11-07,SPY Component Report EXPD,SPY Component Report
2023-11-07,SPY Component Report EXR,SPY Component Report
2023-11-07,SPY Component Report FIS,SPY Component Report
2023-11-07,SPY Component Report GEN,SPY Component Report
2023-11-07,SPY Component Report GILD,SPY Component Report
2023-11-07,SPY Component Report JKHY,SPY Component Report
2023-11-07,SPY Component Report KKR,SPY Component Report
2023-11-07,SPY Component Report MOS,SPY Component Report
2023-11-07,SPY Component Report OXY,SPY Component Report
2023-11-07,SPY Component Report STE,SPY Component Report
2023-11-07,SPY Component Report TKO,SPY Component Report
2023-11-07,SPY Component Report UBER,SPY Component Report
2023-11-07,SPY Component Report VST,SPY Component Report
2023-11-07,SPY Component Report VTRS,SPY Component Report
2023-11-07,SPY Component Report WAT,SPY Component Report
2023-11-07,SPY Component Report ZBH,SPY Component Report
2023-11-08,SPY Component Report AEE,SPY Component Report
2023-11-08,SPY Component Report ATO,SPY Component Report
2023-11-08,SPY Component Report BIIB,SPY Component Report
2023-11-08,SPY Component Report CPAY,SPY Component Report
2023-11-08,SPY Component Report CRL,SPY Component Report
2023-11-08,SPY Component Report DIS,SPY Component Report
2023-11-08,SPY Component Report FICO,SPY Component Report
2023-11-08,SPY Component Report K,SPY Component Report
2023-11-08,SPY Component Report MGM,SPY Component Report
2023-11-08,SPY Component Report RL,SPY Component Report
2023-11-08,SPY Component Report TTWO,SPY Component Report
2023-11-08,SPY Component Report WBD,SPY Component Report
2023-11-09,SPY Component Report BDX,SPY Component Report
2023-11-09,SPY Component Report HOLX,SPY Component Report
2023-11-09,SPY Component Report MTD,SPY Component Report
2023-11-09,SPY Component Report NWS,SPY Component Report
2023-11-09,SPY Component Report NWSA,SPY Component Report
2023-11-09,SPY Component Report TDG,SPY Component Report
2023-11-09,SPY Component Report TPR,SPY Component Report
2023-11-09,SPY Component Report WYNN,SPY Component Report
2023-11-10,US Holiday Veterans Day (observed),US Holiday
2023-11-11,US Holiday Veterans Day,US Holiday
2023-11-13,SPY Component Report HSIC,SPY Component Report
2023-11-13,SPY Component Report TSN,SPY Component Report
2023-11-14,CPI Release,CPI Release
2023-11-14,SPY Component Report HD,SPY Component Report
2023-11-15,SPY Component Report CSCO,SPY Component Report
2023-11-15,SPY Component Report PANW,SPY Component Report
2023-11-15,SPY Component Report TGT,SPY Component Report
2023-11-15,SPY Component Report TJX,SPY Component Report
2023-11-16,SPY Component Report AMAT,SPY Component Report
2023-11-16,SPY Component Report CPRT,SPY Component Report
2023-11-16,SPY Component Report ROST,SPY Component Report
2023-11-16,SPY Component Report WMT,SPY Component Report
2023-11-16,SPY Component Report WSM,SPY Component Report
2023-11-20,SPY Component Report A,SPY Component Report
2023-11-20,SPY Component Report KEYS,SPY Component Report
2023-11-21,SPY Component Report ADI,SPY Component Report
2023-11-21,SPY Component Report ADSK,SPY Component Report
2023-11-21,SPY Component Report BBY,SPY Component Report
2023-11-21,SPY Component Report HPQ,SPY Component Report
2023-11-21,SPY Component Report J,SPY Component Report
2023-11-21,SPY Component Report LOW,SPY Component Report
2023-11-21,SPY Component Report MDT,SPY Component Report
2023-11-21,SPY Component Report NVDA,SPY Component Report
2023-11-22,SPY Component Report DE,SPY Component Report
2023-11-23,US Holiday Thanksgiving Day,US Holiday
2023-11-28,SPY Component Report CRWD,SPY Component Report
2023-11-28,SPY Component Report HPE,SPY Component Report
2023-11-28,SPY Component Report INTU,SPY Component Report
2023-11-28,SPY Component Report NTAP,SPY Component Report
2023-11-28,SPY Component Report WDAY,SPY Component Report
2023-11-29,SPY Component Report CRM,SPY Component Report
2023-11-29,SPY Component Report DLTR,SPY Component Report
2023-11-29,SPY Component Report HRL,SPY Component Report
2023-11-29,SPY Component Report SNPS,SPY Component Report
2023-11-30,PCE Release for October 2023,PCE Release
2023-11-30,SPY Component Report DELL,SPY Component Report
2023-11-30,SPY Component Report KR,SPY Component Report
2023-11-30,SPY Component Report ULTA,SPY Component Report
2023-12-05,SPY Component Report AZO,SPY Component Report
2023-12-05,SPY Component Report SJM,SPY Component Report
2023-12-06,SPY Component Report BF-B,SPY Component Report
2023-12-06,SPY Component Report CPB,SPY Component Report
2023-12-07,SPY Component Report AVGO,SPY Component Report
2023-12-07,SPY Component Report COO,SPY Component Report
2023-12-07,SPY Component Report DG,SPY Component Report
2023-12-07,SPY Component Report LULU,SPY Component Report
2023-12-08,NFP Release,NFP Release
2023-12-11,SPY Component Report ORCL,SPY Component Report
2023-12-12,CPI Release,CPI Release
2023-12-12,SPY Component Report JCI,SPY Component Report
2023-12-13,SPY Component Report ADBE,SPY Component Report
2023-12-13,SPY Component Report NDSN,SPY Component Report
2023-12-13,US Market Summit FOMC w/ SEP,US Market Summit FOMC
2023-12-14,SPY Component Report COST,SPY Component Report
2023-12-14,SPY Component Report JBL,SPY Component Report
2023-12-14,SPY Component Report LEN,SPY Component Report
2023-12-15,SPY Component Report DRI,SPY Component Report
2023-12-15,SPY OpEx Quarterly,SPY OpEx Quarterly
2023-12-19,SPY Component Report ACN,SPY Component Report
2023-12-19,SPY Component Report FDS,SPY Component Report
2023-12-19,SPY Component Report FDX,SPY Component Report
2023-12-20,SPY Component Report GIS,SPY Component Report
2023-12-20,SPY Component Report MU,SPY Component Report
2023-12-21,SPY Component Report CCL,SPY Component Report
2023-12-21,SPY Component Report CTAS,SPY Component Report
2023-12-21,SPY Component Report KMX,SPY Component Report
2023-12-21,SPY Component Report NKE,SPY Component Report
2023-12-21,SPY Component Report PAYX,SPY Component Report
2023-12-22,PCE Release for November 2023,PCE Release
2023-12-25,US Holiday Christmas Day,US Holiday
2024-01-01,Chinese Holiday New Year's Day,Chinese Holiday
2024-01-01,US Holiday New Year's Day,US Holiday
2024-01-04,SPY Component Report CAG,SPY Component Report
2024-01-04,SPY Component Report LW,SPY Component Report
2024-01-04,SPY Component Report WBA,SPY Component Report
2024-01-05,NFP Release,NFP Release
2024-01-05,SPY Component Report STZ,SPY Component Report
2024-01-10,NFP Release,NFP Release
2024-01-11,CPI Release,CPI Release
2024-01-12,SPY Component Report BAC,SPY Component Report
2024-01-12,SPY Component Report BK,SPY Component Report
2024-01-12,SPY Component Report BLK,SPY Component Report
2024-01-12,SPY Component Report C,SPY Component Report
2024-01-12,SPY Component Report DAL,SPY Component Report
2024-01-12,SPY Component Report JPM,SPY Component Report
2024-01-12,SPY Component Report UNH,SPY Component Report
2024-01-12,SPY Component Report WFC,SPY Component Report
2024-01-15,US Holiday Martin Luther King Jr. Day,US Holiday
2024-01-16,SPY Component Report GS,SPY Component Report
2024-01-16,SPY Component Report MS,SPY Component Report
2024-01-16,SPY Component Report PNC,SPY Component Report
2024-01-17,SPY Component Report CFG,SPY Component Report
2024-01-17,SPY Component Report KMI,SPY Component Report
2024-01-17,SPY Component Report PLD,SPY Component Report
2024-01-17,SPY Component Report SCHW,SPY Component Report
2024-01-17,SPY Component Report USB,SPY Component Report
2024-01-18,SPY Component Report FAST,SPY Component Report
2024-01-18,SPY Component Report JBHT,SPY Component Report
2024-01-18,SPY Component Report KEY,SPY Component Report
2024-01-18,SPY Component Report MTB,SPY Component Report
2024-01-18,SPY Component Report NTRS,SPY Component Report
2024-01-18,SPY Component Report PPG,SPY Component Report
2024-01-18,SPY Component Report TFC,SPY Component Report
2024-01-19,SPY Component Report FITB,SPY Component Report
2024-01-19,SPY Component Report HBAN,SPY Component Report
2024-01-19,SPY Component Report RF,SPY Component Report
2024-01-19,SPY Component Report SLB,SPY Component Report
2024-01-19,SPY Component Report STT,SPY Component Report
2024-01-19,SPY Component Report TRV,SPY Component Report
2024-01-22,SPY Component Report BRO,SPY Component Report
2024-01-22,SPY Component Report UAL,SPY Component Report
2024-01-23,SPY Component Report BKR,SPY Component Report
2024-01-23,SPY Component Report DHI,SPY Component Report
2024-01-23,SPY Component Report GE,SPY Component Report
2024-01-23,SPY Component Report HAL,SPY Component Report
2024-01-23,SPY Component Report ISRG,SPY Component Report
2024-01-23,SPY Component Report IVZ,SPY Component Report
2024-01-23,SPY Component Report JNJ,SPY Component Report
2024-01-23,SPY Component Report LMT,SPY Component Report
2024-01-23,SPY Component Report MMM,SPY Component Report
2024-01-23,SPY Component Report NFLX,SPY Component Report
2024-01-23,SPY Component Report PCAR,SPY Component Report
2024-01-23,SPY Component Report PG,SPY Component Report
2024-01-23,SPY Component Report RTX,SPY Component Report
2024-01-23,SPY Component Report STLD,SPY Component Report
2024-01-23,SPY Component Report SYF,SPY Component Report
2024-01-23,SPY Component Report TXN,SPY Component Report
2024-01-23,SPY Component Report VZ,SPY Component Report
2024-01-24,SPY Component Report ABT,SPY Component Report
2024-01-24,SPY Component Report AMP,SPY Component Report
2024-01-24,SPY Component Report APH,SPY Component Report
2024-01-24,SPY Component Report CCI,SPY Component Report
2024-01-24,SPY Component Report CSX,SPY Component Report
2024-01-24,SPY Component Report ELV,SPY Component Report
2024-01-24,SPY Component Report FCX,SPY Component Report
2024-01-24,SPY Component Report GD,SPY Component Report
2024-01-24,SPY Component Report IBM,SPY Component Report
2024-01-24,SPY Component Report KMB,SPY Component Report
2024-01-24,SPY Component Report LRCX,SPY Component Report
2024-01-24,SPY Component Report LVS,SPY Component Report
2024-01-24,SPY Component Report NOW,SPY Component Report
2024-01-24,SPY Component Report PGR,SPY Component Report
2024-01-24,SPY Component Report PKG,SPY Component Report
2024-01-24,SPY Component Report RJF,SPY Component Report
2024-01-24,SPY Component Report RMD,SPY Component Report
2024-01-24,SPY Component Report STX,SPY Component Report
2024-01-24,SPY Component Report T,SPY Component Report
2024-01-24,SPY Component Report TDY,SPY Component Report
2024-01-24,SPY Component Report TEL,SPY Component Report
2024-01-24,SPY Component Report TSLA,SPY Component Report
2024-01-24,SPY Component Report TXT,SPY Component Report
2024-01-24,SPY Component Report URI,SPY Component Report
2024-01-24,SPY Component Report WRB,SPY Component Report
2024-01-25,SPY Component Report AJG,SPY Component Report
2024-01-25,SPY Component Report BX,SPY Component Report
2024-01-25,SPY Component Report CMCSA,SPY Component Report
2024-01-25,SPY Component Report COF,SPY Component Report
2024-01-25,SPY Component Report DOW,SPY Component Report
2024-01-25,SPY Component Report FICO,SPY Component Report
2024-01-25,SPY Component Report HUM,SPY Component Report
2024-01-25,SPY Component Report INTC,SPY Component Report
2024-01-25,SPY Component Report KLAC,SPY Component Report
2024-01-25,SPY Component Report LHX,SPY Component Report
2024-01-25,SPY Component Report LUV,SPY Component Report
2024-01-25,SPY Component Report MKC,SPY Component Report
2024-01-25,SPY Component Report MMC,SPY Component Report
2024-01-25,SPY Component Report NEE,SPY Component Report
2024-01-25,SPY Component Report NOC,SPY Component Report
2024-01-25,SPY Component Report SHW,SPY Component Report
2024-01-25,SPY Component Report TMUS,SPY Component Report
2024-01-25,SPY Component Report UNP,SPY Component Report
2024-01-25,SPY Component Report V,SPY Component Report
2024-01-25,SPY Component Report VLO,SPY Component Report
2024-01-25,SPY Component Report WDC,SPY Component Report
2024-01-25,SPY Component Report WY,SPY Component Report
2024-01-25,SPY Component Report XEL,SPY Component Report
2024-01-26,PCE Release for December 2023,PCE Release
2024-01-26,SPY Component Report AXP,SPY Component Report
2024-01-26,SPY Component Report CL,SPY Component Report
2024-01-26,SPY Component Report NSC,SPY Component Report
2024-01-29,SPY Component Report ARE,SPY Component Report
2024-01-29,SPY Component Report BEN,SPY Component Report
2024-01-29,SPY Component Report FFIV,SPY Component Report
2024-01-29,SPY Component Report NUE,SPY Component Report
2024-01-29,SPY Component Report SMCI,SPY Component Report
2024-01-30,SPY Component Report AMD,SPY Component Report
2024-01-30,SPY Component Report AOS,SPY Component Report
2024-01-30,SPY Component Report BXP,SPY Component Report
2024-01-30,SPY Component Report CB,SPY Component Report
2024-01-30,SPY Component Report DHR,SPY Component Report
2024-01-30,SPY Component Report EA,SPY Component Report
2024-01-30,SPY Component Report EQR,SPY Component Report
2024-01-30,SPY Component Report GLW,SPY Component Report
2024-01-30,SPY Component Report GM,SPY Component Report
2024-01-30,SPY Component Report GOOG,SPY Component Report
2024-01-30,SPY Component Report GOOGL,SPY Component Report
2024-01-30,SPY Component Report HCA,SPY Component Report
2024-01-30,SPY Component Report HUBB,SPY Component Report
2024-01-30,SPY Component Report JCI,SPY Component Report
2024-01-30,SPY Component Report JNPR,SPY Component Report
2024-01-30,SPY Component Report MDLZ,SPY Component Report
2024-01-30,SPY Component Report MPC,SPY Component Report
2024-01-30,SPY Component Report MSCI,SPY Component Report
2024-01-30,SPY Component Report MSFT,SPY Component Report
2024-01-30,SPY Component Report MTCH,SPY Component Report
2024-01-30,SPY Component Report NVR,SPY Component Report
2024-01-30,SPY Component Report PFE,SPY Component Report
2024-01-30,SPY Component Report PHM,SPY Component Report
2024-01-30,SPY Component Report PNR,SPY Component Report
2024-01-30,SPY Component Report SBUX,SPY Component Report
2024-01-30,SPY Component Report SWKS,SPY Component Report
2024-01-30,SPY Component Report SYK,SPY Component Report
2024-01-30,SPY Component Report SYY,SPY Component Report
2024-01-30,SPY Component Report TER,SPY Component Report
2024-01-30,SPY Component Report UPS,SPY Component Report
2024-01-31,SPY Component Report ADP,SPY Component Report
2024-01-31,SPY Component Report AFL,SPY Component Report
2024-01-31,SPY Component Report ALGN,SPY Component Report
2024-01-31,SPY Component Report APTV,SPY Component Report
2024-01-31,SPY Component Report AVY,SPY Component Report
2024-01-31,SPY Component Report BA,SPY Component Report
2024-01-31,SPY Component Report BSX,SPY Component Report
2024-01-31,SPY Component Report CHRW,SPY Component Report
2024-01-31,SPY Component Report COR,SPY Component Report
2024-01-31,SPY Component Report CTVA,SPY Component Report
2024-01-31,SPY Component Report FTV,SPY Component Report
2024-01-31,SPY Component Report HES,SPY Component Report
2024-01-31,SPY Component Report LII,SPY Component Report
2024-01-31,SPY Component Report MA,SPY Component Report
2024-01-31,SPY Component Report MET,SPY Component Report
2024-01-31,SPY Component Report MKTX,SPY Component Report
2024-01-31,SPY Component Report NDAQ,SPY Component Report
2024-01-31,SPY Component Report ODFL,SPY Component Report
2024-01-31,SPY Component Report OTIS,SPY Component Report
2024-01-31,SPY Component Report PSX,SPY Component Report
2024-01-31,SPY Component Report PTC,SPY Component Report
2024-01-31,SPY Component Report QCOM,SPY Component Report
2024-01-31,SPY Component Report ROK,SPY Component Report
2024-01-31,SPY Component Report ROP,SPY Component Report
2024-01-31,SPY Component Report TMO,SPY Component Report
2024-01-31,US Market Summit FOMC Statement,US Market Summit FOMC
2024-02-01,SPY Component Report AAPL,SPY Component Report
2024-02-01,SPY Component Report AMZN,SPY Component Report
2024-02-01,SPY Component Report AVB,SPY Component Report
2024-02-01,SPY Component Report BALL,SPY Component Report
2024-02-01,SPY Component Report BDX,SPY Component Report
2024-02-01,SPY Component Report BR,SPY Component Report
2024-02-01,SPY Component Report CAH,SPY Component Report
2024-02-01,SPY Component Report CLX,SPY Component Report
2024-02-01,SPY Component Report CMS,SPY Component Report
2024-02-01,SPY Component Report CPT,SPY Component Report
2024-02-01,SPY Component Report DECK,SPY Component Report
2024-02-01,SPY Component Report DGX,SPY Component Report
2024-02-01,SPY Component Report DOV,SPY Component Report
2024-02-01,SPY Component Report EMN,SPY Component Report
2024-02-01,SPY Component Report ETN,SPY Component Report
2024-02-01,SPY Component Report GEN,SPY Component Report
2024-02-01,SPY Component Report HIG,SPY Component Report
2024-02-01,SPY Component Report HII,SPY Component Report
2024-02-01,SPY Component Report HOLX,SPY Component Report
2024-02-01,SPY Component Report HON,SPY Component Report
2024-02-01,SPY Component Report IP,SPY Component Report
2024-02-01,SPY Component Report ITW,SPY Component Report
2024-02-01,SPY Component Report MCHP,SPY Component Report
2024-02-01,SPY Component Report META,SPY Component Report
2024-02-01,SPY Component Report MO,SPY Component Report
2024-02-01,SPY Component Report MRK,SPY Component Report
2024-02-01,SPY Component Report PH,SPY Component Report
2024-02-01,SPY Component Report RCL,SPY Component Report
2024-02-01,SPY Component Report RVTY,SPY Component Report
2024-02-01,SPY Component Report SWK,SPY Component Report
2024-02-01,SPY Component Report TECH,SPY Component Report
2024-02-01,SPY Component Report TSCO,SPY Component Report
2024-02-01,SPY Component Report TT,SPY Component Report
2024-02-01,SPY Component Report WEC,SPY Component Report
2024-02-02,NFP Release,NFP Release
2024-02-02,SPY Component Report ABBV,SPY Component Report
2024-02-02,SPY Component Report AON,SPY Component Report
2024-02-02,SPY Component Report BMY,SPY Component Report
2024-02-02,SPY Component Report CBOE,SPY Component Report
2024-02-02,SPY Component Report CHD,SPY Component Report
2024-02-02,SPY Component Report CHTR,SPY Component Report
2024-02-02,SPY Component Report CI,SPY Component Report
2024-02-02,SPY Component Report CVX,SPY Component Report
2024-02-02,SPY Component Report GWW,SPY Component Report
2024-02-02,SPY Component Report LYB,SPY Component Report
2024-02-02,SPY Component Report REGN,SPY Component Report
2024-02-02,SPY Component Report XOM,SPY Component Report
2024-02-05,SPY Component Report APD,SPY Component Report
2024-02-05,SPY Component Report CAT,SPY Component Report
2024-02-05,SPY Component Report EL,SPY Component Report
2024-02-05,SPY Component Report IDXX,SPY Component Report
2024-02-05,SPY Component Report MCD,SPY Component Report
2024-02-05,SPY Component Report NXPI,SPY Component Report
2024-02-05,SPY Component Report ON,SPY Component Report
2024-02-05,SPY Component Report PLTR,SPY Component Report
2024-02-05,SPY Component Report SPG,SPY Component Report
2024-02-05,SPY Component Report TSN,SPY Component Report
2024-02-05,SPY Component Report VRTX,SPY Component Report
2024-02-06,SPY Component Report AIZ,SPY Component Report
2024-02-06,SPY Component Report AMCR,SPY Component Report
2024-02-06,SPY Component Report AME,SPY Component Report
2024-02-06,SPY Component Report AMGN,SPY Component Report
2024-02-06,SPY Component Report ATO,SPY Component Report
2024-02-06,SPY Component Report CARR,SPY Component Report
2024-02-06,SPY Component Report CINF,SPY Component Report
2024-02-06,SPY Component Report CMG,SPY Component Report
2024-02-06,SPY Component Report CMI,SPY Component Report
2024-02-06,SPY Component Report CNC,SPY Component Report
2024-02-06,SPY Component Report CTSH,SPY Component Report
2024-02-06,SPY Component Report DD,SPY Component Report
2024-02-06,SPY Component Report ENPH,SPY Component Report
2024-02-06,SPY Component Report ESS,SPY Component Report
2024-02-06,SPY Component Report EW,SPY Component Report
2024-02-06,SPY Component Report F,SPY Component Report
2024-02-06,SPY Component Report FI,SPY Component Report
2024-02-06,SPY Component Report FTNT,SPY Component Report
2024-02-06,SPY Component Report GEHC,SPY Component Report
2024-02-06,SPY Component Report GILD,SPY Component Report
2024-02-06,SPY Component Report IT,SPY Component Report
2024-02-06,SPY Component Report J,SPY Component Report
2024-02-06,SPY Component Report JKHY,SPY Component Report
2024-02-06,SPY Component Report KKR,SPY Component Report
2024-02-06,SPY Component Report LIN,SPY Component Report
2024-02-06,SPY Component Report LLY,SPY Component Report
2024-02-06,SPY Component Report OMC,SPY Component Report
2024-02-06,SPY Component Report PRU,SPY Component Report
2024-02-06,SPY Component Report UDR,SPY Component Report
2024-02-06,SPY Component Report VLTO,SPY Component Report
2024-02-06,SPY Component Report WAT,SPY Component Report
2024-02-06,SPY Component Report WTW,SPY Component Report
2024-02-06,SPY Component Report XYL,SPY Component Report
2024-02-07,SPY Component Report ALL,SPY Component Report
2024-02-07,SPY Component Report BG,SPY Component Report
2024-02-07,SPY Component Report CDW,SPY Component Report
2024-02-07,SPY Component Report CPAY,SPY Component Report
2024-02-07,SPY Component Report CVS,SPY Component Report
2024-02-07,SPY Component Report DAY,SPY Component Report
2024-02-07,SPY Component Report DIS,SPY Component Report
2024-02-07,SPY Component Report EFX,SPY Component Report
2024-02-07,SPY Component Report EG,SPY Component Report
2024-02-07,SPY Component Report EMR,SPY Component Report
2024-02-07,SPY Component Report FOX,SPY Component Report
2024-02-07,SPY Component Report FOXA,SPY Component Report
2024-02-07,SPY Component Report GL,SPY Component Report
2024-02-07,SPY Component Report HLT,SPY Component Report
2024-02-07,SPY Component Report IEX,SPY Component Report
2024-02-07,SPY Component Report MAA,SPY Component Report
2024-02-07,SPY Component Report MCK,SPY Component Report
2024-02-07,SPY Component Report MOH,SPY Component Report
2024-02-07,SPY Component Report MPWR,SPY Component Report
2024-02-07,SPY Component Report NWS,SPY Component Report
2024-02-07,SPY Component Report NWSA,SPY Component Report
2024-02-07,SPY Component Report ORLY,SPY Component Report
2024-02-07,SPY Component Report PAYC,SPY Component Report
2024-02-07,SPY Component Report PYPL,SPY Component Report
2024-02-07,SPY Component Report STE,SPY Component Report
2024-02-07,SPY Component Report UBER,SPY Component Report
2024-02-07,SPY Component Report WYNN,SPY Component Report
2024-02-07,SPY Component Report YUM,SPY Component Report
2024-02-08,SPY Component Report APO,SPY Component Report
2024-02-08,SPY Component Report BAX,SPY Component Report
2024-02-08,SPY Component Report COP,SPY Component Report
2024-02-08,SPY Component Report DOC,SPY Component Report
2024-02-08,SPY Component Report DTE,SPY Component Report
2024-02-08,SPY Component Report DUK,SPY Component Report
2024-02-08,SPY Component Report DXCM,SPY Component Report
2024-02-08,SPY Component Report EXPE,SPY Component Report
2024-02-08,SPY Component Report FE,SPY Component Report
2024-02-08,SPY Component Report HSY,SPY Component Report
2024-02-08,SPY Component Report ICE,SPY Component Report
2024-02-08,SPY Component Report IPG,SPY Component Report
2024-02-08,SPY Component Report K,SPY Component Report
2024-02-08,SPY Component Report KIM,SPY Component Report
2024-02-08,SPY Component Report KVUE,SPY Component Report
2024-02-08,SPY Component Report MAS,SPY Component Report
2024-02-08,SPY Component Report MHK,SPY Component Report
2024-02-08,SPY Component Report MSI,SPY Component Report
2024-02-08,SPY Component Report MTD,SPY Component Report
2024-02-08,SPY Component Report PM,SPY Component Report
2024-02-08,SPY Component Report REG,SPY Component Report
2024-02-08,SPY Component Report RL,SPY Component Report
2024-02-08,SPY Component Report SNA,SPY Component Report
2024-02-08,SPY Component Report SPGI,SPY Component Report
2024-02-08,SPY Component Report TDG,SPY Component Report
2024-02-08,SPY Component Report TPR,SPY Component Report
2024-02-08,SPY Component Report TROW,SPY Component Report
2024-02-08,SPY Component Report TTWO,SPY Component Report
2024-02-08,SPY Component Report VRSN,SPY Component Report
2024-02-08,SPY Component Report ZBH,SPY Component Report
2024-02-09,CPI Release,CPI Release
2024-02-09,SPY Component Report PEP,SPY Component Report
2024-02-10,Chinese Holiday Spring Festival,Chinese Holiday
2024-02-11,Chinese Holiday Spring Festival,Chinese Holiday
2024-02-12,Chinese Holiday Spring Festival,Chinese Holiday
2024-02-12,SPY Component Report ANET,SPY Component Report
2024-02-12,SPY Component Report CDNS,SPY Component Report
2024-02-12,SPY Component Report FRT,SPY Component Report
2024-02-12,SPY Component Report PFG,SPY Component Report
2024-02-12,SPY Component Report TRMB,SPY Component Report
2024-02-12,SPY Component Report WM,SPY Component Report
2024-02-13,Chinese Holiday Spring Festival,Chinese Holiday
2024-02-13,CPI Release,CPI Release
2024-02-13,SPY Component Report ABNB,SPY Component Report
2024-02-13,SPY Component Report AIG,SPY Component Report
2024-02-13,SPY Component Report AKAM,SPY Component Report
2024-02-13,SPY Component Report BIIB,SPY Component Report
2024-02-13,SPY Component Report DVA,SPY Component Report
2024-02-13,SPY Component Report ECL,SPY Component Report
2024-02-13,SPY Component Report EQT,SPY Component Report
2024-02-13,SPY Component Report ES,SPY Component Report
2024-02-13,SPY Component Report GDDY,SPY Component Report
2024-02-13,SPY Component Report HAS,SPY Component Report
2024-02-13,SPY Component Report HWM,SPY Component Report
2024-02-13,SPY Component Report INCY,SPY Component Report
2024-02-13,SPY Component Report INVH,SPY Component Report
2024-02-13,SPY Component Report KO,SPY Component Report
2024-02-13,SPY Component Report LDOS,SPY Component Report
2024-02-13,SPY Component Report MAR,SPY Component Report
2024-02-13,SPY Component Report MCO,SPY Component Report
2024-02-13,SPY Component Report MGM,SPY Component Report
2024-02-13,SPY Component Report TAP,SPY Component Report
2024-02-13,SPY Component Report WELL,SPY Component Report
2024-02-13,SPY Component Report ZTS,SPY Component Report
2024-02-14,Chinese Holiday Spring Festival,Chinese Holiday
2024-02-14,SPY Component Report ACGL,SPY Component Report
2024-02-14,SPY Component Report ALB,SPY Component Report
2024-02-14,SPY Component Report AWK,SPY Component Report
2024-02-14,SPY Component Report CF,SPY Component Report
2024-02-14,SPY Component Report CME,SPY Component Report
2024-02-14,SPY Component Report CRL,SPY Component Report
2024-02-14,SPY Component Report CSCO,SPY Component Report
2024-02-14,SPY Component Report EQIX,SPY Component Report
2024-02-14,SPY Component Report GNRC,SPY Component Report
2024-02-14,SPY Component Report GPN,SPY Component Report
2024-02-14,SPY Component Report IQV,SPY Component Report
2024-02-14,SPY Component Report KHC,SPY Component Report
2024-02-14,SPY Component Report MLM,SPY Component Report
2024-02-14,SPY Component Report OXY,SPY Component Report
2024-02-14,SPY Component Report ROL,SPY Component Report
2024-02-14,SPY Component Report TYL,SPY Component Report
2024-02-14,SPY Component Report VTR,SPY Component Report
2024-02-14,SPY Component Report WAB,SPY Component Report
2024-02-14,SPY Component Report WMB,SPY Component Report
2024-02-15,Chinese Holiday Rest Day,Chinese Holiday
2024-02-15,SPY Component Report AMAT,SPY Component Report
2024-02-15,SPY Component Report CBRE,SPY Component Report
2024-02-15,SPY Component Report COIN,SPY Component Report
2024-02-15,SPY Component Report DASH,SPY Component Report
2024-02-15,SPY Component Report DE,SPY Component Report
2024-02-15,SPY Component Report DLR,SPY Component Report
2024-02-15,SPY Component Report ED,SPY Component Report
2024-02-15,SPY Component Report EPAM,SPY Component Report
2024-02-15,SPY Component Report GPC,SPY Component Report
2024-02-15,SPY Component Report IR,SPY Component Report
2024-02-15,SPY Component Report LH,SPY Component Report
2024-02-15,SPY Component Report LNT,SPY Component Report
2024-02-15,SPY Component Report SO,SPY Component Report
2024-02-15,SPY Component Report TRGP,SPY Component Report
2024-02-15,SPY Component Report WST,SPY Component Report
2024-02-15,SPY Component Report ZBRA,SPY Component Report
2024-02-16,Chinese Holiday Rest Day,Chinese Holiday
2024-02-16,SPY Component Report PPL,SPY Component Report
2024-02-16,SPY Component Report VMC,SPY Component Report
2024-02-19,US Holiday Washington's Birthday,US Holiday
2024-02-20,SPY Component Report ALLE,SPY Component Report
2024-02-20,SPY Component Report CNP,SPY Component Report
2024-02-20,SPY Component Report CSGP,SPY Component Report
2024-02-20,SPY Component Report CZR,SPY Component Report
2024-02-20,SPY Component Report EXE,SPY Component Report
2024-02-20,SPY Component Report EXPD,SPY Component Report
2024-02-20,SPY Component Report FANG,SPY Component Report
2024-02-20,SPY Component Report HD,SPY Component Report
2024-02-20,SPY Component Report IFF,SPY Component Report
2024-02-20,SPY Component Report KEYS,SPY Component Report
2024-02-20,SPY Component Report MDT,SPY Component Report
2024-02-20,SPY Component Report O,SPY Component Report
2024-02-20,SPY Component Report PANW,SPY Component Report
2024-02-20,SPY Component Report PSA,SPY Component Report
2024-02-20,SPY Component Report WMT,SPY Component Report
2024-02-21,SPY Component Report ADI,SPY Component Report
2024-02-21,SPY Component Report ANSS,SPY Component Report
2024-02-21,SPY Component Report APA,SPY Component Report
2024-02-21,SPY Component Report EXC,SPY Component Report
2024-02-21,SPY Component Report GRMN,SPY Component Report
2024-02-21,SPY Component Report HST,SPY Component Report
2024-02-21,SPY Component Report MOS,SPY Component Report
2024-02-21,SPY Component Report NDSN,SPY Component Report
2024-02-21,SPY Component Report NI,SPY Component Report
2024-02-21,SPY Component Report NVDA,SPY Component Report
2024-02-21,SPY Component Report SNPS,SPY Component Report
2024-02-21,SPY Component Report TPL,SPY Component Report
2024-02-21,SPY Component Report VRSK,SPY Component Report
2024-02-22,SPY Component Report AEE,SPY Component Report
2024-02-22,SPY Component Report BKNG,SPY Component Report
2024-02-22,SPY Component Report BLDR,SPY Component Report
2024-02-22,SPY Component Report CPRT,SPY Component Report
2024-02-22,SPY Component Report CTRA,SPY Component Report
2024-02-22,SPY Component Report D,SPY Component Report
2024-02-22,SPY Component Report EIX,SPY Component Report
2024-02-22,SPY Component Report EOG,SPY Component Report
2024-02-22,SPY Component Report ETR,SPY Component Report
2024-02-22,SPY Component Report INTU,SPY Component Report
2024-02-22,SPY Component Report IRM,SPY Component Report
2024-02-22,SPY Component Report KDP,SPY Component Report
2024-02-22,SPY Component Report LKQ,SPY Component Report
2024-02-22,SPY Component Report LYV,SPY Component Report
2024-02-22,SPY Component Report MRNA,SPY Component Report
2024-02-22,SPY Component Report NEM,SPY Component Report
2024-02-22,SPY Component Report PCG,SPY Component Report
2024-02-22,SPY Component Report PODD,SPY Component Report
2024-02-22,SPY Component Report POOL,SPY Component Report
2024-02-22,SPY Component Report PWR,SPY Component Report
2024-02-22,SPY Component Report VICI,SPY Component Report
2024-02-23,SPY Component Report WBD,SPY Component Report
2024-02-24,SPY Component Report BRK-B,SPY Component Report
2024-02-26,SPY Component Report AEP,SPY Component Report
2024-02-26,SPY Component Report AES,SPY Component Report
2024-02-26,SPY Component Report DPZ,SPY Component Report
2024-02-26,SPY Component Report ERIE,SPY Component Report
2024-02-26,SPY Component Report FIS,SPY Component Report
2024-02-26,SPY Component Report OKE,SPY Component Report
2024-02-26,SPY Component Report PEG,SPY Component Report
2024-02-26,SPY Component Report SBAC,SPY Component Report
2024-02-26,SPY Component Report WDAY,SPY Component Report
2024-02-27,SPY Component Report A,SPY Component Report
2024-02-27,SPY Component Report AMT,SPY Component Report
2024-02-27,SPY Component Report AXON,SPY Component Report
2024-02-27,SPY Component Report AZO,SPY Component Report
2024-02-27,SPY Component Report CEG,SPY Component Report
2024-02-27,SPY Component Report DVN,SPY Component Report
2024-02-27,SPY Component Report EBAY,SPY Component Report
2024-02-27,SPY Component Report EXR,SPY Component Report
2024-02-27,SPY Component Report FSLR,SPY Component Report
2024-02-27,SPY Component Report HSIC,SPY Component Report
2024-02-27,SPY Component Report LOW,SPY Component Report
2024-02-27,SPY Component Report NCLH,SPY Component Report
2024-02-27,SPY Component Report PNW,SPY Component Report
2024-02-27,SPY Component Report RSG,SPY Component Report
2024-02-27,SPY Component Report SJM,SPY Component Report
2024-02-27,SPY Component Report SRE,SPY Component Report
2024-02-27,SPY Component Report TKO,SPY Component Report
2024-02-27,SPY Component Report UHS,SPY Component Report
2024-02-28,SPY Component Report CRM,SPY Component Report
2024-02-28,SPY Component Report HPQ,SPY Component Report
2024-02-28,SPY Component Report MNST,SPY Component Report
2024-02-28,SPY Component Report NRG,SPY Component Report
2024-02-28,SPY Component Report PARA,SPY Component Report
2024-02-28,SPY Component Report TJX,SPY Component Report
2024-02-28,SPY Component Report VTRS,SPY Component Report
2024-02-29,PCE Release for January 2024,PCE Release
2024-02-29,SPY Component Report ADSK,SPY Component Report
2024-02-29,SPY Component Report BBY,SPY Component Report
2024-02-29,SPY Component Report COO,SPY Component Report
2024-02-29,SPY Component Report DELL,SPY Component Report
2024-02-29,SPY Component Report EVRG,SPY Component Report
2024-02-29,SPY Component Report HPE,SPY Component Report
2024-02-29,SPY Component Report HRL,SPY Component Report
2024-02-29,SPY Component Report NTAP,SPY Component Report
2024-02-29,SPY Component Report VST,SPY Component Report
2024-03-05,SPY Component Report CRWD,SPY Component Report
2024-03-05,SPY Component Report ROST,SPY Component Report
2024-03-05,SPY Component Report TGT,SPY Component Report
2024-03-05,US Presidential Election Super Tuesday primaries,US Presidential Election
2024-03-06,SPY Component Report BF-B,SPY Component Report
2024-03-06,SPY Component Report CPB,SPY Component Report
2024-03-07,SPY Component Report AVGO,SPY Component Report
2024-03-07,SPY Component Report COST,SPY Component Report
2024-03-07,SPY Component Report KR,SPY Component Report
2024-03-08,NFP Release,NFP Release
2024-03-11,SPY Component Report ORCL,SPY Component Report
2024-03-12,CPI Release,CPI Release
2024-03-12,SPY Component Report ADM,SPY Component Report
2024-03-13,SPY Component Report DLTR,SPY Component Report
2024-03-13,SPY Component Report LEN,SPY Component Report
2024-03-13,SPY Component Report WSM,SPY Component Report
2024-03-14,SPY Component Report ADBE,SPY Component Report
2024-03-14,SPY Component Report DG,SPY Component Report
2024-03-14,SPY Component Report ULTA,SPY Component Report
2024-03-15,SPY Component Report JBL,SPY Component Report
2024-03-15,SPY OpEx Quarterly,SPY OpEx Quarterly
2024-03-20,SPY Component Report GIS,SPY Component Report
2024-03-20,SPY Component Report MU,SPY Component Report
2024-03-20,US Market Summit FOMC w/ SEP,US Market Summit FOMC
2024-03-21,SPY Component Report ACN,SPY Component Report
2024-03-21,SPY Component Report DRI,SPY Component Report
2024-03-21,SPY Component Report FDS,SPY Component Report
2024-03-21,SPY Component Report FDX,SPY Component Report
2024-03-21,SPY Component Report LULU,SPY Component Report
2024-03-21,SPY Component Report NKE,SPY Component Report
2024-03-26,SPY Component Report MKC,SPY Component Report
2024-03-27,SPY Component Report CCL,SPY Component Report
2024-03-27,SPY Component Report CTAS,SPY Component Report
2024-03-28,SPY Component Report WBA,SPY Component Report
2024-03-29,PCE Release for February 2024,PCE Release
2024-04-02,SPY Component Report PAYX,SPY Component Report
2024-04-04,Chinese Holiday Qingming Festival,Chinese Holiday
2024-04-04,SPY Component Report CAG,SPY Component Report
2024-04-04,SPY Component Report LW,SPY Component Report
2024-04-05,Chinese Holiday Rest Day,Chinese Holiday
2024-04-05,NFP Release,NFP Release
2024-04-10,CPI Release,CPI Release
2024-04-10,SPY Component Report DAL,SPY Component Report
2024-04-11,SPY Component Report FAST,SPY Component Report
2024-04-11,SPY Component Report KMX,SPY Component Report
2024-04-11,SPY Component Report STZ,SPY Component Report
2024-04-12,SPY Component Report BLK,SPY Component Report
2024-04-12,SPY Component Report C,SPY Component Report
2024-04-12,SPY Component Report JPM,SPY Component Report
2024-04-12,SPY Component Report PGR,SPY Component Report
2024-04-12,SPY Component Report STT,SPY Component Report
2024-04-12,SPY Component Report WFC,SPY Component Report
2024-04-15,SPY Component Report GS,SPY Component Report
2024-04-15,SPY Component Report MTB,SPY Component Report
2024-04-15,SPY Component Report SCHW,SPY Component Report
2024-04-16,SPY Component Report BAC,SPY Component Report
2024-04-16,SPY Component Report BK,SPY Component Report
2024-04-16,SPY Component Report JBHT,SPY Component Report
2024-04-16,SPY Component Report JNJ,SPY Component Report
2024-04-16,SPY Component Report MS,SPY Component Report
2024-04-16,SPY Component Report NTRS,SPY Component Report
2024-04-16,SPY Component Report OMC,SPY Component Report
2024-04-16,SPY Component Report PNC,SPY Component Report
2024-04-16,SPY Component Report UAL,SPY Component Report
2024-04-16,SPY Component Report UNH,SPY Component Report
2024-04-17,SPY Component Report ABT,SPY Component Report
2024-04-17,SPY Component Report BX,SPY Component Report
2024-04-17,SPY Component Report CCI,SPY Component Report
2024-04-17,SPY Component Report CFG,SPY Component Report
2024-04-17,SPY Component Report CSX,SPY Component Report
2024-04-17,SPY Component Report EFX,SPY Component Report
2024-04-17,SPY Component Report KMI,SPY Component Report
2024-04-17,SPY Component Report LVS,SPY Component Report
2024-04-17,SPY Component Report PLD,SPY Component Report
2024-04-17,SPY Component Report TRV,SPY Component Report
2024-04-18,SPY Component Report DHI,SPY Component Report
2024-04-18,SPY Component Report ELV,SPY Component Report
2024-04-18,SPY Component Report GPC,SPY Component Report
2024-04-18,SPY Component Report ISRG,SPY Component Report
2024-04-18,SPY Component Report KEY,SPY Component Report
2024-04-18,SPY Component Report MMC,SPY Component Report
2024-04-18,SPY Component Report NFLX,SPY Component Report
2024-04-18,SPY Component Report PPG,SPY Component Report
2024-04-18,SPY Component Report SNA,SPY Component Report
2024-04-19,SPY Component Report AXP,SPY Component Report
2024-04-19,SPY Component Report FITB,SPY Component Report
2024-04-19,SPY Component Report HBAN,SPY Component Report
2024-04-19,SPY Component Report PG,SPY Component Report
2024-04-19,SPY Component Report RF,SPY Component Report
2024-04-19,SPY Component Report SLB,SPY Component Report
2024-04-22,SPY Component Report AMP,SPY Component Report
2024-04-22,SPY Component Report ARE,SPY Component Report
2024-04-22,SPY Component Report BRO,SPY Component Report
2024-04-22,SPY Component Report CDNS,SPY Component Report
2024-04-22,SPY Component Report CSGP,SPY Component Report
2024-04-22,SPY Component Report GL,SPY Component Report
2024-04-22,SPY Component Report NUE,SPY Component Report
2024-04-22,SPY Component Report PKG,SPY Component Report
2024-04-22,SPY Component Report TFC,SPY Component Report
2024-04-22,SPY Component Report VZ,SPY Component Report
2024-04-23,SPY Component Report BKR,SPY Component Report
2024-04-23,SPY Component Report CB,SPY Component Report
2024-04-23,SPY Component Report DGX,SPY Component Report
2024-04-23,SPY Component Report DHR,SPY Component Report
2024-04-23,SPY Component Report ENPH,SPY Component Report
2024-04-23,SPY Component Report EQR,SPY Component Report
2024-04-23,SPY Component Report EQT,SPY Component Report
2024-04-23,SPY Component Report FCX,SPY Component Report
2024-04-23,SPY Component Report FI,SPY Component Report
2024-04-23,SPY Component Report GE,SPY Component Report
2024-04-23,SPY Component Report GM,SPY Component Report
2024-04-23,SPY Component Report HAL,SPY Component Report
2024-04-23,SPY Component Report IEX,SPY Component Report
2024-04-23,SPY Component Report IVZ,SPY Component Report
2024-04-23,SPY Component Report KMB,SPY Component Report
2024-04-23,SPY Component Report LKQ,SPY Component Report
2024-04-23,SPY Component Report LMT,SPY Component Report
2024-04-23,SPY Component Report MSCI,SPY Component Report
2024-04-23,SPY Component Report NEE,SPY Component Report
2024-04-23,SPY Component Report NVR,SPY Component Report
2024-04-23,SPY Component Report PEP,SPY Component Report
2024-04-23,SPY Component Report PHM,SPY Component Report
2024-04-23,SPY Component Report PM,SPY Component Report
2024-04-23,SPY Component Report PNR,SPY Component Report
2024-04-23,SPY Component Report RTX,SPY Component Report
2024-04-23,SPY Component Report SHW,SPY Component Report
2024-04-23,SPY Component Report STLD,SPY Component Report
2024-04-23,SPY Component Report STX,SPY Component Report
2024-04-23,SPY Component Report TSLA,SPY Component Report
2024-04-23,SPY Component Report TXN,SPY Component Report
2024-04-23,SPY Component Report UPS,SPY Component Report
2024-04-23,SPY Component Report V,SPY Component Report
2024-04-23,SPY Component Report VLTO,SPY Component Report
2024-04-23,SPY Component Report WRB,SPY Component Report
2024-04-24,SPY Component Report ALGN,SPY Component Report
2024-04-24,SPY Component Report APH,SPY Component Report
2024-04-24,SPY Component Report AVY,SPY Component Report
2024-04-24,SPY Component Report BA,SPY Component Report
2024-04-24,SPY Component Report BG,SPY Component Report
2024-04-24,SPY Component Report BIIB,SPY Component Report
2024-04-24,SPY Component Report BSX,SPY Component Report
2024-04-24,SPY Component Report CME,SPY Component Report
2024-04-24,SPY Component Report CMG,SPY Component Report
2024-04-24,SPY Component Report ETR,SPY Component Report
2024-04-24,SPY Component Report F,SPY Component Report
2024-04-24,SPY Component Report FTV,SPY Component Report
2024-04-24,SPY Component Report GD,SPY Component Report
2024-04-24,SPY Component Report HAS,SPY Component Report
2024-04-24,SPY Component Report HLT,SPY Component Report
2024-04-24,SPY Component Report HUM,SPY Component Report
2024-04-24,SPY Component Report IBM,SPY Component Report
2024-04-24,SPY Component Report IPG,SPY Component Report
2024-04-24,SPY Component Report LII,SPY Component Report
2024-04-24,SPY Component Report LRCX,SPY Component Report
2024-04-24,SPY Component Report MAS,SPY Component Report
2024-04-24,SPY Component Report META,SPY Component Report
2024-04-24,SPY Component Report MOH,SPY Component Report
2024-04-24,SPY Component Report NOW,SPY Component Report
2024-04-24,SPY Component Report NSC,SPY Component Report
2024-04-24,SPY Component Report ODFL,SPY Component Report
2024-04-24,SPY Component Report ORLY,SPY Component Report
2024-04-24,SPY Component Report OTIS,SPY Component Report
2024-04-24,SPY Component Report PFG,SPY Component Report
2024-04-24,SPY Component Report RJF,SPY Component Report
2024-04-24,SPY Component Report ROL,SPY Component Report
2024-04-24,SPY Component Report SYF,SPY Component Report
2024-04-24,SPY Component Report T,SPY Component Report
2024-04-24,SPY Component Report TDY,SPY Component Report
2024-04-24,SPY Component Report TEL,SPY Component Report
2024-04-24,SPY Component Report TER,SPY Component Report
2024-04-24,SPY Component Report TMO,SPY Component Report
2024-04-24,SPY Component Report TYL,SPY Component Report
2024-04-24,SPY Component Report UHS,SPY Component Report
2024-04-24,SPY Component Report URI,SPY Component Report
2024-04-24,SPY Component Report WAB,SPY Component Report
2024-04-24,SPY Component Report WM,SPY Component Report
2024-04-25,SPY Component Report AJG,SPY Component Report
2024-04-25,SPY Component Report ALLE,SPY Component Report
2024-04-25,SPY Component Report AOS,SPY Component Report
2024-04-25,SPY Component Report BMY,SPY Component Report
2024-04-25,SPY Component Report CARR,SPY Component Report
2024-04-25,SPY Component Report CAT,SPY Component Report
2024-04-25,SPY Component Report CINF,SPY Component Report
2024-04-25,SPY Component Report CMCSA,SPY Component Report
2024-04-25,SPY Component Report CMS,SPY Component Report
2024-04-25,SPY Component Report COF,SPY Component Report
2024-04-25,SPY Component Report DOC,SPY Component Report
2024-04-25,SPY Component Report DOV,SPY Component Report
2024-04-25,SPY Component Report DOW,SPY Component Report
2024-04-25,SPY Component Report DTE,SPY Component Report
2024-04-25,SPY Component Report DXCM,SPY Component Report
2024-04-25,SPY Component Report EMN,SPY Component Report
2024-04-25,SPY Component Report ERIE,SPY Component Report
2024-04-25,SPY Component Report EW,SPY Component Report
2024-04-25,SPY Component Report FE,SPY Component Report
2024-04-25,SPY Component Report FICO,SPY Component Report
2024-04-25,SPY Component Report GEV,SPY Component Report
2024-04-25,SPY Component Report GILD,SPY Component Report
2024-04-25,SPY Component Report GOOG,SPY Component Report
2024-04-25,SPY Component Report GOOGL,SPY Component Report
2024-04-25,SPY Component Report GWW,SPY Component Report
2024-04-25,SPY Component Report HES,SPY Component Report
2024-04-25,SPY Component Report HIG,SPY Component Report
2024-04-25,SPY Component Report HON,SPY Component Report
2024-04-25,SPY Component Report INTC,SPY Component Report
2024-04-25,SPY Component Report IP,SPY Component Report
2024-04-25,SPY Component Report JNPR,SPY Component Report
2024-04-25,SPY Component Report KDP,SPY Component Report
2024-04-25,SPY Component Report KLAC,SPY Component Report
2024-04-25,SPY Component Report LH,SPY Component Report
2024-04-25,SPY Component Report LHX,SPY Component Report
2024-04-25,SPY Component Report LUV,SPY Component Report
2024-04-25,SPY Component Report MHK,SPY Component Report
2024-04-25,SPY Component Report MO,SPY Component Report
2024-04-25,SPY Component Report MRK,SPY Component Report
2024-04-25,SPY Component Report MSFT,SPY Component Report
2024-04-25,SPY Component Report NDAQ,SPY Component Report
2024-04-25,SPY Component Report NEM,SPY Component Report
2024-04-25,SPY Component Report NOC,SPY Component Report
2024-04-25,SPY Component Report PCG,SPY Component Report
2024-04-25,SPY Component Report POOL,SPY Component Report
2024-04-25,SPY Component Report RCL,SPY Component Report
2024-04-25,SPY Component Report RMD,SPY Component Report
2024-04-25,SPY Component Report SPGI,SPY Component Report
2024-04-25,SPY Component Report TSCO,SPY Component Report
2024-04-25,SPY Component Report TXT,SPY Component Report
2024-04-25,SPY Component Report UNP,SPY Component Report
2024-04-25,SPY Component Report VLO,SPY Component Report
2024-04-25,SPY Component Report VRSN,SPY Component Report
2024-04-25,SPY Component Report WDC,SPY Component Report
2024-04-25,SPY Component Report WST,SPY Component Report
2024-04-25,SPY Component Report WTW,SPY Component Report
2024-04-25,SPY Component Report WY,SPY Component Report
2024-04-25,SPY Component Report XEL,SPY Component Report
2024-04-26,PCE Release for March 2024,PCE Release
2024-04-26,SPY Component Report ABBV,SPY Component Report
2024-04-26,SPY Component Report AON,SPY Component Report
2024-04-26,SPY Component Report BALL,SPY Component Report
2024-04-26,SPY Component Report CHTR,SPY Component Report
2024-04-26,SPY Component Report CL,SPY Component Report
2024-04-26,SPY Component Report CNC,SPY Component Report
2024-04-26,SPY Component Report CVX,SPY Component Report
2024-04-26,SPY Component Report HCA,SPY Component Report
2024-04-26,SPY Component Report LYB,SPY Component Report
2024-04-26,SPY Component Report PSX,SPY Component Report
2024-04-26,SPY Component Report ROP,SPY Component Report
2024-04-26,SPY Component Report TMUS,SPY Component Report
2024-04-26,SPY Component Report TROW,SPY Component Report
2024-04-26,SPY Component Report XOM,SPY Component Report
2024-04-29,SPY Component Report ACGL,SPY Component Report
2024-04-29,SPY Component Report BEN,SPY Component Report
2024-04-29,SPY Component Report DPZ,SPY Component Report
2024-04-29,SPY Component Report EG,SPY Component Report
2024-04-29,SPY Component Report FFIV,SPY Component Report
2024-04-29,SPY Component Report NXPI,SPY Component Report
2024-04-29,SPY Component Report ON,SPY Component Report
2024-04-29,SPY Component Report PARA,SPY Component Report
2024-04-29,SPY Component Report RVTY,SPY Component Report
2024-04-29,SPY Component Report SBAC,SPY Component Report
2024-04-29,SPY Component Report WELL,SPY Component Report
2024-04-30,SPY Component Report ADM,SPY Component Report
2024-04-30,SPY Component Report AEP,SPY Component Report
2024-04-30,SPY Component Report AMCR,SPY Component Report
2024-04-30,SPY Component Report AMD,SPY Component Report
2024-04-30,SPY Component Report AMT,SPY Component Report
2024-04-30,SPY Component Report AMZN,SPY Component Report
2024-04-30,SPY Component Report APD,SPY Component Report
2024-04-30,SPY Component Report BXP,SPY Component Report
2024-04-30,SPY Component Report CLX,SPY Component Report
2024-04-30,SPY Component Report CNP,SPY Component Report
2024-04-30,SPY Component Report CZR,SPY Component Report
2024-04-30,SPY Component Report ECL,SPY Component Report
2024-04-30,SPY Component Report EIX,SPY Component Report
2024-04-30,SPY Component Report ESS,SPY Component Report
2024-04-30,SPY Component Report ETN,SPY Component Report
2024-04-30,SPY Component Report EXE,SPY Component Report
2024-04-30,SPY Component Report EXR,SPY Component Report
2024-04-30,SPY Component Report FANG,SPY Component Report
2024-04-30,SPY Component Report GEHC,SPY Component Report
2024-04-30,SPY Component Report GLW,SPY Component Report
2024-04-30,SPY Component Report INCY,SPY Component Report
2024-04-30,SPY Component Report INVH,SPY Component Report
2024-04-30,SPY Component Report IT,SPY Component Report
2024-04-30,SPY Component Report ITW,SPY Component Report
2024-04-30,SPY Component Report KO,SPY Component Report
2024-04-30,SPY Component Report LDOS,SPY Component Report
2024-04-30,SPY Component Report LLY,SPY Component Report
2024-04-30,SPY Component Report MCD,SPY Component Report
2024-04-30,SPY Component Report MDLZ,SPY Component Report
2024-04-30,SPY Component Report MLM,SPY Component Report
2024-04-30,SPY Component Report MMM,SPY Component Report
2024-04-30,SPY Component Report MPC,SPY Component Report
2024-04-30,SPY Component Report OKE,SPY Component Report
2024-04-30,SPY Component Report PCAR,SPY Component Report
2024-04-30,SPY Component Report PEG,SPY Component Report
2024-04-30,SPY Component Report PRU,SPY Component Report
2024-04-30,SPY Component Report PSA,SPY Component Report
2024-04-30,SPY Component Report PYPL,SPY Component Report
2024-04-30,SPY Component Report RSG,SPY Component Report
2024-04-30,SPY Component Report SBUX,SPY Component Report
2024-04-30,SPY Component Report SMCI,SPY Component Report
2024-04-30,SPY Component Report SWKS,SPY Component Report
2024-04-30,SPY Component Report SYK,SPY Component Report
2024-04-30,SPY Component Report SYY,SPY Component Report
2024-04-30,SPY Component Report TAP,SPY Component Report
2024-04-30,SPY Component Report TT,SPY Component Report
2024-04-30,SPY Component Report UDR,SPY Component Report
2024-04-30,SPY Component Report ZBRA,SPY Component Report
2024-04-30,US Market Summit FOMC Statement,US Market Summit FOMC
2024-05-01,Chinese Holiday Labor Day,Chinese Holiday
2024-05-01,SPY Component Report ADP,SPY Component Report
2024-05-01,SPY Component Report AFL,SPY Component Report
2024-05-01,SPY Component Report AIG,SPY Component Report
2024-05-01,SPY Component Report ALB,SPY Component Report
2024-05-01,SPY Component Report ALL,SPY Component Report
2024-05-01,SPY Component Report ANSS,SPY Component Report
2024-05-01,SPY Component Report APA,SPY Component Report
2024-05-01,SPY Component Report AWK,SPY Component Report
2024-05-01,SPY Component Report CDW,SPY Component Report
2024-05-01,SPY Component Report CF,SPY Component Report
2024-05-01,SPY Component Report CHRW,SPY Component Report
2024-05-01,SPY Component Report COR,SPY Component Report
2024-05-01,SPY Component Report CTSH,SPY Component Report
2024-05-01,SPY Component Report CTVA,SPY Component Report
2024-05-01,SPY Component Report CVS,SPY Component Report
2024-05-01,SPY Component Report DASH,SPY Component Report
2024-05-01,SPY Component Report DAY,SPY Component Report
2024-05-01,SPY Component Report DD,SPY Component Report
2024-05-01,SPY Component Report DVN,SPY Component Report
2024-05-01,SPY Component Report EBAY,SPY Component Report
2024-05-01,SPY Component Report EL,SPY Component Report
2024-05-01,SPY Component Report ES,SPY Component Report
2024-05-01,SPY Component Report FSLR,SPY Component Report
2024-05-01,SPY Component Report GNRC,SPY Component Report
2024-05-01,SPY Component Report GPN,SPY Component Report
2024-05-01,SPY Component Report GRMN,SPY Component Report
2024-05-01,SPY Component Report HST,SPY Component Report
2024-05-01,SPY Component Report HUBB,SPY Component Report
2024-05-01,SPY Component Report IDXX,SPY Component Report
2024-05-01,SPY Component Report JCI,SPY Component Report
2024-05-01,SPY Component Report KHC,SPY Component Report
2024-05-01,SPY Component Report KKR,SPY Component Report
2024-05-01,SPY Component Report MA,SPY Component Report
2024-05-01,SPY Component Report MAA,SPY Component Report
2024-05-01,SPY Component Report MAR,SPY Component Report
2024-05-01,SPY Component Report MET,SPY Component Report
2024-05-01,SPY Component Report MGM,SPY Component Report
2024-05-01,SPY Component Report MOS,SPY Component Report
2024-05-01,SPY Component Report MPWR,SPY Component Report
2024-05-01,SPY Component Report NCLH,SPY Component Report
2024-05-01,SPY Component Report PAYC,SPY Component Report
2024-05-01,SPY Component Report PFE,SPY Component Report
2024-05-01,SPY Component Report PPL,SPY Component Report
2024-05-01,SPY Component Report PTC,SPY Component Report
2024-05-01,SPY Component Report QCOM,SPY Component Report
2024-05-01,SPY Component Report TECH,SPY Component Report
2024-05-01,SPY Component Report USB,SPY Component Report
2024-05-01,SPY Component Report VICI,SPY Component Report
2024-05-01,SPY Component Report VRSK,SPY Component Report
2024-05-01,SPY Component Report VTR,SPY Component Report
2024-05-01,SPY Component Report WEC,SPY Component Report
2024-05-01,SPY Component Report YUM,SPY Component Report
2024-05-02,Chinese Holiday Rest Day,Chinese Holiday
2024-05-02,SPY Component Report AAPL,SPY Component Report
2024-05-02,SPY Component Report AEE,SPY Component Report
2024-05-02,SPY Component Report AES,SPY Component Report
2024-05-02,SPY Component Report AME,SPY Component Report
2024-05-02,SPY Component Report AMGN,SPY Component Report
2024-05-02,SPY Component Report APO,SPY Component Report
2024-05-02,SPY Component Report APTV,SPY Component Report
2024-05-02,SPY Component Report BAX,SPY Component Report
2024-05-02,SPY Component Report BDX,SPY Component Report
2024-05-02,SPY Component Report BKNG,SPY Component Report
2024-05-02,SPY Component Report CAH,SPY Component Report
2024-05-02,SPY Component Report CHD,SPY Component Report
2024-05-02,SPY Component Report CI,SPY Component Report
2024-05-02,SPY Component Report CMI,SPY Component Report
2024-05-02,SPY Component Report COIN,SPY Component Report
2024-05-02,SPY Component Report COP,SPY Component Report
2024-05-02,SPY Component Report CPT,SPY Component Report
2024-05-02,SPY Component Report CTRA,SPY Component Report
2024-05-02,SPY Component Report D,SPY Component Report
2024-05-02,SPY Component Report DLR,SPY Component Report
2024-05-02,SPY Component Report DVA,SPY Component Report
2024-05-02,SPY Component Report ED,SPY Component Report
2024-05-02,SPY Component Report EOG,SPY Component Report
2024-05-02,SPY Component Report EXC,SPY Component Report
2024-05-02,SPY Component Report EXPE,SPY Component Report
2024-05-02,SPY Component Report FRT,SPY Component Report
2024-05-02,SPY Component Report FTNT,SPY Component Report
2024-05-02,SPY Component Report GDDY,SPY Component Report
2024-05-02,SPY Component Report HII,SPY Component Report
2024-05-02,SPY Component Report HOLX,SPY Component Report
2024-05-02,SPY Component Report HWM,SPY Component Report
2024-05-02,SPY Component Report ICE,SPY Component Report
2024-05-02,SPY Component Report IQV,SPY Component Report
2024-05-02,SPY Component Report IR,SPY Component Report
2024-05-02,SPY Component Report IRM,SPY Component Report
2024-05-02,SPY Component Report K,SPY Component Report
2024-05-02,SPY Component Report KIM,SPY Component Report
2024-05-02,SPY Component Report LIN,SPY Component Report
2024-05-02,SPY Component Report LNT,SPY Component Report
2024-05-02,SPY Component Report LYV,SPY Component Report
2024-05-02,SPY Component Report MCO,SPY Component Report
2024-05-02,SPY Component Report MNST,SPY Component Report
2024-05-02,SPY Component Report MRNA,SPY Component Report
2024-05-02,SPY Component Report MSI,SPY Component Report
2024-05-02,SPY Component Report PH,SPY Component Report
2024-05-02,SPY Component Report PNW,SPY Component Report
2024-05-02,SPY Component Report PWR,SPY Component Report
2024-05-02,SPY Component Report REG,SPY Component Report
2024-05-02,SPY Component Report REGN,SPY Component Report
2024-05-02,SPY Component Report SO,SPY Component Report
2024-05-02,SPY Component Report SWK,SPY Component Report
2024-05-02,SPY Component Report TRGP,SPY Component Report
2024-05-02,SPY Component Report VMC,SPY Component Report
2024-05-02,SPY Component Report XYL,SPY Component Report
2024-05-02,SPY Component Report ZBH,SPY Component Report
2024-05-02,SPY Component Report ZTS,SPY Component Report
2024-05-03,Chinese Holiday Rest Day,Chinese Holiday
2024-05-03,NFP Release,NFP Release
2024-05-03,SPY Component Report AVB,SPY Component Report
2024-05-03,SPY Component Report CBOE,SPY Component Report
2024-05-03,SPY Component Report CBRE,SPY Component Report
2024-05-03,SPY Component Report HSY,SPY Component Report
2024-05-03,SPY Component Report TRMB,SPY Component Report
2024-05-04,SPY Component Report BRK-B,SPY Component Report
2024-05-06,SPY Component Report AXON,SPY Component Report
2024-05-06,SPY Component Report FIS,SPY Component Report
2024-05-06,SPY Component Report IFF,SPY Component Report
2024-05-06,SPY Component Report MCHP,SPY Component Report
2024-05-06,SPY Component Report O,SPY Component Report
2024-05-06,SPY Component Report PLTR,SPY Component Report
2024-05-06,SPY Component Report SPG,SPY Component Report
2024-05-06,SPY Component Report TSN,SPY Component Report
2024-05-06,SPY Component Report VRTX,SPY Component Report
2024-05-06,SPY Component Report WMB,SPY Component Report
2024-05-07,SPY Component Report AIZ,SPY Component Report
2024-05-07,SPY Component Report ANET,SPY Component Report
2024-05-07,SPY Component Report BLDR,SPY Component Report
2024-05-07,SPY Component Report DIS,SPY Component Report
2024-05-07,SPY Component Report DUK,SPY Component Report
2024-05-07,SPY Component Report EA,SPY Component Report
2024-05-07,SPY Component Report EXPD,SPY Component Report
2024-05-07,SPY Component Report HSIC,SPY Component Report
2024-05-07,SPY Component Report J,SPY Component Report
2024-05-07,SPY Component Report JKHY,SPY Component Report
2024-05-07,SPY Component Report KVUE,SPY Component Report
2024-05-07,SPY Component Report MCK,SPY Component Report
2024-05-07,SPY Component Report MKTX,SPY Component Report
2024-05-07,SPY Component Report MTCH,SPY Component Report
2024-05-07,SPY Component Report NRG,SPY Component Report
2024-05-07,SPY Component Report OXY,SPY Component Report
2024-05-07,SPY Component Report ROK,SPY Component Report
2024-05-07,SPY Component Report SRE,SPY Component Report
2024-05-07,SPY Component Report TDG,SPY Component Report
2024-05-07,SPY Component Report WAT,SPY Component Report
2024-05-07,SPY Component Report WYNN,SPY Component Report
2024-05-08,SPY Component Report ABNB,SPY Component Report
2024-05-08,SPY Component Report ATO,SPY Component Report
2024-05-08,SPY Component Report BR,SPY Component Report
2024-05-08,SPY Component Report CPAY,SPY Component Report
2024-05-08,SPY Component Report EMR,SPY Component Report
2024-05-08,SPY Component Report EQIX,SPY Component Report
2024-05-08,SPY Component Report FOX,SPY Component Report
2024-05-08,SPY Component Report FOXA,SPY Component Report
2024-05-08,SPY Component Report NI,SPY Component Report
2024-05-08,SPY Component Report NWS,SPY Component Report
2024-05-08,SPY Component Report NWSA,SPY Component Report
2024-05-08,SPY Component Report STE,SPY Component Report
2024-05-08,SPY Component Report TKO,SPY Component Report
2024-05-08,SPY Component Report TPL,SPY Component Report
2024-05-08,SPY Component Report UBER,SPY Component Report
2024-05-09,SPY Component Report AKAM,SPY Component Report
2024-05-09,SPY Component Report CEG,SPY Component Report
2024-05-09,SPY Component Report CRL,SPY Component Report
2024-05-09,SPY Component Report EPAM,SPY Component Report
2024-05-09,SPY Component Report EVRG,SPY Component Report
2024-05-09,SPY Component Report GEN,SPY Component Report
2024-05-09,SPY Component Report MTD,SPY Component Report
2024-05-09,SPY Component Report PODD,SPY Component Report
2024-05-09,SPY Component Report SOLV,SPY Component Report
2024-05-09,SPY Component Report TPR,SPY Component Report
2024-05-09,SPY Component Report VTRS,SPY Component Report
2024-05-09,SPY Component Report WBD,SPY Component Report
2024-05-10,SPY Component Report VST,SPY Component Report
2024-05-14,SPY Component Report HD,SPY Component Report
2024-05-15,CPI Release,CPI Release
2024-05-15,SPY Component Report CSCO,SPY Component Report
2024-05-16,SPY Component Report AMAT,SPY Component Report
2024-05-16,SPY Component Report CPRT,SPY Component Report
2024-05-16,SPY Component Report DE,SPY Component Report
2024-05-16,SPY Component Report TTWO,SPY Component Report
2024-05-16,SPY Component Report WMT,SPY Component Report
2024-05-20,SPY Component Report KEYS,SPY Component Report
2024-05-20,SPY Component Report NDSN,SPY Component Report
2024-05-20,SPY Component Report PANW,SPY Component Report
2024-05-21,SPY Component Report AZO,SPY Component Report
2024-05-21,SPY Component Report LOW,SPY Component Report
2024-05-22,SPY Component Report ADI,SPY Component Report
2024-05-22,SPY Component Report NVDA,SPY Component Report
2024-05-22,SPY Component Report SNPS,SPY Component Report
2024-05-22,SPY Component Report TGT,SPY Component Report
2024-05-22,SPY Component Report TJX,SPY Component Report
2024-05-22,SPY Component Report WSM,SPY Component Report
2024-05-23,SPY Component Report DECK,SPY Component Report
2024-05-23,SPY Component Report INTU,SPY Component Report
2024-05-23,SPY Component Report MDT,SPY Component Report
2024-05-23,SPY Component Report RL,SPY Component Report
2024-05-23,SPY Component Report ROST,SPY Component Report
2024-05-23,SPY Component Report WDAY,SPY Component Report
2024-05-27,US Holiday Memorial Day,US Holiday
2024-05-29,SPY Component Report A,SPY Component Report
2024-05-29,SPY Component Report CRM,SPY Component Report
2024-05-29,SPY Component Report HPQ,SPY Component Report
2024-05-30,SPY Component Report BBY,SPY Component Report
2024-05-30,SPY Component Report COO,SPY Component Report
2024-05-30,SPY Component Report DELL,SPY Component Report
2024-05-30,SPY Component Report DG,SPY Component Report
2024-05-30,SPY Component Report HRL,SPY Component Report
2024-05-30,SPY Component Report NTAP,SPY Component Report
2024-05-30,SPY Component Report ULTA,SPY Component Report
2024-05-31,PCE Release for April 2024,PCE Release
2024-06-04,SPY Component Report CRWD,SPY Component Report
2024-06-04,SPY Component Report HPE,SPY Component Report
2024-06-05,SPY Component Report BF-B,SPY Component Report
2024-06-05,SPY Component Report CPB,SPY Component Report
2024-06-05,SPY Component Report DLTR,SPY Component Report
2024-06-05,SPY Component Report LULU,SPY Component Report
2024-06-06,SPY Component Report COST,SPY Component Report
2024-06-06,SPY Component Report SJM,SPY Component Report
2024-06-07,NFP Release,NFP Release
2024-06-10,Chinese Holiday Dragon Boat Festival,Chinese Holiday
2024-06-10,SPY Component Report ADSK,SPY Component Report
2024-06-11,SPY Component Report ORCL,SPY Component Report
2024-06-12,CPI Release,CPI Release
2024-06-12,SPY Component Report AVGO,SPY Component Report
2024-06-12,US Market Summit FOMC w/ SEP,US Market Summit FOMC
2024-06-13,SPY Component Report ADBE,SPY Component Report
2024-06-13,US Market Summit G7 Summit,US Market Summit G7
2024-06-17,SPY Component Report LEN,SPY Component Report
2024-06-19,US Holiday Juneteenth National Independence Day,US Holiday
2024-06-20,SPY Component Report ACN,SPY Component Report
2024-06-20,SPY Component Report DRI,SPY Component Report
2024-06-20,SPY Component Report JBL,SPY Component Report
2024-06-20,SPY Component Report KR,SPY Component Report
2024-06-21,SPY Component Report FDS,SPY Component Report
2024-06-21,SPY Component Report KMX,SPY Component Report
2024-06-21,SPY OpEx Quarterly,SPY OpEx Quarterly
2024-06-25,SPY Component Report CCL,SPY Component Report
2024-06-25,SPY Component Report FDX,SPY Component Report
2024-06-26,SPY Component Report GIS,SPY Component Report
2024-06-26,SPY Component Report MU,SPY Component Report
2024-06-26,SPY Component Report PAYX,SPY Component Report
2024-06-27,SPY Component Report MKC,SPY Component Report
2024-06-27,SPY Component Report NKE,SPY Component Report
2024-06-27,SPY Component Report WBA,SPY Component Report
2024-06-28,PCE Release for May 2024,PCE Release
2024-07-03,SPY Component Report STZ,SPY Component Report
2024-07-04,US Holiday Independence Day,US Holiday
2024-07-05,NFP Release,NFP Release
2024-07-11,CPI Release,CPI Release
2024-07-11,SPY Component Report CAG,SPY Component Report
2024-07-11,SPY Component Report DAL,SPY Component Report
2024-07-11,SPY Component Report PEP,SPY Component Report
2024-07-12,SPY Component Report BK,SPY Component Report
2024-07-12,SPY Component Report C,SPY Component Report
2024-07-12,SPY Component Report FAST,SPY Component Report
2024-07-12,SPY Component Report JPM,SPY Component Report
2024-07-12,SPY Component Report WFC,SPY Component Report
2024-07-13,US Presidential Election Trump assassination attempt,US Presidential Election
2024-07-15,SPY Component Report BLK,SPY Component Report
2024-07-15,SPY Component Report GS,SPY Component Report
2024-07-15,US Presidential Election RNC convention (Trump nominated),US Presidential Election
2024-07-16,SPY Component Report BAC,SPY Component Report
2024-07-16,SPY Component Report JBHT,SPY Component Report
2024-07-16,SPY Component Report MS,SPY Component Report
2024-07-16,SPY Component Report OMC,SPY Component Report
2024-07-16,SPY Component Report PGR,SPY Component Report
2024-07-16,SPY Component Report PNC,SPY Component Report
2024-07-16,SPY Component Report SCHW,SPY Component Report
2024-07-16,SPY Component Report STT,SPY Component Report
2024-07-16,SPY Component Report UNH,SPY Component Report
2024-07-17,SPY Component Report CCI,SPY Component Report
2024-07-17,SPY Component Report CFG,SPY Component Report
2024-07-17,SPY Component Report EFX,SPY Component Report
2024-07-17,SPY Component Report ELV,SPY Component Report
2024-07-17,SPY Component Report JNJ,SPY Component Report
2024-07-17,SPY Component Report KMI,SPY Component Report
2024-07-17,SPY Component Report NTRS,SPY Component Report
2024-07-17,SPY Component Report PLD,SPY Component Report
2024-07-17,SPY Component Report STLD,SPY Component Report
2024-07-17,SPY Component Report SYF,SPY Component Report
2024-07-17,SPY Component Report UAL,SPY Component Report
2024-07-17,SPY Component Report USB,SPY Component Report
2024-07-18,SPY Component Report ABT,SPY Component Report
2024-07-18,SPY Component Report BX,SPY Component Report
2024-07-18,SPY Component Report CTAS,SPY Component Report
2024-07-18,SPY Component Report DHI,SPY Component Report
2024-07-18,SPY Component Report DPZ,SPY Component Report
2024-07-18,SPY Component Report ISRG,SPY Component Report
2024-07-18,SPY Component Report KEY,SPY Component Report
2024-07-18,SPY Component Report MMC,SPY Component Report
2024-07-18,SPY Component Report MTB,SPY Component Report
2024-07-18,SPY Component Report NFLX,SPY Component Report
2024-07-18,SPY Component Report PPG,SPY Component Report
2024-07-18,SPY Component Report SNA,SPY Component Report
2024-07-18,SPY Component Report TXT,SPY Component Report
2024-07-19,SPY Component Report AXP,SPY Component Report
2024-07-19,SPY Component Report FITB,SPY Component Report
2024-07-19,SPY Component Report HAL,SPY Component Report
2024-07-19,SPY Component Report HBAN,SPY Component Report
2024-07-19,SPY Component Report RF,SPY Component Report
2024-07-19,SPY Component Report SLB,SPY Component Report
2024-07-19,SPY Component Report TRV,SPY Component Report
2024-07-21,US Presidential Election Biden drops out; Harris enters,US Presidential Election
2024-07-22,SPY Component Report ARE,SPY Component Report
2024-07-22,SPY Component Report BRO,SPY Component Report
2024-07-22,SPY Component Report CDNS,SPY Component Report
2024-07-22,SPY Component Report IQV,SPY Component Report
2024-07-22,SPY Component Report NUE,SPY Component Report
2024-07-22,SPY Component Report NXPI,SPY Component Report
2024-07-22,SPY Component Report TFC,SPY Component Report
2024-07-22,SPY Component Report VZ,SPY Component Report
2024-07-22,SPY Component Report WRB,SPY Component Report
2024-07-23,SPY Component Report AOS,SPY Component Report
2024-07-23,SPY Component Report AVY,SPY Component Report
2024-07-23,SPY Component Report CB,SPY Component Report
2024-07-23,SPY Component Report CMCSA,SPY Component Report
2024-07-23,SPY Component Report COF,SPY Component Report
2024-07-23,SPY Component Report CSGP,SPY Component Report
2024-07-23,SPY Component Report DGX,SPY Component Report
2024-07-23,SPY Component Report DHR,SPY Component Report
2024-07-23,SPY Component Report ENPH,SPY Component Report
2024-07-23,SPY Component Report EQT,SPY Component Report
2024-07-23,SPY Component Report FCX,SPY Component Report
2024-07-23,SPY Component Report GE,SPY Component Report
2024-07-23,SPY Component Report GM,SPY Component Report
2024-07-23,SPY Component Report GOOG,SPY Component Report
2024-07-23,SPY Component Report GOOGL,SPY Component Report
2024-07-23,SPY Component Report GPC,SPY Component Report
2024-07-23,SPY Component Report HCA,SPY Component Report
2024-07-23,SPY Component Report IVZ,SPY Component Report
2024-07-23,SPY Component Report KMB,SPY Component Report
2024-07-23,SPY Component Report KO,SPY Component Report
2024-07-23,SPY Component Report LMT,SPY Component Report
2024-07-23,SPY Component Report MCO,SPY Component Report
2024-07-23,SPY Component Report MSCI,SPY Component Report
2024-07-23,SPY Component Report NVR,SPY Component Report
2024-07-23,SPY Component Report PCAR,SPY Component Report
2024-07-23,SPY Component Report PHM,SPY Component Report
2024-07-23,SPY Component Report PKG,SPY Component Report
2024-07-23,SPY Component Report PM,SPY Component Report
2024-07-23,SPY Component Report PNR,SPY Component Report
2024-07-23,SPY Component Report SHW,SPY Component Report
2024-07-23,SPY Component Report STX,SPY Component Report
2024-07-23,SPY Component Report TSLA,SPY Component Report
2024-07-23,SPY Component Report TXN,SPY Component Report
2024-07-23,SPY Component Report UPS,SPY Component Report
2024-07-23,SPY Component Report V,SPY Component Report
2024-07-24,SPY Component Report ALGN,SPY Component Report
2024-07-24,SPY Component Report ALLE,SPY Component Report
2024-07-24,SPY Component Report AMP,SPY Component Report
2024-07-24,SPY Component Report APH,SPY Component Report
2024-07-24,SPY Component Report BSX,SPY Component Report
2024-07-24,SPY Component Report CME,SPY Component Report
2024-07-24,SPY Component Report CMG,SPY Component Report
2024-07-24,SPY Component Report EW,SPY Component Report
2024-07-24,SPY Component Report F,SPY Component Report
2024-07-24,SPY Component Report FI,SPY Component Report
2024-07-24,SPY Component Report FTV,SPY Component Report
2024-07-24,SPY Component Report GD,SPY Component Report
2024-07-24,SPY Component Report GEV,SPY Component Report
2024-07-24,SPY Component Report GL,SPY Component Report
2024-07-24,SPY Component Report IBM,SPY Component Report
2024-07-24,SPY Component Report INVH,SPY Component Report
2024-07-24,SPY Component Report IP,SPY Component Report
2024-07-24,SPY Component Report IPG,SPY Component Report
2024-07-24,SPY Component Report KLAC,SPY Component Report
2024-07-24,SPY Component Report LII,SPY Component Report
2024-07-24,SPY Component Report LVS,SPY Component Report
2024-07-24,SPY Component Report LW,SPY Component Report
2024-07-24,SPY Component Report MOH,SPY Component Report
2024-07-24,SPY Component Report NEE,SPY Component Report
2024-07-24,SPY Component Report NEM,SPY Component Report
2024-07-24,SPY Component Report NOW,SPY Component Report
2024-07-24,SPY Component Report ODFL,SPY Component Report
2024-07-24,SPY Component Report ORLY,SPY Component Report
2024-07-24,SPY Component Report OTIS,SPY Component Report
2024-07-24,SPY Component Report RJF,SPY Component Report
2024-07-24,SPY Component Report ROL,SPY Component Report
2024-07-24,SPY Component Report ROP,SPY Component Report
2024-07-24,SPY Component Report RSG,SPY Component Report
2024-07-24,SPY Component Report T,SPY Component Report
2024-07-24,SPY Component Report TDY,SPY Component Report
2024-07-24,SPY Component Report TEL,SPY Component Report
2024-07-24,SPY Component Report TER,SPY Component Report
2024-07-24,SPY Component Report TMO,SPY Component Report
2024-07-24,SPY Component Report TYL,SPY Component Report
2024-07-24,SPY Component Report UHS,SPY Component Report
2024-07-24,SPY Component Report URI,SPY Component Report
2024-07-24,SPY Component Report WAB,SPY Component Report
2024-07-24,SPY Component Report WM,SPY Component Report
2024-07-25,SPY Component Report ABBV,SPY Component Report
2024-07-25,SPY Component Report AJG,SPY Component Report
2024-07-25,SPY Component Report BKR,SPY Component Report
2024-07-25,SPY Component Report CARR,SPY Component Report
2024-07-25,SPY Component Report CBRE,SPY Component Report
2024-07-25,SPY Component Report CINF,SPY Component Report
2024-07-25,SPY Component Report CMS,SPY Component Report
2024-07-25,SPY Component Report DECK,SPY Component Report
2024-07-25,SPY Component Report DLR,SPY Component Report
2024-07-25,SPY Component Report DOC,SPY Component Report
2024-07-25,SPY Component Report DOV,SPY Component Report
2024-07-25,SPY Component Report DOW,SPY Component Report
2024-07-25,SPY Component Report DTE,SPY Component Report
2024-07-25,SPY Component Report DXCM,SPY Component Report
2024-07-25,SPY Component Report EIX,SPY Component Report
2024-07-25,SPY Component Report EMN,SPY Component Report
2024-07-25,SPY Component Report ERIE,SPY Component Report
2024-07-25,SPY Component Report HAS,SPY Component Report
2024-07-25,SPY Component Report HIG,SPY Component Report
2024-07-25,SPY Component Report HON,SPY Component Report
2024-07-25,SPY Component Report JNPR,SPY Component Report
2024-07-25,SPY Component Report KDP,SPY Component Report
2024-07-25,SPY Component Report LHX,SPY Component Report
2024-07-25,SPY Component Report LKQ,SPY Component Report
2024-07-25,SPY Component Report LUV,SPY Component Report
2024-07-25,SPY Component Report MAS,SPY Component Report
2024-07-25,SPY Component Report MHK,SPY Component Report
2024-07-25,SPY Component Report NDAQ,SPY Component Report
2024-07-25,SPY Component Report NOC,SPY Component Report
2024-07-25,SPY Component Report NSC,SPY Component Report
2024-07-25,SPY Component Report PCG,SPY Component Report
2024-07-25,SPY Component Report PFG,SPY Component Report
2024-07-25,SPY Component Report POOL,SPY Component Report
2024-07-25,SPY Component Report RCL,SPY Component Report
2024-07-25,SPY Component Report RTX,SPY Component Report
2024-07-25,SPY Component Report TSCO,SPY Component Report
2024-07-25,SPY Component Report UNP,SPY Component Report
2024-07-25,SPY Component Report VLO,SPY Component Report
2024-07-25,SPY Component Report VLTO,SPY Component Report
2024-07-25,SPY Component Report VRSN,SPY Component Report
2024-07-25,SPY Component Report WST,SPY Component Report
2024-07-25,SPY Component Report WTW,SPY Component Report
2024-07-25,SPY Component Report WY,SPY Component Report
2024-07-26,PCE Release for June 2024,PCE Release
2024-07-26,SPY Component Report AON,SPY Component Report
2024-07-26,SPY Component Report BEN,SPY Component Report
2024-07-26,SPY Component Report BMY,SPY Component Report
2024-07-26,SPY Component Report CHTR,SPY Component Report
2024-07-26,SPY Component Report CL,SPY Component Report
2024-07-26,SPY Component Report CNC,SPY Component Report
2024-07-26,SPY Component Report MMM,SPY Component Report
2024-07-26,SPY Component Report TROW,SPY Component Report
2024-07-29,SPY Component Report EQR,SPY Component Report
2024-07-29,SPY Component Report EXE,SPY Component Report
2024-07-29,SPY Component Report FFIV,SPY Component Report
2024-07-29,SPY Component Report HOLX,SPY Component Report
2024-07-29,SPY Component Report MCD,SPY Component Report
2024-07-29,SPY Component Report ON,SPY Component Report
2024-07-29,SPY Component Report RVTY,SPY Component Report
2024-07-29,SPY Component Report SBAC,SPY Component Report
2024-07-29,SPY Component Report WELL,SPY Component Report
2024-07-30,SPY Component Report ACGL,SPY Component Report
2024-07-30,SPY Component Report ADM,SPY Component Report
2024-07-30,SPY Component Report AEP,SPY Component Report
2024-07-30,SPY Component Report AMD,SPY Component Report
2024-07-30,SPY Component Report AMT,SPY Component Report
2024-07-30,SPY Component Report ANET,SPY Component Report
2024-07-30,SPY Component Report APA,SPY Component Report
2024-07-30,SPY Component Report BXP,SPY Component Report
2024-07-30,SPY Component Report CNP,SPY Component Report
2024-07-30,SPY Component Report CZR,SPY Component Report
2024-07-30,SPY Component Report EA,SPY Component Report
2024-07-30,SPY Component Report ECL,SPY Component Report
2024-07-30,SPY Component Report ESS,SPY Component Report
2024-07-30,SPY Component Report EXR,SPY Component Report
2024-07-30,SPY Component Report FE,SPY Component Report
2024-07-30,SPY Component Report FSLR,SPY Component Report
2024-07-30,SPY Component Report GLW,SPY Component Report
2024-07-30,SPY Component Report HUBB,SPY Component Report
2024-07-30,SPY Component Report HWM,SPY Component Report
2024-07-30,SPY Component Report INCY,SPY Component Report
2024-07-30,SPY Component Report IT,SPY Component Report
2024-07-30,SPY Component Report ITW,SPY Component Report
2024-07-30,SPY Component Report LDOS,SPY Component Report
2024-07-30,SPY Component Report LYV,SPY Component Report
2024-07-30,SPY Component Report MDLZ,SPY Component Report
2024-07-30,SPY Component Report MRK,SPY Component Report
2024-07-30,SPY Component Report MSFT,SPY Component Report
2024-07-30,SPY Component Report MTCH,SPY Component Report
2024-07-30,SPY Component Report PEG,SPY Component Report
2024-07-30,SPY Component Report PFE,SPY Component Report
2024-07-30,SPY Component Report PG,SPY Component Report
2024-07-30,SPY Component Report PSA,SPY Component Report
2024-07-30,SPY Component Report PSX,SPY Component Report
2024-07-30,SPY Component Report PYPL,SPY Component Report
2024-07-30,SPY Component Report SBUX,SPY Component Report
2024-07-30,SPY Component Report SPGI,SPY Component Report
2024-07-30,SPY Component Report SWK,SPY Component Report
2024-07-30,SPY Component Report SWKS,SPY Component Report
2024-07-30,SPY Component Report SYK,SPY Component Report
2024-07-30,SPY Component Report SYY,SPY Component Report
2024-07-30,SPY Component Report UDR,SPY Component Report
2024-07-30,SPY Component Report XYL,SPY Component Report
2024-07-30,SPY Component Report ZBRA,SPY Component Report
2024-07-31,SPY Component Report ADP,SPY Component Report
2024-07-31,SPY Component Report AFL,SPY Component Report
2024-07-31,SPY Component Report AIG,SPY Component Report
2024-07-31,SPY Component Report ALB,SPY Component Report
2024-07-31,SPY Component Report ALL,SPY Component Report
2024-07-31,SPY Component Report ANSS,SPY Component Report
2024-07-31,SPY Component Report AVB,SPY Component Report
2024-07-31,SPY Component Report AWK,SPY Component Report
2024-07-31,SPY Component Report BA,SPY Component Report
2024-07-31,SPY Component Report BG,SPY Component Report
2024-07-31,SPY Component Report CDW,SPY Component Report
2024-07-31,SPY Component Report CHRW,SPY Component Report
2024-07-31,SPY Component Report COR,SPY Component Report
2024-07-31,SPY Component Report CTSH,SPY Component Report
2024-07-31,SPY Component Report CTVA,SPY Component Report
2024-07-31,SPY Component Report DAY,SPY Component Report
2024-07-31,SPY Component Report DD,SPY Component Report
2024-07-31,SPY Component Report EBAY,SPY Component Report
2024-07-31,SPY Component Report EG,SPY Component Report
2024-07-31,SPY Component Report ES,SPY Component Report
2024-07-31,SPY Component Report FICO,SPY Component Report
2024-07-31,SPY Component Report GEHC,SPY Component Report
2024-07-31,SPY Component Report GNRC,SPY Component Report
2024-07-31,SPY Component Report GRMN,SPY Component Report
2024-07-31,SPY Component Report HES,SPY Component Report
2024-07-31,SPY Component Report HST,SPY Component Report
2024-07-31,SPY Component Report HUM,SPY Component Report
2024-07-31,SPY Component Report IEX,SPY Component Report
2024-07-31,SPY Component Report IR,SPY Component Report
2024-07-31,SPY Component Report JCI,SPY Component Report
2024-07-31,SPY Component Report KHC,SPY Component Report
2024-07-31,SPY Component Report KKR,SPY Component Report
2024-07-31,SPY Component Report LRCX,SPY Component Report
2024-07-31,SPY Component Report MA,SPY Component Report
2024-07-31,SPY Component Report MAA,SPY Component Report
2024-07-31,SPY Component Report MAR,SPY Component Report
2024-07-31,SPY Component Report MET,SPY Component Report
2024-07-31,SPY Component Report META,SPY Component Report
2024-07-31,SPY Component Report MGM,SPY Component Report
2024-07-31,SPY Component Report MO,SPY Component Report
2024-07-31,SPY Component Report NCLH,SPY Component Report
2024-07-31,SPY Component Report PAYC,SPY Component Report
2024-07-31,SPY Component Report PTC,SPY Component Report
2024-07-31,SPY Component Report QCOM,SPY Component Report
2024-07-31,SPY Component Report TMUS,SPY Component Report
2024-07-31,SPY Component Report TT,SPY Component Report
2024-07-31,SPY Component Report VICI,SPY Component Report
2024-07-31,SPY Component Report VRSK,SPY Component Report
2024-07-31,SPY Component Report WAT,SPY Component Report
2024-07-31,SPY Component Report WDC,SPY Component Report
2024-07-31,SPY Component Report WEC,SPY Component Report
2024-07-31,US Market Summit FOMC Statement,US Market Summit FOMC
2024-08-01,SPY Component Report AAPL,SPY Component Report
2024-08-01,SPY Component Report AEE,SPY Component Report
2024-08-01,SPY Component Report AES,SPY Component Report
2024-08-01,SPY Component Report AME,SPY Component Report
2024-08-01,SPY Component Report AMZN,SPY Component Report
2024-08-01,SPY Component Report APD,SPY Component Report
2024-08-01,SPY Component Report APO,SPY Component Report
2024-08-01,SPY Component Report APTV,SPY Component Report
2024-08-01,SPY Component Report BALL,SPY Component Report
2024-08-01,SPY Component Report BDX,SPY Component Report
2024-08-01,SPY Component Report BIIB,SPY Component Report
2024-08-01,SPY Component Report BKNG,SPY Component Report
2024-08-01,SPY Component Report CI,SPY Component Report
2024-08-01,SPY Component Report CLX,SPY Component Report
2024-08-01,SPY Component Report CMI,SPY Component Report
2024-08-01,SPY Component Report COIN,SPY Component Report
2024-08-01,SPY Component Report COP,SPY Component Report
2024-08-01,SPY Component Report CPT,SPY Component Report
2024-08-01,SPY Component Report CTRA,SPY Component Report
2024-08-01,SPY Component Report D,SPY Component Report
2024-08-01,SPY Component Report DASH,SPY Component Report
2024-08-01,SPY Component Report ED,SPY Component Report
2024-08-01,SPY Component Report EOG,SPY Component Report
2024-08-01,SPY Component Report ETN,SPY Component Report
2024-08-01,SPY Component Report ETR,SPY Component Report
2024-08-01,SPY Component Report EXC,SPY Component Report
2024-08-01,SPY Component Report FRT,SPY Component Report
2024-08-01,SPY Component Report GDDY,SPY Component Report
2024-08-01,SPY Component Report GEN,SPY Component Report
2024-08-01,SPY Component Report GWW,SPY Component Report
2024-08-01,SPY Component Report HII,SPY Component Report
2024-08-01,SPY Component Report HSY,SPY Component Report
2024-08-01,SPY Component Report ICE,SPY Component Report
2024-08-01,SPY Component Report INTC,SPY Component Report
2024-08-01,SPY Component Report IRM,SPY Component Report
2024-08-01,SPY Component Report K,SPY Component Report
2024-08-01,SPY Component Report KIM,SPY Component Report
2024-08-01,SPY Component Report LH,SPY Component Report
2024-08-01,SPY Component Report LNT,SPY Component Report
2024-08-01,SPY Component Report MCHP,SPY Component Report
2024-08-01,SPY Component Report MPWR,SPY Component Report
2024-08-01,SPY Component Report MRNA,SPY Component Report
2024-08-01,SPY Component Report MSI,SPY Component Report
2024-08-01,SPY Component Report MTD,SPY Component Report
2024-08-01,SPY Component Report PNW,SPY Component Report
2024-08-01,SPY Component Report PRU,SPY Component Report
2024-08-01,SPY Component Report PWR,SPY Component Report
2024-08-01,SPY Component Report REG,SPY Component Report
2024-08-01,SPY Component Report REGN,SPY Component Report
2024-08-01,SPY Component Report RMD,SPY Component Report
2024-08-01,SPY Component Report SO,SPY Component Report
2024-08-01,SPY Component Report TRGP,SPY Component Report
2024-08-01,SPY Component Report VRTX,SPY Component Report
2024-08-01,SPY Component Report VTR,SPY Component Report
2024-08-01,SPY Component Report XEL,SPY Component Report
2024-08-02,NFP Release,NFP Release
2024-08-02,SPY Component Report CBOE,SPY Component Report
2024-08-02,SPY Component Report CHD,SPY Component Report
2024-08-02,SPY Component Report CVX,SPY Component Report
2024-08-02,SPY Component Report LIN,SPY Component Report
2024-08-02,SPY Component Report LYB,SPY Component Report
2024-08-02,SPY Component Report PPL,SPY Component Report
2024-08-02,SPY Component Report XOM,SPY Component Report
2024-08-03,SPY Component Report BRK-B,SPY Component Report
2024-08-05,SPY Component Report CSX,SPY Component Report
2024-08-05,SPY Component Report FANG,SPY Component Report
2024-08-05,SPY Component Report O,SPY Component Report
2024-08-05,SPY Component Report OKE,SPY Component Report
2024-08-05,SPY Component Report PLTR,SPY Component Report
2024-08-05,SPY Component Report SPG,SPY Component Report
2024-08-05,SPY Component Report TSN,SPY Component Report
2024-08-05,SPY Component Report WMB,SPY Component Report
2024-08-06,SPY Component Report ABNB,SPY Component Report
2024-08-06,SPY Component Report AIZ,SPY Component Report
2024-08-06,SPY Component Report AMGN,SPY Component Report
2024-08-06,SPY Component Report AXON,SPY Component Report
2024-08-06,SPY Component Report BAX,SPY Component Report
2024-08-06,SPY Component Report BLDR,SPY Component Report
2024-08-06,SPY Component Report BR,SPY Component Report
2024-08-06,SPY Component Report CAT,SPY Component Report
2024-08-06,SPY Component Report CEG,SPY Component Report
2024-08-06,SPY Component Report DUK,SPY Component Report
2024-08-06,SPY Component Report DVA,SPY Component Report
2024-08-06,SPY Component Report DVN,SPY Component Report
2024-08-06,SPY Component Report EXPD,SPY Component Report
2024-08-06,SPY Component Report FIS,SPY Component Report
2024-08-06,SPY Component Report FOX,SPY Component Report
2024-08-06,SPY Component Report FOXA,SPY Component Report
2024-08-06,SPY Component Report FTNT,SPY Component Report
2024-08-06,SPY Component Report HSIC,SPY Component Report
2024-08-06,SPY Component Report IDXX,SPY Component Report
2024-08-06,SPY Component Report IFF,SPY Component Report
2024-08-06,SPY Component Report J,SPY Component Report
2024-08-06,SPY Component Report KVUE,SPY Component Report
2024-08-06,SPY Component Report MKTX,SPY Component Report
2024-08-06,SPY Component Report MOS,SPY Component Report
2024-08-06,SPY Component Report MPC,SPY Component Report
2024-08-06,SPY Component Report SMCI,SPY Component Report
2024-08-06,SPY Component Report SRE,SPY Component Report
2024-08-06,SPY Component Report STE,SPY Component Report
2024-08-06,SPY Component Report TAP,SPY Component Report
2024-08-06,SPY Component Report TDG,SPY Component Report
2024-08-06,SPY Component Report TRMB,SPY Component Report
2024-08-06,SPY Component Report UBER,SPY Component Report
2024-08-06,SPY Component Report VMC,SPY Component Report
2024-08-06,SPY Component Report WYNN,SPY Component Report
2024-08-06,SPY Component Report YUM,SPY Component Report
2024-08-06,SPY Component Report ZTS,SPY Component Report
2024-08-07,SPY Component Report ATO,SPY Component Report
2024-08-07,SPY Component Report CF,SPY Component Report
2024-08-07,SPY Component Report CPAY,SPY Component Report
2024-08-07,SPY Component Report CRL,SPY Component Report
2024-08-07,SPY Component Report CVS,SPY Component Report
2024-08-07,SPY Component Report DIS,SPY Component Report
2024-08-07,SPY Component Report EMR,SPY Component Report
2024-08-07,SPY Component Report EQIX,SPY Component Report
2024-08-07,SPY Component Report GPN,SPY Component Report
2024-08-07,SPY Component Report HLT,SPY Component Report
2024-08-07,SPY Component Report MCK,SPY Component Report
2024-08-07,SPY Component Report MNST,SPY Component Report
2024-08-07,SPY Component Report NI,SPY Component Report
2024-08-07,SPY Component Report OXY,SPY Component Report
2024-08-07,SPY Component Report RL,SPY Component Report
2024-08-07,SPY Component Report ROK,SPY Component Report
2024-08-07,SPY Component Report TECH,SPY Component Report
2024-08-07,SPY Component Report TPL,SPY Component Report
2024-08-07,SPY Component Report WBD,SPY Component Report
2024-08-07,SPY Component Report ZBH,SPY Component Report
2024-08-08,SPY Component Report AKAM,SPY Component Report
2024-08-08,SPY Component Report EPAM,SPY Component Report
2024-08-08,SPY Component Report EXPE,SPY Component Report
2024-08-08,SPY Component Report GILD,SPY Component Report
2024-08-08,SPY Component Report LLY,SPY Component Report
2024-08-08,SPY Component Report MLM,SPY Component Report
2024-08-08,SPY Component Report NRG,SPY Component Report
2024-08-08,SPY Component Report NWS,SPY Component Report
2024-08-08,SPY Component Report NWSA,SPY Component Report
2024-08-08,SPY Component Report PARA,SPY Component Report
2024-08-08,SPY Component Report PH,SPY Component Report
2024-08-08,SPY Component Report PODD,SPY Component Report
2024-08-08,SPY Component Report SOLV,SPY Component Report
2024-08-08,SPY Component Report TKO,SPY Component Report
2024-08-08,SPY Component Report TTWO,SPY Component Report
2024-08-08,SPY Component Report VTRS,SPY Component Report
2024-08-09,SPY Component Report EVRG,SPY Component Report
2024-08-09,SPY Component Report SW,SPY Component Report
2024-08-09,SPY Component Report VST,SPY Component Report
2024-08-13,SPY Component Report HD,SPY Component Report
2024-08-14,CPI Release,CPI Release
2024-08-14,SPY Component Report CAH,SPY Component Report
2024-08-14,SPY Component Report CSCO,SPY Component Report
2024-08-15,SPY Component Report AMAT,SPY Component Report
2024-08-15,SPY Component Report AMCR,SPY Component Report
2024-08-15,SPY Component Report DE,SPY Component Report
2024-08-15,SPY Component Report TPR,SPY Component Report
2024-08-15,SPY Component Report WMT,SPY Component Report
2024-08-19,SPY Component Report EL,SPY Component Report
2024-08-19,SPY Component Report PANW,SPY Component Report
2024-08-19,US Presidential Election DNC convention (Harris nominated),US Presidential Election
2024-08-20,SPY Component Report JKHY,SPY Component Report
2024-08-20,SPY Component Report KEYS,SPY Component Report
2024-08-20,SPY Component Report LOW,SPY Component Report
2024-08-20,SPY Component Report MDT,SPY Component Report
2024-08-21,NFP Release,NFP Release
2024-08-21,SPY Component Report A,SPY Component Report
2024-08-21,SPY Component Report ADI,SPY Component Report
2024-08-21,SPY Component Report NDSN,SPY Component Report
2024-08-21,SPY Component Report SNPS,SPY Component Report
2024-08-21,SPY Component Report TGT,SPY Component Report
2024-08-21,SPY Component Report TJX,SPY Component Report
2024-08-22,SPY Component Report INTU,SPY Component Report
2024-08-22,SPY Component Report ROST,SPY Component Report
2024-08-22,SPY Component Report WDAY,SPY Component Report
2024-08-22,SPY Component Report WSM,SPY Component Report
2024-08-22,US Market Summit Jackson Hole,US Market Summit Jackson Hole
2024-08-28,SPY Component Report COO,SPY Component Report
2024-08-28,SPY Component Report CRM,SPY Component Report
2024-08-28,SPY Component Report CRWD,SPY Component Report
2024-08-28,SPY Component Report HPQ,SPY Component Report
2024-08-28,SPY Component Report NTAP,SPY Component Report
2024-08-28,SPY Component Report NVDA,SPY Component Report
2024-08-28,SPY Component Report SJM,SPY Component Report
2024-08-29,SPY Component Report ADSK,SPY Component Report
2024-08-29,SPY Component Report BBY,SPY Component Report
2024-08-29,SPY Component Report BF-B,SPY Component Report
2024-08-29,SPY Component Report CPB,SPY Component Report
2024-08-29,SPY Component Report DELL,SPY Component Report
2024-08-29,SPY Component Report DG,SPY Component Report
2024-08-29,SPY Component Report LULU,SPY Component Report
2024-08-29,SPY Component Report ULTA,SPY Component Report
2024-08-30,PCE Release for July 2024,PCE Release
2024-09-02,US Holiday Labor Day,US Holiday
2024-09-04,SPY Component Report CPRT,SPY Component Report
2024-09-04,SPY Component Report DLTR,SPY Component Report
2024-09-04,SPY Component Report HPE,SPY Component Report
2024-09-04,SPY Component Report HRL,SPY Component Report
2024-09-05,SPY Component Report AVGO,SPY Component Report
2024-09-06,NFP Release,NFP Release
2024-09-09,SPY Component Report ORCL,SPY Component Report
2024-09-10,US Presidential Election Presidential debate (Harris vs Trump),US Presidential Election
2024-09-11,CPI Release,CPI Release
2024-09-12,SPY Component Report ADBE,SPY Component Report
2024-09-12,SPY Component Report KR,SPY Component Report
2024-09-16,Chinese Holiday Rest Day,Chinese Holiday
2024-09-17,Chinese Holiday Mid-Autumn Festival,Chinese Holiday
2024-09-18,SPY Component Report GIS,SPY Component Report
2024-09-18,US Market Summit FOMC w/ SEP,US Market Summit FOMC
2024-09-19,SPY Component Report DRI,SPY Component Report
2024-09-19,SPY Component Report FDS,SPY Component Report
2024-09-19,SPY Component Report FDX,SPY Component Report
2024-09-19,SPY Component Report LEN,SPY Component Report
2024-09-20,SPY OpEx Quarterly,SPY OpEx Quarterly
2024-09-24,SPY Component Report AZO,SPY Component Report
2024-09-25,SPY Component Report CTAS,SPY Component Report
2024-09-25,SPY Component Report MU,SPY Component Report
2024-09-26,SPY Component Report ACN,SPY Component Report
2024-09-26,SPY Component Report COST,SPY Component Report
2024-09-26,SPY Component Report JBL,SPY Component Report
2024-09-26,SPY Component Report KMX,SPY Component Report
2024-09-27,PCE Release for August 2024,PCE Release
2024-09-30,SPY Component Report CCL,SPY Component Report
2024-10-01,Chinese Holiday National Day,Chinese Holiday
2024-10-01,SPY Component Report LW,SPY Component Report
2024-10-01,SPY Component Report MKC,SPY Component Report
2024-10-01,SPY Component Report NKE,SPY Component Report
2024-10-01,SPY Component Report PAYX,SPY Component Report
2024-10-02,Chinese Holiday National Day,Chinese Holiday
2024-10-02,SPY Component Report CAG,SPY Component Report
2024-10-03,Chinese Holiday National Day,Chinese Holiday
2024-10-03,SPY Component Report STZ,SPY Component Report
2024-10-04,Chinese Holiday Rest Day,Chinese Holiday
2024-10-04,NFP Release,NFP Release
2024-10-07,Chinese Holiday Rest Day,Chinese Holiday
2024-10-08,SPY Component Report PEP,SPY Component Report
2024-10-10,CPI Release,CPI Release
2024-10-10,SPY Component Report DAL,SPY Component Report
2024-10-10,SPY Component Report DPZ,SPY Component Report
2024-10-11,SPY Component Report BK,SPY Component Report
2024-10-11,SPY Component Report BLK,SPY Component Report
2024-10-11,SPY Component Report FAST,SPY Component Report
2024-10-11,SPY Component Report JPM,SPY Component Report
2024-10-11,SPY Component Report WFC,SPY Component Report
2024-10-14,US Holiday Columbus Day,US Holiday
2024-10-15,SPY Component Report BAC,SPY Component Report
2024-10-15,SPY Component Report C,SPY Component Report
2024-10-15,SPY Component Report GS,SPY Component Report
2024-10-15,SPY Component Report JBHT,SPY Component Report
2024-10-15,SPY Component Report JNJ,SPY Component Report
2024-10-15,SPY Component Report OMC,SPY Component Report
2024-10-15,SPY Component Report PGR,SPY Component Report
2024-10-15,SPY Component Report PNC,SPY Component Report
2024-10-15,SPY Component Report SCHW,SPY Component Report
2024-10-15,SPY Component Report STT,SPY Component Report
2024-10-15,SPY Component Report UAL,SPY Component Report
2024-10-15,SPY Component Report UNH,SPY Component Report
2024-10-15,SPY Component Report WBA,SPY Component Report
2024-10-16,SPY Component Report ABT,SPY Component Report
2024-10-16,SPY Component Report CCI,SPY Component Report
2024-10-16,SPY Component Report CFG,SPY Component Report
2024-10-16,SPY Component Report CSX,SPY Component Report
2024-10-16,SPY Component Report EFX,SPY Component Report
2024-10-16,SPY Component Report KMI,SPY Component Report
2024-10-16,SPY Component Report MS,SPY Component Report
2024-10-16,SPY Component Report PLD,SPY Component Report
2024-10-16,SPY Component Report PPG,SPY Component Report
2024-10-16,SPY Component Report STLD,SPY Component Report
2024-10-16,SPY Component Report SYF,SPY Component Report
2024-10-16,SPY Component Report USB,SPY Component Report
2024-10-17,SPY Component Report BX,SPY Component Report
2024-10-17,SPY Component Report ELV,SPY Component Report
2024-10-17,SPY Component Report HBAN,SPY Component Report
2024-10-17,SPY Component Report ISRG,SPY Component Report
2024-10-17,SPY Component Report KEY,SPY Component Report
2024-10-17,SPY Component Report MMC,SPY Component Report
2024-10-17,SPY Component Report MTB,SPY Component Report
2024-10-17,SPY Component Report NFLX,SPY Component Report
2024-10-17,SPY Component Report SNA,SPY Component Report
2024-10-17,SPY Component Report TFC,SPY Component Report
2024-10-17,SPY Component Report TRV,SPY Component Report
2024-10-18,SPY Component Report AXP,SPY Component Report
2024-10-18,SPY Component Report FITB,SPY Component Report
2024-10-18,SPY Component Report PG,SPY Component Report
2024-10-18,SPY Component Report RF,SPY Component Report
2024-10-18,SPY Component Report SLB,SPY Component Report
2024-10-21,SPY Component Report ARE,SPY Component Report
2024-10-21,SPY Component Report NUE,SPY Component Report
2024-10-21,SPY Component Report WRB,SPY Component Report
2024-10-22,SPY Component Report AOS,SPY Component Report
2024-10-22,SPY Component Report BKR,SPY Component Report
2024-10-22,SPY Component Report CSGP,SPY Component Report
2024-10-22,SPY Component Report DGX,SPY Component Report
2024-10-22,SPY Component Report DHR,SPY Component Report
2024-10-22,SPY Component Report ENPH,SPY Component Report
2024-10-22,SPY Component Report FCX,SPY Component Report
2024-10-22,SPY Component Report FI,SPY Component Report
2024-10-22,SPY Component Report GE,SPY Component Report
2024-10-22,SPY Component Report GM,SPY Component Report
2024-10-22,SPY Component Report GPC,SPY Component Report
2024-10-22,SPY Component Report IPG,SPY Component Report
2024-10-22,SPY Component Report IVZ,SPY Component Report
2024-10-22,SPY Component Report KMB,SPY Component Report
2024-10-22,SPY Component Report LMT,SPY Component Report
2024-10-22,SPY Component Report MCO,SPY Component Report
2024-10-22,SPY Component Report MMM,SPY Component Report
2024-10-22,SPY Component Report NSC,SPY Component Report
2024-10-22,SPY Component Report NVR,SPY Component Report
2024-10-22,SPY Component Report PCAR,SPY Component Report
2024-10-22,SPY Component Report PHM,SPY Component Report
2024-10-22,SPY Component Report PKG,SPY Component Report
2024-10-22,SPY Component Report PM,SPY Component Report
2024-10-22,SPY Component Report PNR,SPY Component Report
2024-10-22,SPY Component Report RTX,SPY Component Report
2024-10-22,SPY Component Report SHW,SPY Component Report
2024-10-22,SPY Component Report STX,SPY Component Report
2024-10-22,SPY Component Report TXN,SPY Component Report
2024-10-22,SPY Component Report VZ,SPY Component Report
2024-10-23,SPY Component Report ALGN,SPY Component Report
2024-10-23,SPY Component Report AMP,SPY Component Report
2024-10-23,SPY Component Report APH,SPY Component Report
2024-10-23,SPY Component Report AVY,SPY Component Report
2024-10-23,SPY Component Report BA,SPY Component Report
2024-10-23,SPY Component Report BSX,SPY Component Report
2024-10-23,SPY Component Report CME,SPY Component Report
2024-10-23,SPY Component Report GD,SPY Component Report
2024-10-23,SPY Component Report GEV,SPY Component Report
2024-10-23,SPY Component Report GL,SPY Component Report
2024-10-23,SPY Component Report HLT,SPY Component Report
2024-10-23,SPY Component Report IBM,SPY Component Report
2024-10-23,SPY Component Report KO,SPY Component Report
2024-10-23,SPY Component Report LII,SPY Component Report
2024-10-23,SPY Component Report LRCX,SPY Component Report
2024-10-23,SPY Component Report LVS,SPY Component Report
2024-10-23,SPY Component Report MOH,SPY Component Report
2024-10-23,SPY Component Report NEE,SPY Component Report
2024-10-23,SPY Component Report NEM,SPY Component Report
2024-10-23,SPY Component Report NOW,SPY Component Report
2024-10-23,SPY Component Report NTRS,SPY Component Report
2024-10-23,SPY Component Report ODFL,SPY Component Report
2024-10-23,SPY Component Report ORLY,SPY Component Report
2024-10-23,SPY Component Report RJF,SPY Component Report
2024-10-23,SPY Component Report ROL,SPY Component Report
2024-10-23,SPY Component Report ROP,SPY Component Report
2024-10-23,SPY Component Report T,SPY Component Report
2024-10-23,SPY Component Report TDY,SPY Component Report
2024-10-23,SPY Component Report TER,SPY Component Report
2024-10-23,SPY Component Report TMO,SPY Component Report
2024-10-23,SPY Component Report TMUS,SPY Component Report
2024-10-23,SPY Component Report TSLA,SPY Component Report
2024-10-23,SPY Component Report TYL,SPY Component Report
2024-10-23,SPY Component Report URI,SPY Component Report
2024-10-23,SPY Component Report VLTO,SPY Component Report
2024-10-23,SPY Component Report WAB,SPY Component Report
2024-10-24,SPY Component Report AJG,SPY Component Report
2024-10-24,SPY Component Report ALLE,SPY Component Report
2024-10-24,SPY Component Report CARR,SPY Component Report
2024-10-24,SPY Component Report CBRE,SPY Component Report
2024-10-24,SPY Component Report CINF,SPY Component Report
2024-10-24,SPY Component Report COF,SPY Component Report
2024-10-24,SPY Component Report DECK,SPY Component Report
2024-10-24,SPY Component Report DLR,SPY Component Report
2024-10-24,SPY Component Report DOC,SPY Component Report
2024-10-24,SPY Component Report DOV,SPY Component Report
2024-10-24,SPY Component Report DOW,SPY Component Report
2024-10-24,SPY Component Report DTE,SPY Component Report
2024-10-24,SPY Component Report DXCM,SPY Component Report
2024-10-24,SPY Component Report EW,SPY Component Report
2024-10-24,SPY Component Report HAS,SPY Component Report
2024-10-24,SPY Component Report HIG,SPY Component Report
2024-10-24,SPY Component Report HON,SPY Component Report
2024-10-24,SPY Component Report KDP,SPY Component Report
2024-10-24,SPY Component Report KKR,SPY Component Report
2024-10-24,SPY Component Report LH,SPY Component Report
2024-10-24,SPY Component Report LHX,SPY Component Report
2024-10-24,SPY Component Report LKQ,SPY Component Report
2024-10-24,SPY Component Report LUV,SPY Component Report
2024-10-24,SPY Component Report MHK,SPY Component Report
2024-10-24,SPY Component Report NDAQ,SPY Component Report
2024-10-24,SPY Component Report NOC,SPY Component Report
2024-10-24,SPY Component Report PFG,SPY Component Report
2024-10-24,SPY Component Report POOL,SPY Component Report
2024-10-24,SPY Component Report RMD,SPY Component Report
2024-10-24,SPY Component Report SPGI,SPY Component Report
2024-10-24,SPY Component Report TSCO,SPY Component Report
2024-10-24,SPY Component Report TXT,SPY Component Report
2024-10-24,SPY Component Report UHS,SPY Component Report
2024-10-24,SPY Component Report UNP,SPY Component Report
2024-10-24,SPY Component Report UPS,SPY Component Report
2024-10-24,SPY Component Report VLO,SPY Component Report
2024-10-24,SPY Component Report VRSN,SPY Component Report
2024-10-24,SPY Component Report WDC,SPY Component Report
2024-10-24,SPY Component Report WST,SPY Component Report
2024-10-24,SPY Component Report WY,SPY Component Report
2024-10-25,SPY Component Report AON,SPY Component Report
2024-10-25,SPY Component Report CL,SPY Component Report
2024-10-25,SPY Component Report CNC,SPY Component Report
2024-10-25,SPY Component Report HCA,SPY Component Report
2024-10-28,SPY Component Report BRO,SPY Component Report
2024-10-28,SPY Component Report CDNS,SPY Component Report
2024-10-28,SPY Component Report CNP,SPY Component Report
2024-10-28,SPY Component Report F,SPY Component Report
2024-10-28,SPY Component Report FFIV,SPY Component Report
2024-10-28,SPY Component Report ON,SPY Component Report
2024-10-28,SPY Component Report REG,SPY Component Report
2024-10-28,SPY Component Report SBAC,SPY Component Report
2024-10-28,SPY Component Report WELL,SPY Component Report
2024-10-28,SPY Component Report WM,SPY Component Report
2024-10-29,SPY Component Report AMD,SPY Component Report
2024-10-29,SPY Component Report AMT,SPY Component Report
2024-10-29,SPY Component Report BXP,SPY Component Report
2024-10-29,SPY Component Report CB,SPY Component Report
2024-10-29,SPY Component Report CMG,SPY Component Report
2024-10-29,SPY Component Report CZR,SPY Component Report
2024-10-29,SPY Component Report DHI,SPY Component Report
2024-10-29,SPY Component Report DVA,SPY Component Report
2024-10-29,SPY Component Report EA,SPY Component Report
2024-10-29,SPY Component Report ECL,SPY Component Report
2024-10-29,SPY Component Report EIX,SPY Component Report
2024-10-29,SPY Component Report EQT,SPY Component Report
2024-10-29,SPY Component Report ESS,SPY Component Report
2024-10-29,SPY Component Report EXE,SPY Component Report
2024-10-29,SPY Component Report EXR,SPY Component Report
2024-10-29,SPY Component Report FE,SPY Component Report
2024-10-29,SPY Component Report FSLR,SPY Component Report
2024-10-29,SPY Component Report GLW,SPY Component Report
2024-10-29,SPY Component Report GOOG,SPY Component Report
2024-10-29,SPY Component Report GOOGL,SPY Component Report
2024-10-29,SPY Component Report HUBB,SPY Component Report
2024-10-29,SPY Component Report IEX,SPY Component Report
2024-10-29,SPY Component Report INCY,SPY Component Report
2024-10-29,SPY Component Report LDOS,SPY Component Report
2024-10-29,SPY Component Report MAS,SPY Component Report
2024-10-29,SPY Component Report MCD,SPY Component Report
2024-10-29,SPY Component Report MDLZ,SPY Component Report
2024-10-29,SPY Component Report MSCI,SPY Component Report
2024-10-29,SPY Component Report OKE,SPY Component Report
2024-10-29,SPY Component Report PFE,SPY Component Report
2024-10-29,SPY Component Report PSX,SPY Component Report
2024-10-29,SPY Component Report PYPL,SPY Component Report
2024-10-29,SPY Component Report RCL,SPY Component Report
2024-10-29,SPY Component Report RSG,SPY Component Report
2024-10-29,SPY Component Report SWK,SPY Component Report
2024-10-29,SPY Component Report SYK,SPY Component Report
2024-10-29,SPY Component Report SYY,SPY Component Report
2024-10-29,SPY Component Report V,SPY Component Report
2024-10-29,SPY Component Report ZBRA,SPY Component Report
2024-10-30,SPY Component Report ABBV,SPY Component Report
2024-10-30,SPY Component Report ACGL,SPY Component Report
2024-10-30,SPY Component Report ADP,SPY Component Report
2024-10-30,SPY Component Report AFL,SPY Component Report
2024-10-30,SPY Component Report ALL,SPY Component Report
2024-10-30,SPY Component Report AMGN,SPY Component Report
2024-10-30,SPY Component Report AWK,SPY Component Report
2024-10-30,SPY Component Report BG,SPY Component Report
2024-10-30,SPY Component Report BIIB,SPY Component Report
2024-10-30,SPY Component Report BKNG,SPY Component Report
2024-10-30,SPY Component Report CAT,SPY Component Report
2024-10-30,SPY Component Report CDW,SPY Component Report
2024-10-30,SPY Component Report CF,SPY Component Report
2024-10-30,SPY Component Report CHRW,SPY Component Report
2024-10-30,SPY Component Report CLX,SPY Component Report
2024-10-30,SPY Component Report COIN,SPY Component Report
2024-10-30,SPY Component Report CTSH,SPY Component Report
2024-10-30,SPY Component Report DASH,SPY Component Report
2024-10-30,SPY Component Report DAY,SPY Component Report
2024-10-30,SPY Component Report EBAY,SPY Component Report
2024-10-30,SPY Component Report EG,SPY Component Report
2024-10-30,SPY Component Report EQIX,SPY Component Report
2024-10-30,SPY Component Report EQR,SPY Component Report
2024-10-30,SPY Component Report EXC,SPY Component Report
2024-10-30,SPY Component Report FRT,SPY Component Report
2024-10-30,SPY Component Report FTV,SPY Component Report
2024-10-30,SPY Component Report GDDY,SPY Component Report
2024-10-30,SPY Component Report GEHC,SPY Component Report
2024-10-30,SPY Component Report GEN,SPY Component Report
2024-10-30,SPY Component Report GPN,SPY Component Report
2024-10-30,SPY Component Report GRMN,SPY Component Report
2024-10-30,SPY Component Report HES,SPY Component Report
2024-10-30,SPY Component Report HUM,SPY Component Report
2024-10-30,SPY Component Report INVH,SPY Component Report
2024-10-30,SPY Component Report ITW,SPY Component Report
2024-10-30,SPY Component Report KHC,SPY Component Report
2024-10-30,SPY Component Report KLAC,SPY Component Report
2024-10-30,SPY Component Report LLY,SPY Component Report
2024-10-30,SPY Component Report MAA,SPY Component Report
2024-10-30,SPY Component Report MET,SPY Component Report
2024-10-30,SPY Component Report META,SPY Component Report
2024-10-30,SPY Component Report MGM,SPY Component Report
2024-10-30,SPY Component Report MLM,SPY Component Report
2024-10-30,SPY Component Report MPWR,SPY Component Report
2024-10-30,SPY Component Report MSFT,SPY Component Report
2024-10-30,SPY Component Report NI,SPY Component Report
2024-10-30,SPY Component Report OTIS,SPY Component Report
2024-10-30,SPY Component Report PAYC,SPY Component Report
2024-10-30,SPY Component Report PRU,SPY Component Report
2024-10-30,SPY Component Report PSA,SPY Component Report
2024-10-30,SPY Component Report SBUX,SPY Component Report
2024-10-30,SPY Component Report SW,SPY Component Report
2024-10-30,SPY Component Report TECH,SPY Component Report
2024-10-30,SPY Component Report TEL,SPY Component Report
2024-10-30,SPY Component Report TT,SPY Component Report
2024-10-30,SPY Component Report UDR,SPY Component Report
2024-10-30,SPY Component Report VMC,SPY Component Report
2024-10-30,SPY Component Report VRSK,SPY Component Report
2024-10-30,SPY Component Report VTR,SPY Component Report
2024-10-30,SPY Component Report ZBH,SPY Component Report
2024-10-30,US Market Summit FOMC Statement,US Market Summit FOMC
2024-10-31,PCE Release for September 2024,PCE Release
2024-10-31,SPY Component Report AAPL,SPY Component Report
2024-10-31,SPY Component Report AES,SPY Component Report
2024-10-31,SPY Component Report AMCR,SPY Component Report
2024-10-31,SPY Component Report AME,SPY Component Report
2024-10-31,SPY Component Report AMZN,SPY Component Report
2024-10-31,SPY Component Report APTV,SPY Component Report
2024-10-31,SPY Component Report BALL,SPY Component Report
2024-10-31,SPY Component Report BMY,SPY Component Report
2024-10-31,SPY Component Report CI,SPY Component Report
2024-10-31,SPY Component Report CMCSA,SPY Component Report
2024-10-31,SPY Component Report CMS,SPY Component Report
2024-10-31,SPY Component Report COP,SPY Component Report
2024-10-31,SPY Component Report CPT,SPY Component Report
2024-10-31,SPY Component Report CTRA,SPY Component Report
2024-10-31,SPY Component Report EL,SPY Component Report
2024-10-31,SPY Component Report EMN,SPY Component Report
2024-10-31,SPY Component Report ERIE,SPY Component Report
2024-10-31,SPY Component Report ETN,SPY Component Report
2024-10-31,SPY Component Report ETR,SPY Component Report
2024-10-31,SPY Component Report GNRC,SPY Component Report
2024-10-31,SPY Component Report GWW,SPY Component Report
2024-10-31,SPY Component Report HII,SPY Component Report
2024-10-31,SPY Component Report ICE,SPY Component Report
2024-10-31,SPY Component Report IDXX,SPY Component Report
2024-10-31,SPY Component Report INTC,SPY Component Report
2024-10-31,SPY Component Report IP,SPY Component Report
2024-10-31,SPY Component Report IQV,SPY Component Report
2024-10-31,SPY Component Report IR,SPY Component Report
2024-10-31,SPY Component Report JNPR,SPY Component Report
2024-10-31,SPY Component Report K,SPY Component Report
2024-10-31,SPY Component Report KIM,SPY Component Report
2024-10-31,SPY Component Report LIN,SPY Component Report
2024-10-31,SPY Component Report LNT,SPY Component Report
2024-10-31,SPY Component Report MA,SPY Component Report
2024-10-31,SPY Component Report MO,SPY Component Report
2024-10-31,SPY Component Report MRK,SPY Component Report
2024-10-31,SPY Component Report NCLH,SPY Component Report
2024-10-31,SPY Component Report PH,SPY Component Report
2024-10-31,SPY Component Report PWR,SPY Component Report
2024-10-31,SPY Component Report REGN,SPY Component Report
2024-10-31,SPY Component Report SO,SPY Component Report
2024-10-31,SPY Component Report UBER,SPY Component Report
2024-10-31,SPY Component Report VICI,SPY Component Report
2024-10-31,SPY Component Report WEC,SPY Component Report
2024-10-31,SPY Component Report WTW,SPY Component Report
2024-10-31,SPY Component Report XEL,SPY Component Report
2024-10-31,SPY Component Report XYL,SPY Component Report
2024-11-01,NFP Release,NFP Release
2024-11-01,SPY Component Report CAH,SPY Component Report
2024-11-01,SPY Component Report CBOE,SPY Component Report
2024-11-01,SPY Component Report CHD,SPY Component Report
2024-11-01,SPY Component Report CHTR,SPY Component Report
2024-11-01,SPY Component Report CVX,SPY Component Report
2024-11-01,SPY Component Report D,SPY Component Report
2024-11-01,SPY Component Report LYB,SPY Component Report
2024-11-01,SPY Component Report PPL,SPY Component Report
2024-11-01,SPY Component Report SPG,SPY Component Report
2024-11-01,SPY Component Report TROW,SPY Component Report
2024-11-01,SPY Component Report WAT,SPY Component Report
2024-11-01,SPY Component Report XOM,SPY Component Report
2024-11-02,SPY Component Report BRK-B,SPY Component Report
2024-11-04,SPY Component Report AIG,SPY Component Report
2024-11-04,SPY Component Report AVB,SPY Component Report
2024-11-04,SPY Component Report BEN,SPY Component Report
2024-11-04,SPY Component Report CEG,SPY Component Report
2024-11-04,SPY Component Report ES,SPY Component Report
2024-11-04,SPY Component Report FANG,SPY Component Report
2024-11-04,SPY Component Report FIS,SPY Component Report
2024-11-04,SPY Component Report FOX,SPY Component Report
2024-11-04,SPY Component Report FOXA,SPY Component Report
2024-11-04,SPY Component Report HOLX,SPY Component Report
2024-11-04,SPY Component Report MAR,SPY Component Report
2024-11-04,SPY Component Report NXPI,SPY Component Report
2024-11-04,SPY Component Report O,SPY Component Report
2024-11-04,SPY Component Report PEG,SPY Component Report
2024-11-04,SPY Component Report PLTR,SPY Component Report
2024-11-04,SPY Component Report RVTY,SPY Component Report
2024-11-04,SPY Component Report VRTX,SPY Component Report
2024-11-04,SPY Component Report WYNN,SPY Component Report
2024-11-04,SPY Component Report ZTS,SPY Component Report
2024-11-05,SPY Component Report AIZ,SPY Component Report
2024-11-05,SPY Component Report APO,SPY Component Report
2024-11-05,SPY Component Report BLDR,SPY Component Report
2024-11-05,SPY Component Report BR,SPY Component Report
2024-11-05,SPY Component Report CMI,SPY Component Report
2024-11-05,SPY Component Report DD,SPY Component Report
2024-11-05,SPY Component Report DVN,SPY Component Report
2024-11-05,SPY Component Report EMR,SPY Component Report
2024-11-05,SPY Component Report EXPD,SPY Component Report
2024-11-05,SPY Component Report HSIC,SPY Component Report
2024-11-05,SPY Component Report IFF,SPY Component Report
2024-11-05,SPY Component Report IT,SPY Component Report
2024-11-05,SPY Component Report JKHY,SPY Component Report
2024-11-05,SPY Component Report MCHP,SPY Component Report
2024-11-05,SPY Component Report MPC,SPY Component Report
2024-11-05,SPY Component Report TRGP,SPY Component Report
2024-11-05,SPY Component Report YUM,SPY Component Report
2024-11-05,US Presidential Election Day 2024 (Trump wins),US Presidential Election
2024-11-06,SPY Component Report AEE,SPY Component Report
2024-11-06,SPY Component Report AEP,SPY Component Report
2024-11-06,SPY Component Report ALB,SPY Component Report
2024-11-06,SPY Component Report ANSS,SPY Component Report
2024-11-06,SPY Component Report COR,SPY Component Report
2024-11-06,SPY Component Report CRL,SPY Component Report
2024-11-06,SPY Component Report CTVA,SPY Component Report
2024-11-06,SPY Component Report CVS,SPY Component Report
2024-11-06,SPY Component Report FICO,SPY Component Report
2024-11-06,SPY Component Report GILD,SPY Component Report
2024-11-06,SPY Component Report HST,SPY Component Report
2024-11-06,SPY Component Report HWM,SPY Component Report
2024-11-06,SPY Component Report IRM,SPY Component Report
2024-11-06,SPY Component Report JCI,SPY Component Report
2024-11-06,SPY Component Report MCK,SPY Component Report
2024-11-06,SPY Component Report MKTX,SPY Component Report
2024-11-06,SPY Component Report MTCH,SPY Component Report
2024-11-06,SPY Component Report PNW,SPY Component Report
2024-11-06,SPY Component Report PTC,SPY Component Report
2024-11-06,SPY Component Report QCOM,SPY Component Report
2024-11-06,SPY Component Report SRE,SPY Component Report
2024-11-06,SPY Component Report STE,SPY Component Report
2024-11-06,SPY Component Report TKO,SPY Component Report
2024-11-06,SPY Component Report TRMB,SPY Component Report
2024-11-06,SPY Component Report TTWO,SPY Component Report
2024-11-06,SPY Component Report WMB,SPY Component Report
2024-11-07,SPY Component Report ABNB,SPY Component Report
2024-11-07,SPY Component Report AKAM,SPY Component Report
2024-11-07,SPY Component Report ANET,SPY Component Report
2024-11-07,SPY Component Report APA,SPY Component Report
2024-11-07,SPY Component Report APD,SPY Component Report
2024-11-07,SPY Component Report AXON,SPY Component Report
2024-11-07,SPY Component Report BDX,SPY Component Report
2024-11-07,SPY Component Report CPAY,SPY Component Report
2024-11-07,SPY Component Report DUK,SPY Component Report
2024-11-07,SPY Component Report ED,SPY Component Report
2024-11-07,SPY Component Report EOG,SPY Component Report
2024-11-07,SPY Component Report EPAM,SPY Component Report
2024-11-07,SPY Component Report EVRG,SPY Component Report
2024-11-07,SPY Component Report EXPE,SPY Component Report
2024-11-07,SPY Component Report FTNT,SPY Component Report
2024-11-07,SPY Component Report HAL,SPY Component Report
2024-11-07,SPY Component Report HSY,SPY Component Report
2024-11-07,SPY Component Report KVUE,SPY Component Report
2024-11-07,SPY Component Report MNST,SPY Component Report
2024-11-07,SPY Component Report MRNA,SPY Component Report
2024-11-07,SPY Component Report MSI,SPY Component Report
2024-11-07,SPY Component Report MTD,SPY Component Report
2024-11-07,SPY Component Report NWS,SPY Component Report
2024-11-07,SPY Component Report NWSA,SPY Component Report
2024-11-07,SPY Component Report PCG,SPY Component Report
2024-11-07,SPY Component Report PODD,SPY Component Report
2024-11-07,SPY Component Report RL,SPY Component Report
2024-11-07,SPY Component Report ROK,SPY Component Report
2024-11-07,SPY Component Report SOLV,SPY Component Report
2024-11-07,SPY Component Report TAP,SPY Component Report
2024-11-07,SPY Component Report TDG,SPY Component Report
2024-11-07,SPY Component Report VTRS,SPY Component Report
2024-11-07,SPY Component Report WBD,SPY Component Report
2024-11-08,SPY Component Report BAX,SPY Component Report
2024-11-08,SPY Component Report NRG,SPY Component Report
2024-11-08,SPY Component Report PARA,SPY Component Report
2024-11-08,SPY Component Report VST,SPY Component Report
2024-11-11,SPY Component Report LYV,SPY Component Report
2024-11-11,US Holiday Veterans Day,US Holiday
2024-11-12,SPY Component Report HD,SPY Component Report
2024-11-12,SPY Component Report MOS,SPY Component Report
2024-11-12,SPY Component Report OXY,SPY Component Report
2024-11-12,SPY Component Report SWKS,SPY Component Report
2024-11-12,SPY Component Report TSN,SPY Component Report
2024-11-13,CPI Release,CPI Release
2024-11-13,SPY Component Report CSCO,SPY Component Report
2024-11-14,SPY Component Report AMAT,SPY Component Report
2024-11-14,SPY Component Report DIS,SPY Component Report
2024-11-18,SPY Component Report ADM,SPY Component Report
2024-11-18,SPY Component Report ATO,SPY Component Report
2024-11-18,US Market Summit G20 Summit,US Market Summit G20
2024-11-19,SPY Component Report J,SPY Component Report
2024-11-19,SPY Component Report KEYS,SPY Component Report
2024-11-19,SPY Component Report LOW,SPY Component Report
2024-11-19,SPY Component Report MDT,SPY Component Report
2024-11-19,SPY Component Report WMT,SPY Component Report
2024-11-20,SPY Component Report NVDA,SPY Component Report
2024-11-20,SPY Component Report PANW,SPY Component Report
2024-11-20,SPY Component Report TGT,SPY Component Report
2024-11-20,SPY Component Report TJX,SPY Component Report
2024-11-20,SPY Component Report WSM,SPY Component Report
2024-11-21,SPY Component Report CPRT,SPY Component Report
2024-11-21,SPY Component Report DE,SPY Component Report
2024-11-21,SPY Component Report INTU,SPY Component Report
2024-11-21,SPY Component Report NTAP,SPY Component Report
2024-11-21,SPY Component Report ROST,SPY Component Report
2024-11-25,SPY Component Report A,SPY Component Report
2024-11-26,SPY Component Report ADI,SPY Component Report
2024-11-26,SPY Component Report ADSK,SPY Component Report
2024-11-26,SPY Component Report BBY,SPY Component Report
2024-11-26,SPY Component Report CRWD,SPY Component Report
2024-11-26,SPY Component Report DELL,SPY Component Report
2024-11-26,SPY Component Report HPQ,SPY Component Report
2024-11-26,SPY Component Report SJM,SPY Component Report
2024-11-26,SPY Component Report WDAY,SPY Component Report
2024-11-27,PCE Release for October 2024,PCE Release
2024-11-28,US Holiday Thanksgiving Day,US Holiday
2024-12-03,SPY Component Report CPB,SPY Component Report
2024-12-03,SPY Component Report CRM,SPY Component Report
2024-12-04,SPY Component Report DLTR,SPY Component Report
2024-12-04,SPY Component Report HRL,SPY Component Report
2024-12-04,SPY Component Report SNPS,SPY Component Report
2024-12-05,SPY Component Report BF-B,SPY Component Report
2024-12-05,SPY Component Report COO,SPY Component Report
2024-12-05,SPY Component Report DG,SPY Component Report
2024-12-05,SPY Component Report HPE,SPY Component Report
2024-12-05,SPY Component Report KR,SPY Component Report
2024-12-05,SPY Component Report LULU,SPY Component Report
2024-12-05,SPY Component Report ULTA,SPY Component Report
2024-12-06,NFP Release,NFP Release
2024-12-09,SPY Component Report ORCL,SPY Component Report
2024-12-10,SPY Component Report AZO,SPY Component Report
2024-12-11,CPI Release,CPI Release
2024-12-11,SPY Component Report ADBE,SPY Component Report
2024-12-11,SPY Component Report NDSN,SPY Component Report
2024-12-12,SPY Component Report AVGO,SPY Component Report
2024-12-12,SPY Component Report COST,SPY Component Report
2024-12-16,SPY Component Report AMTM,SPY Component Report
2024-12-17,US Presidential Election Electoral College vote,US Presidential Election
2024-12-18,SPY Component Report GIS,SPY Component Report
2024-12-18,SPY Component Report JBL,SPY Component Report
2024-12-18,SPY Component Report LEN,SPY Component Report
2024-12-18,SPY Component Report MU,SPY Component Report
2024-12-18,US Market Summit FOMC w/ SEP,US Market Summit FOMC
2024-12-19,SPY Component Report ACN,SPY Component Report
2024-12-19,SPY Component Report CAG,SPY Component Report
2024-12-19,SPY Component Report CTAS,SPY Component Report
2024-12-19,SPY Component Report DRI,SPY Component Report
2024-12-19,SPY Component Report FDS,SPY Component Report
2024-12-19,SPY Component Report FDX,SPY Component Report
2024-12-19,SPY Component Report KMX,SPY Component Report
2024-12-19,SPY Component Report LW,SPY Component Report
2024-12-19,SPY Component Report NKE,SPY Component Report
2024-12-19,SPY Component Report PAYX,SPY Component Report
2024-12-20,PCE Release for November 2024,PCE Release
2024-12-20,SPY Component Report CCL,SPY Component Report
2024-12-20,SPY OpEx Quarterly,SPY OpEx Quarterly
2024-12-25,US Holiday Christmas Day,US Holiday
2025-01-01,Chinese Holiday New Year's Day,Chinese Holiday
2025-01-01,US Holiday New Year's Day,US Holiday
2025-01-06,US Presidential Election Congress certifies Trump victory,US Presidential Election
2025-01-10,NFP Release,NFP Release
2025-01-10,SPY Component Report DAL,SPY Component Report
2025-01-10,SPY Component Report STZ,SPY Component Report
2025-01-10,SPY Component Report WBA,SPY Component Report
2025-01-15,CPI Release,CPI Release
2025-01-15,SPY Component Report BK,SPY Component Report
2025-01-15,SPY Component Report BLK,SPY Component Report
2025-01-15,SPY Component Report C,SPY Component Report
2025-01-15,SPY Component Report GS,SPY Component Report
2025-01-15,SPY Component Report JPM,SPY Component Report
2025-01-15,SPY Component Report USB,SPY Component Report
2025-01-15,SPY Component Report WFC,SPY Component Report
2025-01-16,SPY Component Report BAC,SPY Component Report
2025-01-16,SPY Component Report JBHT,SPY Component Report
2025-01-16,SPY Component Report MS,SPY Component Report
2025-01-16,SPY Component Report MTB,SPY Component Report
2025-01-16,SPY Component Report PNC,SPY Component Report
2025-01-16,SPY Component Report UNH,SPY Component Report
2025-01-17,SPY Component Report CFG,SPY Component Report
2025-01-17,SPY Component Report FAST,SPY Component Report
2025-01-17,SPY Component Report HBAN,SPY Component Report
2025-01-17,SPY Component Report RF,SPY Component Report
2025-01-17,SPY Component Report SLB,SPY Component Report
2025-01-17,SPY Component Report STT,SPY Component Report
2025-01-17,SPY Component Report TFC,SPY Component Report
2025-01-20,US Holiday Martin Luther King Jr. Day,US Holiday
2025-01-20,US Presidential Election Inauguration Trump 47th,US Presidential Election
2025-01-21,SPY Component Report COF,SPY Component Report
2025-01-21,SPY Component Report DHI,SPY Component Report
2025-01-21,SPY Component Report FITB,SPY Component Report
2025-01-21,SPY Component Report KEY,SPY Component Report
2025-01-21,SPY Component Report MMM,SPY Component Report
2025-01-21,SPY Component Report NFLX,SPY Component Report
2025-01-21,SPY Component Report PLD,SPY Component Report
2025-01-21,SPY Component Report SCHW,SPY Component Report
2025-01-21,SPY Component Report STX,SPY Component Report
2025-01-21,SPY Component Report UAL,SPY Component Report
2025-01-22,SPY Component Report ABT,SPY Component Report
2025-01-22,SPY Component Report APH,SPY Component Report
2025-01-22,SPY Component Report GEV,SPY Component Report
2025-01-22,SPY Component Report HAL,SPY Component Report
2025-01-22,SPY Component Report JNJ,SPY Component Report
2025-01-22,SPY Component Report KMI,SPY Component Report
2025-01-22,SPY Component Report PG,SPY Component Report
2025-01-22,SPY Component Report STLD,SPY Component Report
2025-01-22,SPY Component Report TDY,SPY Component Report
2025-01-22,SPY Component Report TEL,SPY Component Report
2025-01-22,SPY Component Report TRV,SPY Component Report
2025-01-22,SPY Component Report TXT,SPY Component Report
2025-01-23,SPY Component Report CSX,SPY Component Report
2025-01-23,SPY Component Report ELV,SPY Component Report
2025-01-23,SPY Component Report FCX,SPY Component Report
2025-01-23,SPY Component Report GE,SPY Component Report
2025-01-23,SPY Component Report ISRG,SPY Component Report
2025-01-23,SPY Component Report MKC,SPY Component Report
2025-01-23,SPY Component Report NTRS,SPY Component Report
2025-01-23,SPY Component Report TXN,SPY Component Report
2025-01-23,SPY Component Report UNP,SPY Component Report
2025-01-24,SPY Component Report AXP,SPY Component Report
2025-01-24,SPY Component Report HCA,SPY Component Report
2025-01-24,SPY Component Report NEE,SPY Component Report
2025-01-24,SPY Component Report VZ,SPY Component Report
2025-01-27,SPY Component Report ARE,SPY Component Report
2025-01-27,SPY Component Report BRO,SPY Component Report
2025-01-27,SPY Component Report NUE,SPY Component Report
2025-01-27,SPY Component Report T,SPY Component Report
2025-01-27,SPY Component Report WRB,SPY Component Report
2025-01-28,Chinese Holiday Lunar New Year's Eve,Chinese Holiday
2025-01-28,SPY Component Report BA,SPY Component Report
2025-01-28,SPY Component Report BXP,SPY Component Report
2025-01-28,SPY Component Report CB,SPY Component Report
2025-01-28,SPY Component Report FFIV,SPY Component Report
2025-01-28,SPY Component Report GM,SPY Component Report
2025-01-28,SPY Component Report IVZ,SPY Component Report
2025-01-28,SPY Component Report KMB,SPY Component Report
2025-01-28,SPY Component Report LMT,SPY Component Report
2025-01-28,SPY Component Report NVR,SPY Component Report
2025-01-28,SPY Component Report PCAR,SPY Component Report
2025-01-28,SPY Component Report PGR,SPY Component Report
2025-01-28,SPY Component Report PKG,SPY Component Report
2025-01-28,SPY Component Report RCL,SPY Component Report
2025-01-28,SPY Component Report RTX,SPY Component Report
2025-01-28,SPY Component Report SBUX,SPY Component Report
2025-01-28,SPY Component Report SYF,SPY Component Report
2025-01-28,SPY Component Report SYK,SPY Component Report
2025-01-28,SPY Component Report SYY,SPY Component Report
2025-01-29,Chinese Holiday Spring Festival,Chinese Holiday
2025-01-29,SPY Component Report ADP,SPY Component Report
2025-01-29,SPY Component Report AMP,SPY Component Report
2025-01-29,SPY Component Report CHRW,SPY Component Report
2025-01-29,SPY Component Report DHR,SPY Component Report
2025-01-29,SPY Component Report GD,SPY Component Report
2025-01-29,SPY Component Report GLW,SPY Component Report
2025-01-29,SPY Component Report HES,SPY Component Report
2025-01-29,SPY Component Report IBM,SPY Component Report
2025-01-29,SPY Component Report LII,SPY Component Report
2025-01-29,SPY Component Report LRCX,SPY Component Report
2025-01-29,SPY Component Report LVS,SPY Component Report
2025-01-29,SPY Component Report META,SPY Component Report
2025-01-29,SPY Component Report MSCI,SPY Component Report
2025-01-29,SPY Component Report MSFT,SPY Component Report
2025-01-29,SPY Component Report NDAQ,SPY Component Report
2025-01-29,SPY Component Report NOW,SPY Component Report
2025-01-29,SPY Component Report NSC,SPY Component Report
2025-01-29,SPY Component Report OTIS,SPY Component Report
2025-01-29,SPY Component Report RJF,SPY Component Report
2025-01-29,SPY Component Report TER,SPY Component Report
2025-01-29,SPY Component Report TMUS,SPY Component Report
2025-01-29,SPY Component Report TSLA,SPY Component Report
2025-01-29,SPY Component Report URI,SPY Component Report
2025-01-29,SPY Component Report WDC,SPY Component Report
2025-01-29,SPY Component Report WM,SPY Component Report
2025-01-29,US Market Summit FOMC Statement,US Market Summit FOMC
2025-01-30,Chinese Holiday Spring Festival,Chinese Holiday
2025-01-30,SPY Component Report AAPL,SPY Component Report
2025-01-30,SPY Component Report AJG,SPY Component Report
2025-01-30,SPY Component Report AOS,SPY Component Report
2025-01-30,SPY Component Report AVY,SPY Component Report
2025-01-30,SPY Component Report BKR,SPY Component Report
2025-01-30,SPY Component Report BX,SPY Component Report
2025-01-30,SPY Component Report CAH,SPY Component Report
2025-01-30,SPY Component Report CAT,SPY Component Report
2025-01-30,SPY Component Report CI,SPY Component Report
2025-01-30,SPY Component Report CMCSA,SPY Component Report
2025-01-30,SPY Component Report DECK,SPY Component Report
2025-01-30,SPY Component Report DGX,SPY Component Report
2025-01-30,SPY Component Report DOV,SPY Component Report
2025-01-30,SPY Component Report DOW,SPY Component Report
2025-01-30,SPY Component Report EMN,SPY Component Report
2025-01-30,SPY Component Report GEN,SPY Component Report
2025-01-30,SPY Component Report HIG,SPY Component Report
2025-01-30,SPY Component Report INTC,SPY Component Report
2025-01-30,SPY Component Report IP,SPY Component Report
2025-01-30,SPY Component Report KLAC,SPY Component Report
2025-01-30,SPY Component Report LHX,SPY Component Report
2025-01-30,SPY Component Report LUV,SPY Component Report
2025-01-30,SPY Component Report MA,SPY Component Report
2025-01-30,SPY Component Report MMC,SPY Component Report
2025-01-30,SPY Component Report MO,SPY Component Report
2025-01-30,SPY Component Report NOC,SPY Component Report
2025-01-30,SPY Component Report PH,SPY Component Report
2025-01-30,SPY Component Report PHM,SPY Component Report
2025-01-30,SPY Component Report PPG,SPY Component Report
2025-01-30,SPY Component Report RMD,SPY Component Report
2025-01-30,SPY Component Report ROP,SPY Component Report
2025-01-30,SPY Component Report SHW,SPY Component Report
2025-01-30,SPY Component Report TMO,SPY Component Report
2025-01-30,SPY Component Report TSCO,SPY Component Report
2025-01-30,SPY Component Report TT,SPY Component Report
2025-01-30,SPY Component Report UPS,SPY Component Report
2025-01-30,SPY Component Report V,SPY Component Report
2025-01-30,SPY Component Report VLO,SPY Component Report
2025-01-30,SPY Component Report WY,SPY Component Report
2025-01-31,Chinese Holiday Spring Festival,Chinese Holiday
2025-01-31,PCE Release for December 2024,PCE Release
2025-01-31,SPY Component Report ABBV,SPY Component Report
2025-01-31,SPY Component Report AON,SPY Component Report
2025-01-31,SPY Component Report BEN,SPY Component Report
2025-01-31,SPY Component Report BR,SPY Component Report
2025-01-31,SPY Component Report CHD,SPY Component Report
2025-01-31,SPY Component Report CHTR,SPY Component Report
2025-01-31,SPY Component Report CL,SPY Component Report
2025-01-31,SPY Component Report CVX,SPY Component Report
2025-01-31,SPY Component Report ETN,SPY Component Report
2025-01-31,SPY Component Report GWW,SPY Component Report
2025-01-31,SPY Component Report LYB,SPY Component Report
2025-01-31,SPY Component Report PSX,SPY Component Report
2025-01-31,SPY Component Report RVTY,SPY Component Report
2025-01-31,SPY Component Report XOM,SPY Component Report
2025-02-03,Chinese Holiday Rest Day,Chinese Holiday
2025-02-03,SPY Component Report CLX,SPY Component Report
2025-02-03,SPY Component Report DOC,SPY Component Report
2025-02-03,SPY Component Report EG,SPY Component Report
2025-02-03,SPY Component Report EQR,SPY Component Report
2025-02-03,SPY Component Report IDXX,SPY Component Report
2025-02-03,SPY Component Report NXPI,SPY Component Report
2025-02-03,SPY Component Report PLTR,SPY Component Report
2025-02-03,SPY Component Report TSN,SPY Component Report
2025-02-04,Chinese Holiday Rest Day,Chinese Holiday
2025-02-04,SPY Component Report ADM,SPY Component Report
2025-02-04,SPY Component Report AMCR,SPY Component Report
2025-02-04,SPY Component Report AMD,SPY Component Report
2025-02-04,SPY Component Report AME,SPY Component Report
2025-02-04,SPY Component Report AMGN,SPY Component Report
2025-02-04,SPY Component Report AMTM,SPY Component Report
2025-02-04,SPY Component Report APO,SPY Component Report
2025-02-04,SPY Component Report ATO,SPY Component Report
2025-02-04,SPY Component Report AVB,SPY Component Report
2025-02-04,SPY Component Report BALL,SPY Component Report
2025-02-04,SPY Component Report CMG,SPY Component Report
2025-02-04,SPY Component Report CMI,SPY Component Report
2025-02-04,SPY Component Report CNC,SPY Component Report
2025-02-04,SPY Component Report EA,SPY Component Report
2025-02-04,SPY Component Report EL,SPY Component Report
2025-02-04,SPY Component Report ENPH,SPY Component Report
2025-02-04,SPY Component Report ESS,SPY Component Report
2025-02-04,SPY Component Report FICO,SPY Component Report
2025-02-04,SPY Component Report FOX,SPY Component Report
2025-02-04,SPY Component Report FOXA,SPY Component Report
2025-02-04,SPY Component Report GOOG,SPY Component Report
2025-02-04,SPY Component Report GOOGL,SPY Component Report
2025-02-04,SPY Component Report HUBB,SPY Component Report
2025-02-04,SPY Component Report IEX,SPY Component Report
2025-02-04,SPY Component Report IT,SPY Component Report
2025-02-04,SPY Component Report J,SPY Component Report
2025-02-04,SPY Component Report JKHY,SPY Component Report
2025-02-04,SPY Component Report JNPR,SPY Component Report
2025-02-04,SPY Component Report KKR,SPY Component Report
2025-02-04,SPY Component Report MDLZ,SPY Component Report
2025-02-04,SPY Component Report MPC,SPY Component Report
2025-02-04,SPY Component Report MRK,SPY Component Report
2025-02-04,SPY Component Report MTCH,SPY Component Report
2025-02-04,SPY Component Report OMC,SPY Component Report
2025-02-04,SPY Component Report PEP,SPY Component Report
2025-02-04,SPY Component Report PFE,SPY Component Report
2025-02-04,SPY Component Report PNR,SPY Component Report
2025-02-04,SPY Component Report PRU,SPY Component Report
2025-02-04,SPY Component Report PYPL,SPY Component Report
2025-02-04,SPY Component Report REGN,SPY Component Report
2025-02-04,SPY Component Report SPG,SPY Component Report
2025-02-04,SPY Component Report TDG,SPY Component Report
2025-02-04,SPY Component Report VLTO,SPY Component Report
2025-02-04,SPY Component Report WEC,SPY Component Report
2025-02-04,SPY Component Report WTW,SPY Component Report
2025-02-04,SPY Component Report XYL,SPY Component Report
2025-02-05,SPY Component Report AFL,SPY Component Report
2025-02-05,SPY Component Report ALGN,SPY Component Report
2025-02-05,SPY Component Report ALL,SPY Component Report
2025-02-05,SPY Component Report BDX,SPY Component Report
2025-02-05,SPY Component Report BG,SPY Component Report
2025-02-05,SPY Component Report BSX,SPY Component Report
2025-02-05,SPY Component Report CDW,SPY Component Report
2025-02-05,SPY Component Report COR,SPY Component Report
2025-02-05,SPY Component Report CPAY,SPY Component Report
2025-02-05,SPY Component Report CTSH,SPY Component Report
2025-02-05,SPY Component Report CTVA,SPY Component Report
2025-02-05,SPY Component Report DAY,SPY Component Report
2025-02-05,SPY Component Report DIS,SPY Component Report
2025-02-05,SPY Component Report EMR,SPY Component Report
2025-02-05,SPY Component Report F,SPY Component Report
2025-02-05,SPY Component Report FI,SPY Component Report
2025-02-05,SPY Component Report GL,SPY Component Report
2025-02-05,SPY Component Report HOLX,SPY Component Report
2025-02-05,SPY Component Report ITW,SPY Component Report
2025-02-05,SPY Component Report JCI,SPY Component Report
2025-02-05,SPY Component Report MAA,SPY Component Report
2025-02-05,SPY Component Report MCK,SPY Component Report
2025-02-05,SPY Component Report MET,SPY Component Report
2025-02-05,SPY Component Report MOH,SPY Component Report
2025-02-05,SPY Component Report NWS,SPY Component Report
2025-02-05,SPY Component Report NWSA,SPY Component Report
2025-02-05,SPY Component Report ODFL,SPY Component Report
2025-02-05,SPY Component Report ORLY,SPY Component Report
2025-02-05,SPY Component Report PTC,SPY Component Report
2025-02-05,SPY Component Report QCOM,SPY Component Report
2025-02-05,SPY Component Report STE,SPY Component Report
2025-02-05,SPY Component Report SWK,SPY Component Report
2025-02-05,SPY Component Report SWKS,SPY Component Report
2025-02-05,SPY Component Report TECH,SPY Component Report
2025-02-05,SPY Component Report TROW,SPY Component Report
2025-02-05,SPY Component Report UBER,SPY Component Report
2025-02-05,SPY Component Report UDR,SPY Component Report
2025-02-06,SPY Component Report AMZN,SPY Component Report
2025-02-06,SPY Component Report APD,SPY Component Report
2025-02-06,SPY Component Report APTV,SPY Component Report
2025-02-06,SPY Component Report BMY,SPY Component Report
2025-02-06,SPY Component Report CMS,SPY Component Report
2025-02-06,SPY Component Report COP,SPY Component Report
2025-02-06,SPY Component Report CPT,SPY Component Report
2025-02-06,SPY Component Report EFX,SPY Component Report
2025-02-06,SPY Component Report EXPE,SPY Component Report
2025-02-06,SPY Component Report FTNT,SPY Component Report
2025-02-06,SPY Component Report HII,SPY Component Report
2025-02-06,SPY Component Report HLT,SPY Component Report
2025-02-06,SPY Component Report HON,SPY Component Report
2025-02-06,SPY Component Report HSY,SPY Component Report
2025-02-06,SPY Component Report ICE,SPY Component Report
2025-02-06,SPY Component Report IQV,SPY Component Report
2025-02-06,SPY Component Report K,SPY Component Report
2025-02-06,SPY Component Report KVUE,SPY Component Report
2025-02-06,SPY Component Report LH,SPY Component Report
2025-02-06,SPY Component Report LIN,SPY Component Report
2025-02-06,SPY Component Report LLY,SPY Component Report
2025-02-06,SPY Component Report MCHP,SPY Component Report
2025-02-06,SPY Component Report MHK,SPY Component Report
2025-02-06,SPY Component Report MKTX,SPY Component Report
2025-02-06,SPY Component Report MPWR,SPY Component Report
2025-02-06,SPY Component Report MTD,SPY Component Report
2025-02-06,SPY Component Report PFG,SPY Component Report
2025-02-06,SPY Component Report PM,SPY Component Report
2025-02-06,SPY Component Report REG,SPY Component Report
2025-02-06,SPY Component Report RL,SPY Component Report
2025-02-06,SPY Component Report SNA,SPY Component Report
2025-02-06,SPY Component Report TPR,SPY Component Report
2025-02-06,SPY Component Report TTWO,SPY Component Report
2025-02-06,SPY Component Report VRSN,SPY Component Report
2025-02-06,SPY Component Report XEL,SPY Component Report
2025-02-06,SPY Component Report YUM,SPY Component Report
2025-02-06,SPY Component Report ZBH,SPY Component Report
2025-02-07,NFP Release,NFP Release
2025-02-07,SPY Component Report CBOE,SPY Component Report
2025-02-07,SPY Component Report FTV,SPY Component Report
2025-02-07,SPY Component Report KIM,SPY Component Report
2025-02-10,SPY Component Report ACGL,SPY Component Report
2025-02-10,SPY Component Report CINF,SPY Component Report
2025-02-10,SPY Component Report INCY,SPY Component Report
2025-02-10,SPY Component Report MCD,SPY Component Report
2025-02-10,SPY Component Report ON,SPY Component Report
2025-02-10,SPY Component Report ROK,SPY Component Report
2025-02-10,SPY Component Report VRTX,SPY Component Report
2025-02-11,SPY Component Report AIG,SPY Component Report
2025-02-11,SPY Component Report AIZ,SPY Component Report
2025-02-11,SPY Component Report CARR,SPY Component Report
2025-02-11,SPY Component Report DASH,SPY Component Report
2025-02-11,SPY Component Report DD,SPY Component Report
2025-02-11,SPY Component Report ECL,SPY Component Report
2025-02-11,SPY Component Report ES,SPY Component Report
2025-02-11,SPY Component Report EW,SPY Component Report
2025-02-11,SPY Component Report FIS,SPY Component Report
2025-02-11,SPY Component Report GILD,SPY Component Report
2025-02-11,SPY Component Report HUM,SPY Component Report
2025-02-11,SPY Component Report KO,SPY Component Report
2025-02-11,SPY Component Report LDOS,SPY Component Report
2025-02-11,SPY Component Report MAR,SPY Component Report
2025-02-11,SPY Component Report MAS,SPY Component Report
2025-02-11,SPY Component Report SPGI,SPY Component Report
2025-02-11,SPY Component Report WELL,SPY Component Report
2025-02-12,CPI Release,CPI Release
2025-02-12,SPY Component Report ALB,SPY Component Report
2025-02-12,SPY Component Report BIIB,SPY Component Report
2025-02-12,SPY Component Report CME,SPY Component Report
2025-02-12,SPY Component Report CSCO,SPY Component Report
2025-02-12,SPY Component Report CVS,SPY Component Report
2025-02-12,SPY Component Report D,SPY Component Report
2025-02-12,SPY Component Report EQIX,SPY Component Report
2025-02-12,SPY Component Report EXC,SPY Component Report
2025-02-12,SPY Component Report GNRC,SPY Component Report
2025-02-12,SPY Component Report IPG,SPY Component Report
2025-02-12,SPY Component Report KHC,SPY Component Report
2025-02-12,SPY Component Report MGM,SPY Component Report
2025-02-12,SPY Component Report MLM,SPY Component Report
2025-02-12,SPY Component Report NI,SPY Component Report
2025-02-12,SPY Component Report PAYC,SPY Component Report
2025-02-12,SPY Component Report ROL,SPY Component Report
2025-02-12,SPY Component Report SW,SPY Component Report
2025-02-12,SPY Component Report TYL,SPY Component Report
2025-02-12,SPY Component Report VTR,SPY Component Report
2025-02-12,SPY Component Report WAB,SPY Component Report
2025-02-12,SPY Component Report WAT,SPY Component Report
2025-02-12,SPY Component Report WMB,SPY Component Report
2025-02-13,SPY Component Report ABNB,SPY Component Report
2025-02-13,SPY Component Report AEE,SPY Component Report
2025-02-13,SPY Component Report AEP,SPY Component Report
2025-02-13,SPY Component Report AMAT,SPY Component Report
2025-02-13,SPY Component Report CBRE,SPY Component Report
2025-02-13,SPY Component Report COIN,SPY Component Report
2025-02-13,SPY Component Report DE,SPY Component Report
2025-02-13,SPY Component Report DLR,SPY Component Report
2025-02-13,SPY Component Report DTE,SPY Component Report
2025-02-13,SPY Component Report DUK,SPY Component Report
2025-02-13,SPY Component Report DVA,SPY Component Report
2025-02-13,SPY Component Report DXCM,SPY Component Report
2025-02-13,SPY Component Report FRT,SPY Component Report
2025-02-13,SPY Component Report GDDY,SPY Component Report
2025-02-13,SPY Component Report GEHC,SPY Component Report
2025-02-13,SPY Component Report GPN,SPY Component Report
2025-02-13,SPY Component Report HWM,SPY Component Report
2025-02-13,SPY Component Report IR,SPY Component Report
2025-02-13,SPY Component Report IRM,SPY Component Report
2025-02-13,SPY Component Report MCO,SPY Component Report
2025-02-13,SPY Component Report MSI,SPY Component Report
2025-02-13,SPY Component Report PANW,SPY Component Report
2025-02-13,SPY Component Report PCG,SPY Component Report
2025-02-13,SPY Component Report PPL,SPY Component Report
2025-02-13,SPY Component Report RSG,SPY Component Report
2025-02-13,SPY Component Report TAP,SPY Component Report
2025-02-13,SPY Component Report WST,SPY Component Report
2025-02-13,SPY Component Report WYNN,SPY Component Report
2025-02-13,SPY Component Report ZBRA,SPY Component Report
2025-02-13,SPY Component Report ZTS,SPY Component Report
2025-02-14,SPY Component Report MRNA,SPY Component Report
2025-02-17,US Holiday Washington's Birthday,US Holiday
2025-02-18,SPY Component Report ALLE,SPY Component Report
2025-02-18,SPY Component Report ANET,SPY Component Report
2025-02-18,SPY Component Report CDNS,SPY Component Report
2025-02-18,SPY Component Report CEG,SPY Component Report
2025-02-18,SPY Component Report CSGP,SPY Component Report
2025-02-18,SPY Component Report DVN,SPY Component Report
2025-02-18,SPY Component Report EQT,SPY Component Report
2025-02-18,SPY Component Report ETR,SPY Component Report
2025-02-18,SPY Component Report EXPD,SPY Component Report
2025-02-18,SPY Component Report GPC,SPY Component Report
2025-02-18,SPY Component Report IFF,SPY Component Report
2025-02-18,SPY Component Report MDT,SPY Component Report
2025-02-18,SPY Component Report OXY,SPY Component Report
2025-02-18,SPY Component Report VMC,SPY Component Report
2025-02-19,SPY Component Report ADI,SPY Component Report
2025-02-19,SPY Component Report ANSS,SPY Component Report
2025-02-19,SPY Component Report AWK,SPY Component Report
2025-02-19,SPY Component Report CF,SPY Component Report
2025-02-19,SPY Component Report CRL,SPY Component Report
2025-02-19,SPY Component Report GRMN,SPY Component Report
2025-02-19,SPY Component Report HST,SPY Component Report
2025-02-19,SPY Component Report NDSN,SPY Component Report
2025-02-19,SPY Component Report TRMB,SPY Component Report
2025-02-20,SPY Component Report AKAM,SPY Component Report
2025-02-20,SPY Component Report BAX,SPY Component Report
2025-02-20,SPY Component Report BKNG,SPY Component Report
2025-02-20,SPY Component Report BLDR,SPY Component Report
2025-02-20,SPY Component Report CNP,SPY Component Report
2025-02-20,SPY Component Report CPRT,SPY Component Report
2025-02-20,SPY Component Report ED,SPY Component Report
2025-02-20,SPY Component Report EPAM,SPY Component Report
2025-02-20,SPY Component Report HAS,SPY Component Report
2025-02-20,SPY Component Report LKQ,SPY Component Report
2025-02-20,SPY Component Report LNT,SPY Component Report
2025-02-20,SPY Component Report LYV,SPY Component Report
2025-02-20,SPY Component Report NEM,SPY Component Report
2025-02-20,SPY Component Report PODD,SPY Component Report
2025-02-20,SPY Component Report POOL,SPY Component Report
2025-02-20,SPY Component Report PWR,SPY Component Report
2025-02-20,SPY Component Report SO,SPY Component Report
2025-02-20,SPY Component Report TRGP,SPY Component Report
2025-02-20,SPY Component Report VICI,SPY Component Report
2025-02-20,SPY Component Report WMT,SPY Component Report
2025-02-22,SPY Component Report BRK-B,SPY Component Report
2025-02-24,SPY Component Report AMT,SPY Component Report
2025-02-24,SPY Component Report CTRA,SPY Component Report
2025-02-24,SPY Component Report DPZ,SPY Component Report
2025-02-24,SPY Component Report FANG,SPY Component Report
2025-02-24,SPY Component Report O,SPY Component Report
2025-02-24,SPY Component Report OKE,SPY Component Report
2025-02-24,SPY Component Report PSA,SPY Component Report
2025-02-24,SPY Component Report SBAC,SPY Component Report
2025-02-25,SPY Component Report APA,SPY Component Report
2025-02-25,SPY Component Report AXON,SPY Component Report
2025-02-25,SPY Component Report CZR,SPY Component Report
2025-02-25,SPY Component Report EXR,SPY Component Report
2025-02-25,SPY Component Report FSLR,SPY Component Report
2025-02-25,SPY Component Report HD,SPY Component Report
2025-02-25,SPY Component Report HSIC,SPY Component Report
2025-02-25,SPY Component Report INTU,SPY Component Report
2025-02-25,SPY Component Report KDP,SPY Component Report
2025-02-25,SPY Component Report KEYS,SPY Component Report
2025-02-25,SPY Component Report PEG,SPY Component Report
2025-02-25,SPY Component Report PNW,SPY Component Report
2025-02-25,SPY Component Report SMCI,SPY Component Report
2025-02-25,SPY Component Report SMCI,SPY Component Report
2025-02-25,SPY Component Report SRE,SPY Component Report
2025-02-25,SPY Component Report WDAY,SPY Component Report
2025-02-26,SPY Component Report A,SPY Component Report
2025-02-26,SPY Component Report CRM,SPY Component Report
2025-02-26,SPY Component Report EBAY,SPY Component Report
2025-02-26,SPY Component Report EXE,SPY Component Report
2025-02-26,SPY Component Report FE,SPY Component Report
2025-02-26,SPY Component Report INVH,SPY Component Report
2025-02-26,SPY Component Report LOW,SPY Component Report
2025-02-26,SPY Component Report NRG,SPY Component Report
2025-02-26,SPY Component Report NVDA,SPY Component Report
2025-02-26,SPY Component Report PARA,SPY Component Report
2025-02-26,SPY Component Report SNPS,SPY Component Report
2025-02-26,SPY Component Report TJX,SPY Component Report
2025-02-26,SPY Component Report TKO,SPY Component Report
2025-02-26,SPY Component Report UHS,SPY Component Report
2025-02-26,SPY Component Report VRSK,SPY Component Report
2025-02-27,SPY Component Report ADSK,SPY Component Report
2025-02-27,SPY Component Report DELL,SPY Component Report
2025-02-27,SPY Component Report EIX,SPY Component Report
2025-02-27,SPY Component Report EOG,SPY Component Report
2025-02-27,SPY Component Report ERIE,SPY Component Report
2025-02-27,SPY Component Report EVRG,SPY Component Report
2025-02-27,SPY Component Report HPQ,SPY Component Report
2025-02-27,SPY Component Report HRL,SPY Component Report
2025-02-27,SPY Component Report MNST,SPY Component Report
2025-02-27,SPY Component Report MOS,SPY Component Report
2025-02-27,SPY Component Report NCLH,SPY Component Report
2025-02-27,SPY Component Report NTAP,SPY Component Report
2025-02-27,SPY Component Report SJM,SPY Component Report
2025-02-27,SPY Component Report SOLV,SPY Component Report
2025-02-27,SPY Component Report VTRS,SPY Component Report
2025-02-27,SPY Component Report WBD,SPY Component Report
2025-02-28,PCE Release for January 2025,PCE Release
2025-02-28,SPY Component Report AES,SPY Component Report
2025-02-28,SPY Component Report VST,SPY Component Report
2025-03-04,SPY Component Report AZO,SPY Component Report
2025-03-04,SPY Component Report BBY,SPY Component Report
2025-03-04,SPY Component Report CRWD,SPY Component Report
2025-03-04,SPY Component Report ROST,SPY Component Report
2025-03-04,SPY Component Report TGT,SPY Component Report
2025-03-05,SPY Component Report BF-B,SPY Component Report
2025-03-05,SPY Component Report CPB,SPY Component Report
2025-03-06,SPY Component Report AVGO,SPY Component Report
2025-03-06,SPY Component Report COO,SPY Component Report
2025-03-06,SPY Component Report COST,SPY Component Report
2025-03-06,SPY Component Report HPE,SPY Component Report
2025-03-06,SPY Component Report KR,SPY Component Report
2025-03-07,NFP Release,NFP Release
2025-03-10,SPY Component Report ORCL,SPY Component Report
2025-03-12,CPI Release,CPI Release
2025-03-12,SPY Component Report ADBE,SPY Component Report
2025-03-13,SPY Component Report CCI,SPY Component Report
2025-03-13,SPY Component Report DG,SPY Component Report
2025-03-13,SPY Component Report ULTA,SPY Component Report
2025-03-19,SPY Component Report GIS,SPY Component Report
2025-03-19,SPY Component Report WSM,SPY Component Report
2025-03-19,US Market Summit FOMC w/ SEP,US Market Summit FOMC
2025-03-20,SPY Component Report ACN,SPY Component Report
2025-03-20,SPY Component Report DRI,SPY Component Report
2025-03-20,SPY Component Report FDS,SPY Component Report
2025-03-20,SPY Component Report FDX,SPY Component Report
2025-03-20,SPY Component Report JBL,SPY Component Report
2025-03-20,SPY Component Report LEN,SPY Component Report
2025-03-20,SPY Component Report MU,SPY Component Report
2025-03-20,SPY Component Report NKE,SPY Component Report
2025-03-21,SPY Component Report CCL,SPY Component Report
2025-03-21,SPY OpEx Quarterly,SPY OpEx Quarterly
2025-03-25,SPY Component Report MKC,SPY Component Report
2025-03-26,SPY Component Report CTAS,SPY Component Report
2025-03-26,SPY Component Report DLTR,SPY Component Report
2025-03-26,SPY Component Report PAYX,SPY Component Report
2025-03-27,SPY Component Report LULU,SPY Component Report
2025-03-28,PCE Release for February 2025,PCE Release
2025-04-02,US Presidential Election Liberation Day tariff rollout,US Presidential Election
2025-04-03,SPY Component Report CAG,SPY Component Report
2025-04-03,SPY Component Report LW,SPY Component Report
2025-04-04,Chinese Holiday Qingming Festival,Chinese Holiday
2025-04-04,NFP Release,NFP Release
2025-04-08,SPY Component Report WBA,SPY Component Report
2025-04-09,SPY Component Report DAL,SPY Component Report
2025-04-09,SPY Component Report STZ,SPY Component Report
2025-04-10,CPI Release,CPI Release
2025-04-10,SPY Component Report KMX,SPY Component Report
2025-04-11,SPY Component Report BK,SPY Component Report
2025-04-11,SPY Component Report BLK,SPY Component Report
2025-04-11,SPY Component Report FAST,SPY Component Report
2025-04-11,SPY Component Report JPM,SPY Component Report
2025-04-11,SPY Component Report MS,SPY Component Report
2025-04-11,SPY Component Report WFC,SPY Component Report
2025-04-14,SPY Component Report GS,SPY Component Report
2025-04-14,SPY Component Report MTB,SPY Component Report
2025-04-15,SPY Component Report BAC,SPY Component Report
2025-04-15,SPY Component Report C,SPY Component Report
2025-04-15,SPY Component Report JBHT,SPY Component Report
2025-04-15,SPY Component Report JNJ,SPY Component Report
2025-04-15,SPY Component Report OMC,SPY Component Report
2025-04-15,SPY Component Report PNC,SPY Component Report
2025-04-15,SPY Component Report UAL,SPY Component Report
2025-04-16,SPY Component Report ABT,SPY Component Report
2025-04-16,SPY Component Report CFG,SPY Component Report
2025-04-16,SPY Component Report CSX,SPY Component Report
2025-04-16,SPY Component Report KMI,SPY Component Report
2025-04-16,SPY Component Report PGR,SPY Component Report
2025-04-16,SPY Component Report PLD,SPY Component Report
2025-04-16,SPY Component Report TRV,SPY Component Report
2025-04-16,SPY Component Report USB,SPY Component Report
2025-04-17,SPY Component Report AXP,SPY Component Report
2025-04-17,SPY Component Report BX,SPY Component Report
2025-04-17,SPY Component Report DHI,SPY Component Report
2025-04-17,SPY Component Report FITB,SPY Component Report
2025-04-17,SPY Component Report HBAN,SPY Component Report
2025-04-17,SPY Component Report KEY,SPY Component Report
2025-04-17,SPY Component Report MMC,SPY Component Report
2025-04-17,SPY Component Report NFLX,SPY Component Report
2025-04-17,SPY Component Report RF,SPY Component Report
2025-04-17,SPY Component Report SCHW,SPY Component Report
2025-04-17,SPY Component Report SNA,SPY Component Report
2025-04-17,SPY Component Report STT,SPY Component Report
2025-04-17,SPY Component Report TFC,SPY Component Report
2025-04-17,SPY Component Report UNH,SPY Component Report
2025-04-21,SPY Component Report WRB,SPY Component Report
2025-04-22,SPY Component Report BKR,SPY Component Report
2025-04-22,SPY Component Report CB,SPY Component Report
2025-04-22,SPY Component Report COF,SPY Component Report
2025-04-22,SPY Component Report DGX,SPY Component Report
2025-04-22,SPY Component Report DHR,SPY Component Report
2025-04-22,SPY Component Report EFX,SPY Component Report
2025-04-22,SPY Component Report ELV,SPY Component Report
2025-04-22,SPY Component Report ENPH,SPY Component Report
2025-04-22,SPY Component Report EQT,SPY Component Report
2025-04-22,SPY Component Report GE,SPY Component Report
2025-04-22,SPY Component Report GPC,SPY Component Report
2025-04-22,SPY Component Report HAL,SPY Component Report
2025-04-22,SPY Component Report ISRG,SPY Component Report
2025-04-22,SPY Component Report IVZ,SPY Component Report
2025-04-22,SPY Component Report KMB,SPY Component Report
2025-04-22,SPY Component Report LMT,SPY Component Report
2025-04-22,SPY Component Report MCO,SPY Component Report
2025-04-22,SPY Component Report MMM,SPY Component Report
2025-04-22,SPY Component Report MSCI,SPY Component Report
2025-04-22,SPY Component Report NEE,SPY Component Report
2025-04-22,SPY Component Report NOC,SPY Component Report
2025-04-22,SPY Component Report NTRS,SPY Component Report
2025-04-22,SPY Component Report NVR,SPY Component Report
2025-04-22,SPY Component Report PHM,SPY Component Report
2025-04-22,SPY Component Report PKG,SPY Component Report
2025-04-22,SPY Component Report PNR,SPY Component Report
2025-04-22,SPY Component Report RTX,SPY Component Report
2025-04-22,SPY Component Report STLD,SPY Component Report
2025-04-22,SPY Component Report SYF,SPY Component Report
2025-04-22,SPY Component Report TSLA,SPY Component Report
2025-04-22,SPY Component Report VZ,SPY Component Report
2025-04-23,SPY Component Report APH,SPY Component Report
2025-04-23,SPY Component Report AVY,SPY Component Report
2025-04-23,SPY Component Report BA,SPY Component Report
2025-04-23,SPY Component Report BSX,SPY Component Report
2025-04-23,SPY Component Report CME,SPY Component Report
2025-04-23,SPY Component Report CMG,SPY Component Report
2025-04-23,SPY Component Report EW,SPY Component Report
2025-04-23,SPY Component Report FE,SPY Component Report
2025-04-23,SPY Component Report GD,SPY Component Report
2025-04-23,SPY Component Report GEV,SPY Component Report
2025-04-23,SPY Component Report IBM,SPY Component Report
2025-04-23,SPY Component Report LII,SPY Component Report
2025-04-23,SPY Component Report LRCX,SPY Component Report
2025-04-23,SPY Component Report LUV,SPY Component Report
2025-04-23,SPY Component Report LVS,SPY Component Report
2025-04-23,SPY Component Report MAS,SPY Component Report
2025-04-23,SPY Component Report MOH,SPY Component Report
2025-04-23,SPY Component Report NEM,SPY Component Report
2025-04-23,SPY Component Report NOW,SPY Component Report
2025-04-23,SPY Component Report NSC,SPY Component Report
2025-04-23,SPY Component Report ODFL,SPY Component Report
2025-04-23,SPY Component Report ORLY,SPY Component Report
2025-04-23,SPY Component Report OTIS,SPY Component Report
2025-04-23,SPY Component Report PM,SPY Component Report
2025-04-23,SPY Component Report RJF,SPY Component Report
2025-04-23,SPY Component Report RMD,SPY Component Report
2025-04-23,SPY Component Report ROL,SPY Component Report
2025-04-23,SPY Component Report T,SPY Component Report
2025-04-23,SPY Component Report TDY,SPY Component Report
2025-04-23,SPY Component Report TEL,SPY Component Report
2025-04-23,SPY Component Report TMO,SPY Component Report
2025-04-23,SPY Component Report TXN,SPY Component Report
2025-04-23,SPY Component Report TYL,SPY Component Report
2025-04-23,SPY Component Report URI,SPY Component Report
2025-04-23,SPY Component Report WAB,SPY Component Report
2025-04-24,SPY Component Report ALLE,SPY Component Report
2025-04-24,SPY Component Report AMP,SPY Component Report
2025-04-24,SPY Component Report BMY,SPY Component Report
2025-04-24,SPY Component Report CBRE,SPY Component Report
2025-04-24,SPY Component Report CMCSA,SPY Component Report
2025-04-24,SPY Component Report CMS,SPY Component Report
2025-04-24,SPY Component Report CNP,SPY Component Report
2025-04-24,SPY Component Report DLR,SPY Component Report
2025-04-24,SPY Component Report DOC,SPY Component Report
2025-04-24,SPY Component Report DOV,SPY Component Report
2025-04-24,SPY Component Report DOW,SPY Component Report
2025-04-24,SPY Component Report EMN,SPY Component Report
2025-04-24,SPY Component Report ERIE,SPY Component Report
2025-04-24,SPY Component Report FCX,SPY Component Report
2025-04-24,SPY Component Report FI,SPY Component Report
2025-04-24,SPY Component Report GILD,SPY Component Report
2025-04-24,SPY Component Report GOOG,SPY Component Report
2025-04-24,SPY Component Report GOOGL,SPY Component Report
2025-04-24,SPY Component Report HAS,SPY Component Report
2025-04-24,SPY Component Report HIG,SPY Component Report
2025-04-24,SPY Component Report INTC,SPY Component Report
2025-04-24,SPY Component Report IPG,SPY Component Report
2025-04-24,SPY Component Report KDP,SPY Component Report
2025-04-24,SPY Component Report LHX,SPY Component Report
2025-04-24,SPY Component Report LKQ,SPY Component Report
2025-04-24,SPY Component Report MRK,SPY Component Report
2025-04-24,SPY Component Report NDAQ,SPY Component Report
2025-04-24,SPY Component Report PCG,SPY Component Report
2025-04-24,SPY Component Report PEP,SPY Component Report
2025-04-24,SPY Component Report PFG,SPY Component Report
2025-04-24,SPY Component Report PG,SPY Component Report
2025-04-24,SPY Component Report POOL,SPY Component Report
2025-04-24,SPY Component Report RSG,SPY Component Report
2025-04-24,SPY Component Report TMUS,SPY Component Report
2025-04-24,SPY Component Report TSCO,SPY Component Report
2025-04-24,SPY Component Report TXT,SPY Component Report
2025-04-24,SPY Component Report UNP,SPY Component Report
2025-04-24,SPY Component Report VLO,SPY Component Report
2025-04-24,SPY Component Report VRSN,SPY Component Report
2025-04-24,SPY Component Report WST,SPY Component Report
2025-04-24,SPY Component Report WTW,SPY Component Report
2025-04-24,SPY Component Report WY,SPY Component Report
2025-04-24,SPY Component Report XEL,SPY Component Report
2025-04-25,SPY Component Report ABBV,SPY Component Report
2025-04-25,SPY Component Report AON,SPY Component Report
2025-04-25,SPY Component Report CHTR,SPY Component Report
2025-04-25,SPY Component Report CL,SPY Component Report
2025-04-25,SPY Component Report CNC,SPY Component Report
2025-04-25,SPY Component Report HCA,SPY Component Report
2025-04-25,SPY Component Report LYB,SPY Component Report
2025-04-25,SPY Component Report PSX,SPY Component Report
2025-04-25,SPY Component Report SLB,SPY Component Report
2025-04-28,SPY Component Report ARE,SPY Component Report
2025-04-28,SPY Component Report BRO,SPY Component Report
2025-04-28,SPY Component Report CDNS,SPY Component Report
2025-04-28,SPY Component Report CINF,SPY Component Report
2025-04-28,SPY Component Report DPZ,SPY Component Report
2025-04-28,SPY Component Report FFIV,SPY Component Report
2025-04-28,SPY Component Report NUE,SPY Component Report
2025-04-28,SPY Component Report NXPI,SPY Component Report
2025-04-28,SPY Component Report ROP,SPY Component Report
2025-04-28,SPY Component Report RVTY,SPY Component Report
2025-04-28,SPY Component Report SBAC,SPY Component Report
2025-04-28,SPY Component Report TER,SPY Component Report
2025-04-28,SPY Component Report UHS,SPY Component Report
2025-04-28,SPY Component Report WELL,SPY Component Report
2025-04-28,SPY Component Report WM,SPY Component Report
2025-04-29,SPY Component Report ACGL,SPY Component Report
2025-04-29,SPY Component Report AMT,SPY Component Report
2025-04-29,SPY Component Report AOS,SPY Component Report
2025-04-29,SPY Component Report AVB,SPY Component Report
2025-04-29,SPY Component Report BKNG,SPY Component Report
2025-04-29,SPY Component Report BXP,SPY Component Report
2025-04-29,SPY Component Report CSGP,SPY Component Report
2025-04-29,SPY Component Report CZR,SPY Component Report
2025-04-29,SPY Component Report ECL,SPY Component Report
2025-04-29,SPY Component Report EIX,SPY Component Report
2025-04-29,SPY Component Report EQR,SPY Component Report
2025-04-29,SPY Component Report ESS,SPY Component Report
2025-04-29,SPY Component Report ETR,SPY Component Report
2025-04-29,SPY Component Report EXE,SPY Component Report
2025-04-29,SPY Component Report EXR,SPY Component Report
2025-04-29,SPY Component Report FICO,SPY Component Report
2025-04-29,SPY Component Report FSLR,SPY Component Report
2025-04-29,SPY Component Report GLW,SPY Component Report
2025-04-29,SPY Component Report GM,SPY Component Report
2025-04-29,SPY Component Report HLT,SPY Component Report
2025-04-29,SPY Component Report HON,SPY Component Report
2025-04-29,SPY Component Report INCY,SPY Component Report
2025-04-29,SPY Component Report KHC,SPY Component Report
2025-04-29,SPY Component Report KO,SPY Component Report
2025-04-29,SPY Component Report LH,SPY Component Report
2025-04-29,SPY Component Report MDLZ,SPY Component Report
2025-04-29,SPY Component Report MO,SPY Component Report
2025-04-29,SPY Component Report OKE,SPY Component Report
2025-04-29,SPY Component Report PCAR,SPY Component Report
2025-04-29,SPY Component Report PFE,SPY Component Report
2025-04-29,SPY Component Report PPG,SPY Component Report
2025-04-29,SPY Component Report PYPL,SPY Component Report
2025-04-29,SPY Component Report RCL,SPY Component Report
2025-04-29,SPY Component Report REG,SPY Component Report
2025-04-29,SPY Component Report REGN,SPY Component Report
2025-04-29,SPY Component Report SBUX,SPY Component Report
2025-04-29,SPY Component Report SHW,SPY Component Report
2025-04-29,SPY Component Report SPGI,SPY Component Report
2025-04-29,SPY Component Report STX,SPY Component Report
2025-04-29,SPY Component Report SYY,SPY Component Report
2025-04-29,SPY Component Report UPS,SPY Component Report
2025-04-29,SPY Component Report V,SPY Component Report
2025-04-29,SPY Component Report VLTO,SPY Component Report
2025-04-29,SPY Component Report XYL,SPY Component Report
2025-04-29,SPY Component Report ZBRA,SPY Component Report
2025-04-30,PCE Release for March 2025,PCE Release
2025-04-30,SPY Component Report ADP,SPY Component Report
2025-04-30,SPY Component Report AFL,SPY Component Report
2025-04-30,SPY Component Report ALB,SPY Component Report
2025-04-30,SPY Component Report ALGN,SPY Component Report
2025-04-30,SPY Component Report ALL,SPY Component Report
2025-04-30,SPY Component Report AMCR,SPY Component Report
2025-04-30,SPY Component Report ANSS,SPY Component Report
2025-04-30,SPY Component Report AWK,SPY Component Report
2025-04-30,SPY Component Report CAT,SPY Component Report
2025-04-30,SPY Component Report CCI,SPY Component Report
2025-04-30,SPY Component Report CHRW,SPY Component Report
2025-04-30,SPY Component Report CTSH,SPY Component Report
2025-04-30,SPY Component Report EBAY,SPY Component Report
2025-04-30,SPY Component Report EG,SPY Component Report
2025-04-30,SPY Component Report EQIX,SPY Component Report
2025-04-30,SPY Component Report GEHC,SPY Component Report
2025-04-30,SPY Component Report GL,SPY Component Report
2025-04-30,SPY Component Report GNRC,SPY Component Report
2025-04-30,SPY Component Report GRMN,SPY Component Report
2025-04-30,SPY Component Report HES,SPY Component Report
2025-04-30,SPY Component Report HST,SPY Component Report
2025-04-30,SPY Component Report HUM,SPY Component Report
2025-04-30,SPY Component Report INVH,SPY Component Report
2025-04-30,SPY Component Report IP,SPY Component Report
2025-04-30,SPY Component Report ITW,SPY Component Report
2025-04-30,SPY Component Report KLAC,SPY Component Report
2025-04-30,SPY Component Report MAA,SPY Component Report
2025-04-30,SPY Component Report MET,SPY Component Report
2025-04-30,SPY Component Report META,SPY Component Report
2025-04-30,SPY Component Report MGM,SPY Component Report
2025-04-30,SPY Component Report MLM,SPY Component Report
2025-04-30,SPY Component Report MSFT,SPY Component Report
2025-04-30,SPY Component Report NCLH,SPY Component Report
2025-04-30,SPY Component Report PEG,SPY Component Report
2025-04-30,SPY Component Report PPL,SPY Component Report
2025-04-30,SPY Component Report PRU,SPY Component Report
2025-04-30,SPY Component Report PSA,SPY Component Report
2025-04-30,SPY Component Report PTC,SPY Component Report
2025-04-30,SPY Component Report QCOM,SPY Component Report
2025-04-30,SPY Component Report SWK,SPY Component Report
2025-04-30,SPY Component Report TT,SPY Component Report
2025-04-30,SPY Component Report UDR,SPY Component Report
2025-04-30,SPY Component Report VICI,SPY Component Report
2025-04-30,SPY Component Report VMC,SPY Component Report
2025-04-30,SPY Component Report VTR,SPY Component Report
2025-04-30,SPY Component Report WDC,SPY Component Report
2025-04-30,SPY Component Report YUM,SPY Component Report
2025-05-01,Chinese Holiday Labor Day,Chinese Holiday
2025-05-01,SPY Component Report AAPL,SPY Component Report
2025-05-01,SPY Component Report ABNB,SPY Component Report
2025-05-01,SPY Component Report AEE,SPY Component Report
2025-05-01,SPY Component Report AES,SPY Component Report
2025-05-01,SPY Component Report AIG,SPY Component Report
2025-05-01,SPY Component Report AJG,SPY Component Report
2025-05-01,SPY Component Report AME,SPY Component Report
2025-05-01,SPY Component Report AMGN,SPY Component Report
2025-05-01,SPY Component Report AMZN,SPY Component Report
2025-05-01,SPY Component Report APD,SPY Component Report
2025-05-01,SPY Component Report APTV,SPY Component Report
2025-05-01,SPY Component Report BAX,SPY Component Report
2025-05-01,SPY Component Report BDX,SPY Component Report
2025-05-01,SPY Component Report BIIB,SPY Component Report
2025-05-01,SPY Component Report BLDR,SPY Component Report
2025-05-01,SPY Component Report BR,SPY Component Report
2025-05-01,SPY Component Report CAH,SPY Component Report
2025-05-01,SPY Component Report CARR,SPY Component Report
2025-05-01,SPY Component Report CHD,SPY Component Report
2025-05-01,SPY Component Report CPT,SPY Component Report
2025-05-01,SPY Component Report CVS,SPY Component Report
2025-05-01,SPY Component Report D,SPY Component Report
2025-05-01,SPY Component Report DTE,SPY Component Report
2025-05-01,SPY Component Report DXCM,SPY Component Report
2025-05-01,SPY Component Report ED,SPY Component Report
2025-05-01,SPY Component Report EL,SPY Component Report
2025-05-01,SPY Component Report EOG,SPY Component Report
2025-05-01,SPY Component Report ES,SPY Component Report
2025-05-01,SPY Component Report EXC,SPY Component Report
2025-05-01,SPY Component Report FTV,SPY Component Report
2025-05-01,SPY Component Report GDDY,SPY Component Report
2025-05-01,SPY Component Report GWW,SPY Component Report
2025-05-01,SPY Component Report HII,SPY Component Report
2025-05-01,SPY Component Report HOLX,SPY Component Report
2025-05-01,SPY Component Report HSY,SPY Component Report
2025-05-01,SPY Component Report HUBB,SPY Component Report
2025-05-01,SPY Component Report HWM,SPY Component Report
2025-05-01,SPY Component Report ICE,SPY Component Report
2025-05-01,SPY Component Report IDXX,SPY Component Report
2025-05-01,SPY Component Report IEX,SPY Component Report
2025-05-01,SPY Component Report IR,SPY Component Report
2025-05-01,SPY Component Report IRM,SPY Component Report
2025-05-01,SPY Component Report JNPR,SPY Component Report
2025-05-01,SPY Component Report K,SPY Component Report
2025-05-01,SPY Component Report KIM,SPY Component Report
2025-05-01,SPY Component Report KKR,SPY Component Report
2025-05-01,SPY Component Report LIN,SPY Component Report
2025-05-01,SPY Component Report LLY,SPY Component Report
2025-05-01,SPY Component Report LYV,SPY Component Report
2025-05-01,SPY Component Report MA,SPY Component Report
2025-05-01,SPY Component Report MCD,SPY Component Report
2025-05-01,SPY Component Report MHK,SPY Component Report
2025-05-01,SPY Component Report MPWR,SPY Component Report
2025-05-01,SPY Component Report MRNA,SPY Component Report
2025-05-01,SPY Component Report MSI,SPY Component Report
2025-05-01,SPY Component Report MTD,SPY Component Report
2025-05-01,SPY Component Report PH,SPY Component Report
2025-05-01,SPY Component Report PNW,SPY Component Report
2025-05-01,SPY Component Report PWR,SPY Component Report
2025-05-01,SPY Component Report SO,SPY Component Report
2025-05-01,SPY Component Report SW,SPY Component Report
2025-05-01,SPY Component Report SYK,SPY Component Report
2025-05-01,SPY Component Report TRGP,SPY Component Report
2025-05-02,Chinese Holiday Labor Day,Chinese Holiday
2025-05-02,NFP Release,NFP Release
2025-05-02,SPY Component Report APO,SPY Component Report
2025-05-02,SPY Component Report BEN,SPY Component Report
2025-05-02,SPY Component Report CBOE,SPY Component Report
2025-05-02,SPY Component Report CI,SPY Component Report
2025-05-02,SPY Component Report CVX,SPY Component Report
2025-05-02,SPY Component Report DD,SPY Component Report
2025-05-02,SPY Component Report ETN,SPY Component Report
2025-05-02,SPY Component Report TROW,SPY Component Report
2025-05-02,SPY Component Report XOM,SPY Component Report
2025-05-03,SPY Component Report BRK-B,SPY Component Report
2025-05-05,Chinese Holiday Rest Day,Chinese Holiday
2025-05-05,SPY Component Report CLX,SPY Component Report
2025-05-05,SPY Component Report CMI,SPY Component Report
2025-05-05,SPY Component Report CTRA,SPY Component Report
2025-05-05,SPY Component Report F,SPY Component Report
2025-05-05,SPY Component Report FANG,SPY Component Report
2025-05-05,SPY Component Report HSIC,SPY Component Report
2025-05-05,SPY Component Report O,SPY Component Report
2025-05-05,SPY Component Report ON,SPY Component Report
2025-05-05,SPY Component Report PLTR,SPY Component Report
2025-05-05,SPY Component Report TSN,SPY Component Report
2025-05-05,SPY Component Report VRTX,SPY Component Report
2025-05-05,SPY Component Report WMB,SPY Component Report
2025-05-05,SPY Component Report ZBH,SPY Component Report
2025-05-06,SPY Component Report ADM,SPY Component Report
2025-05-06,SPY Component Report AEP,SPY Component Report
2025-05-06,SPY Component Report AIZ,SPY Component Report
2025-05-06,SPY Component Report AMD,SPY Component Report
2025-05-06,SPY Component Report AMTM,SPY Component Report
2025-05-06,SPY Component Report ANET,SPY Component Report
2025-05-06,SPY Component Report APA,SPY Component Report
2025-05-06,SPY Component Report BALL,SPY Component Report
2025-05-06,SPY Component Report CEG,SPY Component Report
2025-05-06,SPY Component Report CPAY,SPY Component Report
2025-05-06,SPY Component Report DASH,SPY Component Report
2025-05-06,SPY Component Report DUK,SPY Component Report
2025-05-06,SPY Component Report DVN,SPY Component Report
2025-05-06,SPY Component Report EA,SPY Component Report
2025-05-06,SPY Component Report EXPD,SPY Component Report
2025-05-06,SPY Component Report FIS,SPY Component Report
2025-05-06,SPY Component Report GEN,SPY Component Report
2025-05-06,SPY Component Report GPN,SPY Component Report
2025-05-06,SPY Component Report IFF,SPY Component Report
2025-05-06,SPY Component Report IQV,SPY Component Report
2025-05-06,SPY Component Report IT,SPY Component Report
2025-05-06,SPY Component Report J,SPY Component Report
2025-05-06,SPY Component Report JKHY,SPY Component Report
2025-05-06,SPY Component Report LDOS,SPY Component Report
2025-05-06,SPY Component Report MAR,SPY Component Report
2025-05-06,SPY Component Report MOS,SPY Component Report
2025-05-06,SPY Component Report MPC,SPY Component Report
2025-05-06,SPY Component Report SMCI,SPY Component Report
2025-05-06,SPY Component Report TDG,SPY Component Report
2025-05-06,SPY Component Report WAT,SPY Component Report
2025-05-06,SPY Component Report WEC,SPY Component Report
2025-05-06,SPY Component Report WYNN,SPY Component Report
2025-05-06,SPY Component Report ZTS,SPY Component Report
2025-05-07,SPY Component Report ATO,SPY Component Report
2025-05-07,SPY Component Report AXON,SPY Component Report
2025-05-07,SPY Component Report BG,SPY Component Report
2025-05-07,SPY Component Report CDW,SPY Component Report
2025-05-07,SPY Component Report CF,SPY Component Report
2025-05-07,SPY Component Report COR,SPY Component Report
2025-05-07,SPY Component Report CRL,SPY Component Report
2025-05-07,SPY Component Report CTVA,SPY Component Report
2025-05-07,SPY Component Report DAY,SPY Component Report
2025-05-07,SPY Component Report DIS,SPY Component Report
2025-05-07,SPY Component Report EMR,SPY Component Report
2025-05-07,SPY Component Report FTNT,SPY Component Report
2025-05-07,SPY Component Report JCI,SPY Component Report
2025-05-07,SPY Component Report MKTX,SPY Component Report
2025-05-07,SPY Component Report NI,SPY Component Report
2025-05-07,SPY Component Report OXY,SPY Component Report
2025-05-07,SPY Component Report PAYC,SPY Component Report
2025-05-07,SPY Component Report ROK,SPY Component Report
2025-05-07,SPY Component Report SWKS,SPY Component Report
2025-05-07,SPY Component Report TECH,SPY Component Report
2025-05-07,SPY Component Report TRMB,SPY Component Report
2025-05-07,SPY Component Report UBER,SPY Component Report
2025-05-07,SPY Component Report VRSK,SPY Component Report
2025-05-07,US Market Summit FOMC Statement,US Market Summit FOMC
2025-05-08,SPY Component Report AKAM,SPY Component Report
2025-05-08,SPY Component Report COIN,SPY Component Report
2025-05-08,SPY Component Report COP,SPY Component Report
2025-05-08,SPY Component Report EPAM,SPY Component Report
2025-05-08,SPY Component Report EVRG,SPY Component Report
2025-05-08,SPY Component Report EXPE,SPY Component Report
2025-05-08,SPY Component Report FRT,SPY Component Report
2025-05-08,SPY Component Report KVUE,SPY Component Report
2025-05-08,SPY Component Report MCHP,SPY Component Report
2025-05-08,SPY Component Report MCK,SPY Component Report
2025-05-08,SPY Component Report MNST,SPY Component Report
2025-05-08,SPY Component Report MTCH,SPY Component Report
2025-05-08,SPY Component Report NWS,SPY Component Report
2025-05-08,SPY Component Report NWSA,SPY Component Report
2025-05-08,SPY Component Report PARA,SPY Component Report
2025-05-08,SPY Component Report PODD,SPY Component Report
2025-05-08,SPY Component Report SOLV,SPY Component Report
2025-05-08,SPY Component Report SRE,SPY Component Report
2025-05-08,SPY Component Report TAP,SPY Component Report
2025-05-08,SPY Component Report TKO,SPY Component Report
2025-05-08,SPY Component Report TPR,SPY Component Report
2025-05-08,SPY Component Report VST,SPY Component Report
2025-05-08,SPY Component Report VTRS,SPY Component Report
2025-05-08,SPY Component Report WBD,SPY Component Report
2025-05-09,SPY Component Report LNT,SPY Component Report
2025-05-12,SPY Component Report DVA,SPY Component Report
2025-05-12,SPY Component Report FOX,SPY Component Report
2025-05-12,SPY Component Report FOXA,SPY Component Report
2025-05-12,SPY Component Report NRG,SPY Component Report
2025-05-12,SPY Component Report SPG,SPY Component Report
2025-05-13,CPI Release,CPI Release
2025-05-14,SPY Component Report CSCO,SPY Component Report
2025-05-14,SPY Component Report STE,SPY Component Report
2025-05-15,SPY Component Report AMAT,SPY Component Report
2025-05-15,SPY Component Report DE,SPY Component Report
2025-05-15,SPY Component Report TTWO,SPY Component Report
2025-05-15,SPY Component Report WMT,SPY Component Report
2025-05-20,SPY Component Report HD,SPY Component Report
2025-05-20,SPY Component Report KEYS,SPY Component Report
2025-05-20,SPY Component Report PANW,SPY Component Report
2025-05-21,SPY Component Report LOW,SPY Component Report
2025-05-21,SPY Component Report MDT,SPY Component Report
2025-05-21,SPY Component Report TGT,SPY Component Report
2025-05-21,SPY Component Report TJX,SPY Component Report
2025-05-22,SPY Component Report ADI,SPY Component Report
2025-05-22,SPY Component Report ADSK,SPY Component Report
2025-05-22,SPY Component Report CPRT,SPY Component Report
2025-05-22,SPY Component Report DECK,SPY Component Report
2025-05-22,SPY Component Report INTU,SPY Component Report
2025-05-22,SPY Component Report RL,SPY Component Report
2025-05-22,SPY Component Report ROST,SPY Component Report
2025-05-22,SPY Component Report WDAY,SPY Component Report
2025-05-22,SPY Component Report WSM,SPY Component Report
2025-05-26,US Holiday Memorial Day,US Holiday
2025-05-27,SPY Component Report AZO,SPY Component Report
2025-05-28,SPY Component Report A,SPY Component Report
2025-05-28,SPY Component Report CRM,SPY Component Report
2025-05-28,SPY Component Report HPQ,SPY Component Report
2025-05-28,SPY Component Report NDSN,SPY Component Report
2025-05-28,SPY Component Report NDSN,SPY Component Report
2025-05-28,SPY Component Report NVDA,SPY Component Report
2025-05-28,SPY Component Report NVDA,SPY Component Report
2025-05-28,SPY Component Report SNPS,SPY Component Report
2025-05-28,SPY Component Report SNPS,SPY Component Report
2025-05-29,SPY Component Report BBY,SPY Component Report
2025-05-29,SPY Component Report BBY,SPY Component Report
2025-05-29,SPY Component Report COO,SPY Component Report
2025-05-29,SPY Component Report COO,SPY Component Report
2025-05-29,SPY Component Report COST,SPY Component Report
2025-05-29,SPY Component Report COST,SPY Component Report
2025-05-29,SPY Component Report DELL,SPY Component Report
2025-05-29,SPY Component Report DELL,SPY Component Report
2025-05-29,SPY Component Report HRL,SPY Component Report
2025-05-29,SPY Component Report HRL,SPY Component Report
2025-05-29,SPY Component Report NTAP,SPY Component Report
2025-05-29,SPY Component Report NTAP,SPY Component Report
2025-05-29,SPY Component Report ULTA,SPY Component Report
2025-05-29,SPY Component Report ULTA,SPY Component Report
2025-05-30,PCE Release for April 2025,PCE Release
2025-05-31,Chinese Holiday Dragon Boat Festival,Chinese Holiday
2025-06-02,Chinese Holiday Dragon Boat Festival,Chinese Holiday
2025-06-06,NFP Release,NFP Release
2025-06-11,CPI Release,CPI Release
2025-06-15,US Market Summit G7 Summit,US Market Summit G7
2025-06-18,US Market Summit FOMC w/ SEP,US Market Summit FOMC
2025-06-19,US Holiday Juneteenth National Independence Day,US Holiday
2025-06-20,SPY OpEx Quarterly,SPY OpEx Quarterly
2025-06-27,PCE Release for May 2025,PCE Release
2025-07-03,NFP Release,NFP Release
2025-07-04,US Holiday Independence Day,US Holiday
2025-07-04,US Presidential Election Independence-Day tariff pause,US Presidential Election
2025-07-15,CPI Release,CPI Release
2025-07-30,US Market Summit FOMC Statement,US Market Summit FOMC
2025-07-31,PCE Release for June 2025,PCE Release
2025-08-01,NFP Release,NFP Release
2025-08-12,CPI Release,CPI Release
2025-08-29,PCE Release for July 2025,PCE Release
2025-09-01,US Holiday Labor Day,US Holiday
2025-09-05,NFP Release,NFP Release
2025-09-11,CPI Release,CPI Release
2025-09-17,US Market Summit FOMC w/ SEP,US Market Summit FOMC
2025-09-19,SPY OpEx Quarterly,SPY OpEx Quarterly
2025-10-01,Chinese Holiday National Day,Chinese Holiday
2025-10-02,Chinese Holiday National Day,Chinese Holiday
2025-10-03,Chinese Holiday National Day,Chinese Holiday
2025-10-06,Chinese Holiday Mid-Autumn Festival,Chinese Holiday
2025-10-07,Chinese Holiday Rest Day,Chinese Holiday
2025-10-08,Chinese Holiday Rest Day,Chinese Holiday
2025-10-13,US Holiday Columbus Day,US Holiday
2025-10-20,US Market Summit G20 FinMin & CB Gov,US Market Summit G20
2025-10-20,US Presidential Election Next FEC quarterly filing deadline,US Presidential Election
2025-10-29,US Market Summit FOMC Statement,US Market Summit FOMC
2025-11-11,US Holiday Veterans Day,US Holiday
2025-11-27,US Holiday Thanksgiving Day,US Holiday
2025-12-19,SPY OpEx Quarterly,SPY OpEx Quarterly
2025-12-25,US Holiday Christmas Day,US Holiday
