date,ground_truth,prediction,split
2015-02-17,174.98163284,172.98916165960387,train
2015-02-18,174.973306725,173.20489468204008,train
2015-02-19,174.83176277,173.48166670641214,train
2015-02-20,175.91415772,177.5945918865423,train
2015-02-23,175.839222685,174.92509728993045,train
2015-02-24,176.355441815,174.17671450096677,train
2015-02-25,176.188919515,174.32850487062328,train
2015-02-26,175.989092755,175.02371240984348,train
2015-02-27,175.39793859,174.7367179230317,train
2015-03-02,176.505311885,175.13867871490564,train
2015-03-03,175.78093988,173.45448688965607,train
2015-03-04,175.023263415,173.27432762677896,train
2015-03-05,175.273046865,173.34407516066315,train
2015-03-06,172.76688625,168.79412034970042,train
2015-03-09,173.48293214,171.64167392271986,train
2015-03-10,170.6853575,172.9063748661497,train
2015-03-11,170.26905175,168.10610932004647,train
2015-03-12,172.458819995,167.54767950641107,train
2015-03-13,171.38475116,169.50506118336526,train
2015-03-16,173.71606336,165.1619700174373,train
2015-03-17,173.174865885,163.5891098251438,train
2015-03-18,175.19811183,173.03264969276282,train
2015-03-19,174.43210925,174.96093146011842,train
2015-03-20,176.012824845,172.90235030448596,train
2015-03-23,175.636461,172.34169696448936,train
2015-03-24,174.649551362,180.75158262143765,train
2015-03-25,172.090277216,171.72955824280288,train
2015-03-26,171.680458807,172.0075422516015,train
2015-03-27,172.081913575,171.28694061658715,train
2015-03-30,174.164460184,170.665958781306,train
2015-03-31,172.650641163,172.91377376404233,train
2015-04-01,172.04009537,169.88677897790774,train
2015-04-02,172.62555024,173.61461410985686,train
2015-04-06,173.829914544,170.88925579781682,train
2015-04-07,173.361550648,172.26337341615647,train
2015-04-08,173.980460082,171.98761376414,train
2015-04-09,174.733187772,172.91468642194025,train
2015-04-10,175.686642846,173.81060352514595,train
2015-04-13,174.850278746,179.48032644265692,train
2015-04-14,175.209915309,173.05599220017888,train
2015-04-15,176.029552127,176.82424077671882,train
2015-04-16,175.97100664,170.6760113664117,train
2015-04-17,173.947005518,174.31073093273537,train
2015-04-20,175.511006385,173.15012562746426,train
2015-04-21,175.30191536,175.06067312323893,train
2015-04-22,176.188461306,174.2842201599568,train
2015-04-23,176.648461561,174.61178935208653,train
2015-04-24,177.033189047,175.97206300770182,train
2015-04-27,176.255370434,176.05189011042432,train
2015-04-28,176.840825304,173.9485282365985,train
2015-04-29,176.079733973,175.24023144445036,train
2015-04-30,174.398642132,174.20726885538315,train
2015-05-01,176.238643152,173.08120882106292,train
2015-05-04,176.799007099,173.31146419459776,train
2015-05-05,174.733187772,173.89675070257786,train
2015-05-06,173.997187364,174.3904312332674,train
2015-05-07,174.691369567,177.78781678501142,train
2015-05-08,177.016461765,165.04782400369595,train
2015-05-11,176.13827946,176.50183425703528,train
2015-05-12,175.619733718,174.72223945594698,train
2015-05-13,175.686642846,173.888267302073,train
2015-05-14,177.518280225,174.8801216700635,train
2015-05-15,177.677189404,172.4244412478382,train
2015-05-18,178.22918971,175.99738664794614,train
2015-05-19,178.170644223,177.62650545627736,train
2015-05-20,178.045189608,176.33487591371448,train
2015-05-21,178.56373535,176.19560266135372,train
2015-05-22,178.1455533,177.20000311490253,train
2015-05-26,176.230279511,176.74376097776351,train
2015-05-27,177.869553147,174.5641751636976,train
2015-05-28,177.72737125,179.23187088831912,train
2015-05-29,176.581552433,177.5521764261383,train
2015-06-01,176.924461714,174.1273805043674,train
2015-06-02,176.799007099,175.75145983298714,train
2015-06-03,177.242280072,175.4349341881979,train
2015-06-04,175.862279307,176.12471554043,train
2015-06-05,175.435733616,169.08277127969276,train
2015-06-08,174.365187568,174.92281858783954,train
2015-06-09,174.356823927,172.88962270070374,train
2015-06-10,176.431006895,171.47387230975912,train
2015-06-11,176.999734483,174.23030627848192,train
2015-06-12,175.644824641,174.7091266505565,train
2015-06-15,174.892096951,168.4697636324529,train
2015-06-16,175.845552025,173.81371939487838,train
2015-06-17,176.129915819,174.6076352199592,train
2015-06-18,177.961553198,176.68577756821333,train
2015-06-19,177.179923401,175.29885389488092,train
2015-06-22,178.087633269,183.01535936308014,train
2015-06-23,178.213704084,175.3116947194246,train
2015-06-24,176.91937705,177.62277758313388,train
2015-06-25,176.381474906,168.41761858359598,train
2015-06-26,176.347856022,174.5061371003822,train
2015-06-29,172.649778782,173.26796329062987,train
2015-06-30,173.011181785,165.45629483920732,train
2015-07-01,174.39796075,171.77687331569894,train
2015-07-02,174.238271051,172.7609199147242,train
2015-07-06,173.742392512,171.5478779419055,train
2015-07-07,174.835006242,174.06496424348896,train
2015-07-08,171.901758613,173.46554693800275,train
2015-07-09,172.21273329,170.84693941396114,train
2015-07-10,174.381151308,169.60083897544618,train
2015-07-13,176.305832417,174.08873115022888,train
2015-07-14,177.070662028,177.26872643486647,train
2015-07-15,177.011828981,174.52734605184605,train
2015-07-16,178.43222683,179.6500928396351,train
2015-07-17,178.583511808,179.51821504413675,train
2015-07-20,178.675963739,176.86234929009296,train
2015-07-21,177.969967175,177.52497806234757,train
2015-07-22,177.650587777,176.78057031365205,train
2015-07-23,176.650425978,174.70867484957407,train
2015-07-24,174.8181968,178.12518615094646,train
2015-07-27,173.801225559,173.48554027412382,train
2015-07-28,175.936024693,173.02943807797345,train
2015-07-29,177.146304517,174.96652065007518,train
2015-07-30,177.188328122,175.41480092497181,train
2015-07-31,176.91937705,175.5143444739805,train
2015-08-03,176.322641859,176.15675789371966,train
2015-08-04,175.978048298,174.98797370044323,train
2015-08-05,176.557974047,173.02015346961483,train
2015-08-06,175.112362035,175.01648975367024,train
2015-08-07,174.776173195,176.10573538012315,train
2015-08-10,176.978210097,174.53025424415495,train
2015-08-11,175.381313107,175.40324468219274,train
2015-08-12,175.591431132,168.21561415669197,train
2015-08-13,175.372908386,175.47145805609182,train
2015-08-14,176.011667182,174.94868181014158,train
2015-08-17,176.995019539,175.42110556197056,train
2015-08-18,176.482331558,175.0157772992968,train
2015-08-19,175.087147872,176.0784547121108,train
2015-08-20,171.431094237,176.40891308020406,train
2015-08-21,166.270595543,171.79553049600642,train
2015-08-24,159.26946295,165.81256792396556,train
2015-08-25,157.395210167,159.1763854752276,train
2015-08-26,163.438204566,165.17706681620734,train
2015-08-27,167.480875367,169.34930263034747,train
2015-08-28,167.489280088,164.52574381168282,train
2015-08-31,166.136120007,164.7143755087709,train
2015-09-01,161.177334617,165.41357819757968,train
2015-09-02,164.236653061,150.7991538409641,train
2015-09-03,164.354319155,162.4647398661648,train
2015-09-04,161.866521739,171.78066449111216,train
2015-09-08,165.934406703,162.67447906035684,train
2015-09-09,163.715560359,160.36881960645044,train
2015-09-10,164.606460785,164.15935454856296,train
2015-09-11,165.354480954,159.62704060063297,train
2015-09-14,164.740936321,164.26758236277936,train
2015-09-15,166.800092966,163.76676308637508,train
2015-09-16,168.245704978,171.994235455028,train
2015-09-17,167.867492533,166.9421875828721,train
2015-09-18,165.13011513,168.08425652420345,train
2015-09-21,165.983435244,165.8690767368001,train
2015-09-22,163.829013174,165.22392918713234,train
2015-09-23,163.56710304,163.528308146881,train
2015-09-24,162.97569306,162.34921249325117,train
2015-09-25,162.93344949,162.29834927321846,train
2015-09-28,158.844271914,160.5407413864113,train
2015-09-29,158.937207768,159.04621490741536,train
2015-09-30,161.902706382,158.6016024827161,train
2015-10-01,162.325142082,164.31813917919212,train
2015-10-02,164.749923,161.75165472451664,train
2015-10-05,167.681626758,165.36905054352818,train
2015-10-06,167.107114206,166.2586609343457,train
2015-10-07,168.475805874,165.79916190248565,train
2015-10-08,169.996574394,164.27853691748444,train
2015-10-09,170.097958962,166.04393120515752,train
2015-10-12,170.258484528,174.94852958265594,train
2015-10-13,169.18549785,168.60850148665722,train
2015-10-14,168.374421306,169.7955268444328,train
2015-10-15,170.95972779,166.74245033431004,train
2015-10-16,171.737009478,171.3764729084324,train
2015-10-19,171.821496618,169.04571984793995,train
2015-10-20,171.601830054,170.54548088967567,train
2015-10-21,170.53729209,169.1028087873974,train
2015-10-22,173.418303564,171.568501953151,train
2015-10-23,175.319264214,165.19285743335848,train
2015-10-26,174.8883798,173.96170741342368,train
2015-10-27,174.55043124,178.49517579303134,train
2015-10-28,176.53587903,173.47299424004635,train
2015-10-29,176.434494462,175.7147156299004,train
2015-10-30,175.674110202,181.12162449287376,train
2015-11-02,177.752493846,175.33513673109078,train
2015-11-03,178.2678654,173.58381810800233,train
2015-11-04,177.727147704,176.83961588725253,train
2015-11-05,177.54972471,178.47321863167625,train
2015-11-06,177.456788856,174.59393351975493,train
2015-11-09,175.800840912,176.07013845652918,train
2015-11-10,176.206379184,174.24530852979703,train
2015-11-11,175.513584636,174.84779992305178,train
2015-11-12,173.11414986,168.2180337976873,train
2015-11-13,171.111804642,172.25634725939153,train
2015-11-16,173.74780341,169.92825832005647,train
2015-11-17,173.53658556,170.572026862247,train
2015-11-18,176.307763752,172.1615506277393,train
2015-11-19,176.189481756,174.7287734215481,train
2015-11-20,176.899173732,175.3063465643294,train
2015-11-23,176.654161026,175.56748936587596,train
2015-11-24,176.890725018,169.92523035428462,train
2015-11-25,176.83158402,181.97521532118063,train
2015-11-27,177.025904442,175.15790993874123,train
2015-11-30,176.316212466,175.62213048508565,train
2015-12-01,177.997506552,174.05924047317995,train
2015-12-02,176.189481756,176.57781113863768,train
2015-12-03,173.688662412,175.18448378684226,train
2015-12-04,177.135737724,175.88306368039957,train
2015-12-07,175.961366478,176.47011597923554,train
2015-12-08,174.879931086,169.1103203962963,train
2015-12-09,173.477444562,172.03739859496716,train
2015-12-10,173.925226404,173.90304742800038,train
2015-12-11,170.562638232,164.55885542290153,train
2015-12-14,171.5088942,167.1862111466213,train
2015-12-15,173.249329284,171.53863563688947,train
2015-12-16,175.750148628,166.90339687169728,train
2015-12-17,173.080355004,176.1466220329019,train
2015-12-18,170.003578658,172.68183688882047,train
2015-12-21,171.43146593,171.54267538186207,train
2015-12-22,173.012341124,171.80916855907535,train
2015-12-23,175.128674045,171.81679892790592,train
2015-12-24,174.788700885,173.67051574873418,train
2015-12-28,174.423229738,178.60091224295064,train
2015-12-29,176.27608346,179.40295560716106,train
2015-12-30,175.026682097,175.778464815886,train
2015-12-31,173.292818981,172.4372345332483,train
2016-01-04,170.845012229,171.60576181381575,train
2016-01-05,171.133989415,169.64343984819575,train
2016-01-06,169.009157165,168.92645060300492,train
2016-01-07,164.878483271,165.714508826407,train
2016-01-08,163.144620155,161.44450660199914,train
2016-01-11,163.280609419,164.05973368660375,train
2016-01-12,164.598005414,164.5103990474164,train
2016-01-13,160.526826823,163.88532037885602,train
2016-01-14,163.093624181,167.6725371516211,train
2016-01-15,159.642896607,163.32646877544644,train
2016-01-19,159.838381174,159.1700834955424,train
2016-01-20,157.926032149,161.13086340250626,train
2016-01-21,158.68247243,157.65856377734508,train
2016-01-22,161.954714095,149.23657831154404,train
2016-01-25,159.472910027,164.1845653327831,train
2016-01-26,161.691234896,159.40682804514773,train
2016-01-27,159.906375806,157.66248233092358,train
2016-01-28,160.781806693,157.94209963775765,train
2016-01-29,164.776491323,160.37543000087476,train
2016-02-01,164.589506085,164.81110172753654,train
2016-02-02,161.580743619,162.6983210690633,train
2016-02-03,162.532668467,158.49733038819784,train
2016-02-04,162.787648337,161.2989353143634,train
2016-02-05,159.770386542,161.7326475739566,train
2016-02-08,157.535063015,159.54577809568286,train
2016-02-09,157.535063015,154.78545879148672,train
2016-02-10,157.501065699,154.55686444509294,train
2016-02-11,155.563218687,156.81101822119106,train
2016-02-12,158.639975785,152.9733507515128,train
2016-02-16,161.325763749,158.62161982816312,train
2016-02-17,163.926558423,161.71307275461018,train
2016-02-18,163.229613445,161.17686498199552,train
2016-02-19,163.1871168,166.73926236906726,train
2016-02-22,165.592426907,162.55521580650802,train
2016-02-23,163.467594657,164.33456004382026,train
2016-02-24,164.232534267,161.98020434923006,train
2016-02-25,166.204378595,163.03167857110049,train
2016-02-26,165.82190879,165.71495747145946,train
2016-02-29,164.513012124,167.3411987700031,train
2016-03-01,168.465200109,163.9693820252802,train
2016-03-02,169.162145087,166.82988380517824,train
2016-03-03,169.791095433,168.1654452127317,train
2016-03-04,170.292555844,168.2952157852661,train
2016-03-07,170.522037727,167.65280625459957,train
2016-03-08,168.592690044,164.27323320618325,train
2016-03-09,169.485119589,167.9793598334783,train
2016-03-10,169.595610866,167.33486486426975,train
2016-03-11,172.332394804,165.26529008955754,train
2016-03-14,172.136910237,170.7192382171596,train
2016-03-15,171.85643238,169.3337528677711,train
2016-03-16,172.867852531,170.58767217357206,train
2016-03-17,174.057758591,166.85245468277154,train
2016-03-18,174.724135664,171.4576955873321,train
2016-03-21,174.869368908,173.99278828424653,train
2016-03-22,174.809566984,173.39446869341384,train
2016-03-23,173.613528504,171.99826603571617,train
2016-03-24,173.519554052,172.34253608684142,train
2016-03-28,173.656244164,171.3222150996357,train
2016-03-29,175.330698036,171.8909578498771,train
2016-03-30,176.07395052,173.5986423319677,train
2016-03-31,175.612621392,174.6563588624858,train
2016-04-01,176.765944212,173.93000675865892,train
2016-04-04,176.236270028,168.4885188754375,train
2016-04-05,174.399496648,173.2838802162523,train
2016-04-06,176.381503272,173.31853614107902,train
2016-04-07,174.185918348,174.90077638115218,train
2016-04-08,174.689963136,172.71556231893973,train
2016-04-11,174.271349668,173.19767805812583,train
2016-04-12,175.979976068,173.3298871628742,train
2016-04-13,177.731318128,173.86658903460477,train
2016-04-14,177.714231864,174.7924048444271,train
2016-04-15,177.52628296,176.522276012296,train
2016-04-18,178.7650371,176.56975990044631,train
2016-04-19,179.328883812,175.90415482356045,train
2016-04-20,179.465573924,178.67341455542652,train
2016-04-21,178.46602748,177.89559311041128,train
2016-04-22,178.517286272,177.13350228736738,train
2016-04-25,178.201190388,176.93043489471972,train
2016-04-26,178.5514588,182.6463110953203,train
2016-04-27,178.876097816,179.02028717357115,train
2016-04-28,177.201643944,176.23416874149592,train
2016-04-29,176.24481316,175.31808521037664,train
2016-05-02,177.722774996,174.96030207785162,train
2016-05-03,176.099579916,177.44082744573652,train
2016-05-04,175.100033472,175.42141841203252,train
2016-05-05,175.09149034,178.18965673928577,train
2016-05-06,175.73222524,169.20765730219892,train
2016-05-09,175.894544748,173.513029699389,train
2016-05-10,178.090129672,180.83315121274742,train
2016-05-11,176.4156758,178.9117214557279,train
2016-05-12,176.45839146,175.59246219943117,train
2016-05-13,174.894998304,174.50967141124664,train
2016-05-16,176.680512892,172.47712919489211,train
2016-05-17,174.980429624,179.21754758123225,train
2016-05-18,175.057317812,173.47162021027268,train
2016-05-19,174.484927968,174.81768748716752,train
2016-05-20,175.552819468,172.1795720163125,train
2016-05-23,175.270896112,174.74557472659058,train
2016-05-24,177.586084884,174.02603975072265,train
2016-05-25,178.773580232,178.51520681930032,train
2016-05-26,178.841925288,176.59196055718232,train
2016-05-27,179.585177772,178.19354258449778,train
2016-05-31,179.474117056,176.64587210689874,train
2016-06-01,179.66206596,178.3471118426304,train
2016-06-02,180.191740144,183.9128519457851,train
2016-06-03,179.644979696,178.8136158513101,train
2016-06-06,180.593267348,178.83363254830033,train
2016-06-07,180.85810444,178.60353307365114,train
2016-06-08,181.447580548,179.15824520125878,train
2016-06-09,181.148570928,180.32250555273873,train
2016-06-10,179.431401396,186.85765404771857,train
2016-06-13,178.055957144,175.25210257396273,train
2016-06-14,177.774033788,181.07624493613045,train
2016-06-15,177.509196696,177.60168367494475,train
2016-06-16,177.99615522,174.52134605629735,train
2016-06-17,177.360673491,179.25195629570092,train
2016-06-20,178.545768777,175.9504204380591,train
2016-06-21,178.975151127,175.798008345901,train
2016-06-22,178.648820541,177.93184118524044,train
2016-06-23,181.087712289,177.09727744725183,train
2016-06-24,174.440873511,180.20577899031542,train
2016-06-27,171.349320591,165.16018205299642,train
2016-06-28,174.518162334,178.8127462694978,train
2016-06-29,177.515251137,179.52201292083538,train
2016-06-30,179.936967591,177.89420034030775,train
2016-07-01,180.160246413,178.93769577938508,train
2016-07-05,178.957975833,179.44825405266752,train
2016-07-06,180.143071119,171.87136602019035,train
2016-07-07,179.945555238,182.12250242630745,train
2016-07-08,182.65925169,178.79128954493376,train
2016-07-11,183.303325215,181.44374467240922,train
2016-07-12,184.6344105,180.70457918880618,train
2016-07-13,184.574296971,185.10434747365048,train
2016-07-14,185.587639317,182.45998281941147,train
2016-07-15,185.355772848,183.35872548360706,train
2016-07-18,185.845268727,176.2360501874532,train
2016-07-19,185.647752846,186.21237499393382,train
2016-07-20,186.463579311,184.5715644084696,train
2016-07-21,185.682103434,184.9641844815161,train
2016-07-22,186.566631075,188.79823618722816,train
2016-07-25,186.042784608,185.5507021540079,train
2016-07-26,186.137248725,184.4492133890313,train
2016-07-27,185.931145197,186.08770353387297,train
2016-07-28,186.18018696,185.07773715824328,train
2016-07-29,186.480754605,184.36495674454275,train
2016-08-01,186.291826371,184.93955088603963,train
2016-08-02,185.080968144,184.30721219015442,train
2016-08-03,185.690691081,183.77698345903593,train
2016-08-04,185.862444021,184.50727566771235,train
2016-08-05,187.330931658,184.56810785186158,train
2016-08-08,187.253642835,186.17140680940634,train
2016-08-09,187.399632834,186.31336530956568,train
2016-08-10,186.892961661,184.67365040458282,train
2016-08-11,187.794664596,185.42212427871004,train
2016-08-12,187.562798127,187.04509408557558,train
2016-08-15,188.146758123,186.53296644856994,train
2016-08-16,187.176354012,186.79341502877304,train
2016-08-17,187.537035186,185.22143678367144,train
2016-08-18,187.98359283,186.0285543388835,train
2016-08-19,187.691612832,186.1620716752195,train
2016-08-22,187.648674597,185.89544445352678,train
2016-08-23,188.009355771,184.60132268099198,train
2016-08-24,187.107652836,186.05859236822099,train
2016-08-25,186.918724602,185.82344656460475,train
2016-08-26,186.592394016,184.26984238912837,train
2016-08-29,187.502684598,192.0683092254251,train
2016-08-30,187.193529306,184.4506018987553,train
2016-08-31,186.729796368,186.5389816402509,train
2016-09-01,186.669682839,184.693251830714,train
2016-09-02,187.519859892,185.31640209105979,train
2016-09-06,188.146758123,186.03733186016518,train
2016-09-07,188.078056947,187.46383676832534,train
2016-09-08,187.648674597,184.9858252030138,train
2016-09-09,183.191685804,190.24183663242528,train
2016-09-12,185.83668108,181.1287673370209,train
2016-09-13,183.122984628,176.1049249715503,train
2016-09-14,183.045695805,180.9250655444238,train
2016-09-15,184.874864616,181.07580371520282,train
2016-09-16,184.167093613,185.12184018739237,train
2016-09-19,184.201619009,185.7580493538457,train
2016-09-20,184.210250358,184.26480083498157,train
2016-09-21,186.281774118,182.95759434087756,train
2016-09-22,187.455637582,184.73606878999408,train
2016-09-23,186.428507051,185.83863820077357,train
2016-09-26,184.918020976,184.85571940297535,train
2016-09-27,186.065990393,183.04841448297765,train
2016-09-28,186.989544736,184.55950711438473,train
2016-09-29,185.297800332,185.39628341305726,train
2016-09-30,186.69607887,183.62538305722032,train
2016-10-03,186.247248722,186.11478485642127,train
2016-10-04,185.297800332,176.6519418809962,train
2016-10-05,186.117778487,177.44695145158468,train
2016-10-06,186.247248722,185.63259688477504,train
2016-10-07,185.608528896,184.53272719878214,train
2016-10-10,186.575239984,175.85167846919452,train
2016-10-11,184.218881707,185.63779543308578,train
2016-10-12,184.460559479,182.62620263710065,train
2016-10-13,183.856365049,183.30140535161115,train
2016-10-14,183.951309888,182.79367859473828,train
2016-10-17,183.312590062,182.90756258432208,train
2016-10-18,184.460559479,185.75593761419114,train
2016-10-19,184.952546372,181.4507373882135,train
2016-10-20,184.607292412,185.31420989181004,train
2016-10-21,184.693605902,176.00157442607562,train
2016-10-24,185.479058661,183.91937950445922,train
2016-10-25,184.857601533,189.4622872078494,train
2016-10-26,184.486453526,184.32318122486447,train
2016-10-27,183.994466633,182.76652572726076,train
2016-10-28,183.450691646,175.80025617389725,train
2016-10-31,183.459322995,180.45229771005594,train
2016-11-01,182.130095249,180.5106468333567,train
2016-11-02,181.033913926,188.8992068553905,train
2016-11-03,180.205304422,178.43061822631887,train
2016-11-04,180.006783395,179.43288497804386,train
2016-11-07,183.977203935,171.0238366500812,train
2016-11-08,184.805813439,183.81107565788193,train
2016-11-09,186.816917756,183.4384424423258,train
2016-11-10,187.231222508,185.67132971075267,train
2016-11-11,186.799655058,185.7530073155098,train
2016-11-14,186.946387991,185.36482735512058,train
2016-11-15,188.405085972,185.65880193783283,train
2016-11-16,188.051200663,182.62787820797507,train
2016-11-17,189.017911751,187.59056399602818,train
2016-11-18,188.59497565,186.04187849047298,train
2016-11-21,190.019148235,187.5449930462464,train
2016-11-22,190.390296242,189.8645495856413,train
2016-11-23,190.49387243,187.50337457774575,train
2016-11-25,191.201643048,190.05984412358825,train
2016-11-28,190.303982752,187.181271900283,train
2016-11-29,190.675130759,188.62916754105356,train
2016-11-30,190.217669262,190.41842004032176,train
2016-12-01,189.518529993,189.0508520368246,train
2016-12-02,189.613474832,188.19813079334708,train
2016-12-05,190.7528129,187.08847346553824,train
2016-12-06,191.35700733,187.80548249980396,train
2016-12-07,193.86009854,189.7453264575806,train
2016-12-08,194.334822735,197.4361759154269,train
2016-12-09,195.508686199,194.33361389296164,train
2016-12-12,195.284271125,194.96753823301543,train
2016-12-13,196.587604824,192.86343900364875,train
2016-12-14,194.964911212,197.23763014798763,train
2016-12-15,195.767626669,194.48240851549036,train
2016-12-16,195.385601544,193.58108340802505,train
2016-12-19,195.811032333,193.81590570033092,train
2016-12-20,196.56638904,193.66109690677442,train
2016-12-21,196.019406597,195.29560802092186,train
2016-12-22,195.680798418,195.46649798189938,train
2016-12-23,195.967313031,200.9236339922071,train
2016-12-27,196.453519647,194.38093997976134,train
2016-12-28,194.82993684,197.68801503277157,train
2016-12-29,194.786525535,192.25653742134688,train
2016-12-30,194.074580133,191.75611866090327,train
2017-01-03,195.559246764,193.8496817314695,train
2017-01-04,196.722669738,190.79799488200993,train
2017-01-05,196.56638904,195.09805503150923,train
2017-01-06,197.269652181,195.00283054343495,train
2017-01-09,196.618482606,194.55231709478954,train
2017-01-10,196.618482606,194.7819074666978,train
2017-01-11,197.17414731,201.32086097377322,train
2017-01-12,196.679258433,195.77080846368676,train
2017-01-13,197.130736005,198.5774220097274,train
2017-01-17,196.436155125,196.39190778253652,train
2017-01-18,196.870268175,187.40220180594505,train
2017-01-19,196.140958251,194.92096131690215,train
2017-01-20,196.861585914,194.20723778871604,train
2017-01-23,196.349332515,194.362760320089,train
2017-01-24,197.60826036,197.24533337895647,train
2017-01-25,199.318665777,196.2780403612166,train
2017-01-26,199.110291513,197.92711397183444,train
2017-01-27,198.797730117,197.32890587286283,train
2017-01-30,197.564849055,197.5434499169321,train
2017-01-31,197.547484533,196.80339054840226,train
2017-02-01,197.625624882,196.32755460560568,train
2017-02-02,197.755858797,196.6724294265407,train
2017-02-03,199.118973774,195.93807905960037,train
2017-02-06,198.763001073,205.618215090999,train
2017-02-07,198.771683334,205.0384206555147,train
2017-02-08,199.032151164,197.4738106529322,train
2017-02-09,200.21293866,197.5189243676345,train
2017-02-10,201.003024411,198.4042827813815,train
2017-02-13,202.096989297,197.8401605325768,train
2017-02-14,202.90443957,201.5699911167051,train
2017-02-15,203.963675412,201.27411654008964,train
2017-02-16,203.790030192,201.9724620871116,train
2017-02-17,204.111273849,202.02857048490256,train
2017-02-21,205.326790389,202.38473964879753,train
2017-02-22,205.144462908,203.85203720693576,train
2017-02-23,205.283379084,203.67349558887398,train
2017-02-24,205.543846914,203.90374838756156,train
2017-02-27,205.865090571,202.36689635611327,train
2017-02-28,205.309425867,204.1376970367058,train
2017-03-01,208.183254258,202.7398713596955,train
2017-03-02,206.872232847,207.27658263915075,train
2017-03-03,207.002466762,206.2349456680839,train
2017-03-06,206.386026231,205.84471768188374,train
2017-03-07,205.7695857,204.95460320478034,train
2017-03-08,205.387566216,202.57230739719265,train
2017-03-09,205.648034046,202.36885253668194,train
2017-03-10,206.368661709,203.68254206161075,train
2017-03-13,206.472848841,205.4328513318498,train
2017-03-14,205.68276309,205.8129191110123,train
2017-03-15,207.462626595,202.4624363045252,train
2017-03-16,207.054560328,213.4935732806184,train
2017-03-17,206.69703387,205.48697693162052,train
2017-03-20,206.47030633,206.07065013095803,train
2017-03-21,203.81933817,205.07823164245917,train
2017-03-22,204.29895412,202.15793494429332,train
2017-03-23,204.08094687,201.7225099167413,train
2017-03-24,203.93270194,204.29110277731743,train
2017-03-27,203.72341498,202.48003258347632,train
2017-03-28,205.20586428,201.81811586386902,train
2017-03-29,205.39771066,207.7123831768882,train
2017-03-30,206.05173241,211.6970514724511,train
2017-03-31,205.57211646,204.3295677906427,train
2017-04-03,205.21458457,196.69342648087738,train
2017-04-04,205.34538892,204.29436511168188,train
2017-04-05,204.73496862,203.52392788005926,train
2017-04-06,205.31050776,203.3055295197872,train
2017-04-07,205.1012208,203.7668961988132,train
2017-04-10,205.22330486,203.88756539899268,train
2017-04-11,204.97913674,204.35825471373877,train
2017-04-12,204.08094687,194.01269014433578,train
2017-04-13,202.75546279,202.43007697695947,train
2017-04-17,204.55184253,201.05920974338753,train
2017-04-18,203.94142223,202.786491621734,train
2017-04-19,203.56644976,201.95669428053327,train
2017-04-20,205.22330486,201.9897053574519,train
2017-04-21,204.56928311,201.98905992918046,train
2017-04-24,206.81911793,202.7287830624381,train
2017-04-25,208.02251795,206.3748262892847,train
2017-04-26,207.8917136,209.90273632016851,train
2017-04-27,208.0661194,204.6852729492842,train
2017-04-28,207.61266432,206.083200681587,train
2017-05-01,208.13588172,204.66293854261184,train
2017-05-02,208.21436433,204.88175878851123,train
2017-05-03,207.96147592,207.47592173439585,train
2017-05-04,208.20564404,204.88325232159593,train
2017-05-05,209.0253513,214.3962945230565,train
2017-05-08,208.99047014,208.78442369682074,train
2017-05-09,208.79862376,214.78278843528022,train
2017-05-10,209.17359623,207.9582739431318,train
2017-05-11,208.74630202,206.96859504928338,train
2017-05-12,208.39749042,202.85538118676064,train
2017-05-15,209.5485687,206.7707761075517,train
2017-05-16,209.35672232,208.3857260656409,train
2017-05-17,205.64187878,208.17513175700532,train
2017-05-18,206.47030633,210.4367513233339,train
2017-05-19,207.81323099,205.7576236726841,train
2017-05-22,208.86838608,209.98474868142097,train
2017-05-23,209.33056145,198.2283828652753,train
2017-05-24,209.81889769,199.41746223284,train
2017-05-25,210.82173104,207.81865101269443,train
2017-05-26,210.77812959,209.4165127337207,train
2017-05-30,210.5950035,209.2417590660846,train
2017-05-31,210.54268176,208.34242288497072,train
2017-06-01,212.21697744,210.6672905030307,train
2017-06-02,212.92332093,211.2383682623648,train
2017-06-05,212.76635571,210.9101418545703,train
2017-06-06,212.08617309,211.5646956244313,train
2017-06-07,212.47858614,209.9928684953284,train
2017-06-08,212.58322962,210.62245238137183,train
2017-06-09,212.26057889,210.4121848768955,train
2017-06-12,212.21697744,211.64861632023315,train
2017-06-13,213.25469195,209.4535391840013,train
2017-06-14,212.98436296,209.79011641286806,train
2017-06-15,212.57450933,211.6535464915425,train
2017-06-16,212.618322648,210.4630373867951,train
2017-06-19,214.388389462,203.9487428405326,train
2017-06-20,212.942542807,212.07092083660297,train
2017-06-21,212.889966565,206.467157002042,train
2017-06-22,212.793576788,211.83465054948357,train
2017-06-23,213.047695291,211.43957119353615,train
2017-06-26,213.187898603,206.3581336418414,train
2017-06-27,211.470408031,212.60392433514428,train
2017-06-28,213.363152743,209.44761472455025,train
2017-06-29,211.487933445,212.5820283768885,train
2017-06-30,211.88225526,210.36038259254383,train
2017-07-03,212.241526247,210.75925938890683,train
2017-07-05,212.732237839,211.34324265603857,train
2017-07-06,210.786916885,211.363733872966,train
2017-07-07,212.153899177,208.8611062279132,train
2017-07-10,212.381729559,212.49672069163876,train
2017-07-11,212.224000833,210.546054690361,train
2017-07-12,213.818813507,212.24991713783564,train
2017-07-13,214.178084494,207.6126122288038,train
2017-07-14,215.177033092,211.30740560987172,train
2017-07-17,215.150744971,212.77320455215397,train
2017-07-18,215.264660162,214.32277060151299,train
2017-07-19,216.430100193,221.8765234719654,train
2017-07-20,216.52648997,215.60122779148313,train
2017-07-21,216.333710416,212.99076978114837,train
2017-07-24,216.281134174,214.98374095338502,train
2017-07-25,216.806896594,214.69447580651615,train
2017-07-26,216.815659301,214.97191482552904,train
2017-07-27,216.61411704,216.01051028447,train
2017-07-28,216.359998537,215.66834100879146,train
2017-07-31,216.237320639,214.92922816076933,train
2017-08-01,216.719269524,221.27681780006637,train
2017-08-02,216.824422008,215.58355953013495,train
2017-08-03,216.403812072,215.4775808838187,train
2017-08-04,216.798133887,213.44951247425686,train
2017-08-07,217.201218409,223.16749441266836,train
2017-08-08,216.666693282,216.8155367765646,train
2017-08-09,216.657930575,216.30842211223217,train
2017-08-10,213.599745832,213.36411806115566,train
2017-08-11,213.915203284,205.4601862140685,train
2017-08-14,216.035778378,215.5498609035121,train
2017-08-15,216.009490257,215.99553619502825,train
2017-08-16,216.386286658,207.80730338120912,train
2017-08-17,213.012644463,215.35754701129764,train
2017-08-18,212.679661597,204.69207040518717,train
2017-08-21,212.84615303,209.31760456149917,train
2017-08-22,215.071880608,213.00750506053012,train
2017-08-23,214.300762392,214.00445686238245,train
2017-08-24,213.801288093,210.95355067972275,train
2017-08-25,214.300762392,212.67323232078712,train
2017-08-28,214.309525099,218.171629219105,train
2017-08-29,214.554880895,206.64638159102657,train
2017-08-30,215.571354907,212.63901903742723,train
2017-08-31,216.868235543,209.0675622655539,train
2017-09-01,217.174930288,222.55454734111404,train
2017-09-05,215.615168442,223.87310117970398,train
2017-09-06,216.35123583,213.72166602422203,train
2017-09-07,216.324947709,212.952598001423,train
2017-09-08,216.070829206,214.30241560327934,train
2017-09-11,218.375421147,212.68431669260278,train
2017-09-12,219.111488535,216.59884382546159,train
2017-09-13,219.216641019,217.07352099237497,train
2017-09-14,219.146539363,218.49215942394858,train
2017-09-15,219.437137623,214.4456815306759,train
2017-09-18,219.903856524,207.69657297013552,train
2017-09-19,220.124006949,216.60962174996212,train
2017-09-20,220.203261102,218.4827149491887,train
2017-09-21,219.613257963,219.41733472274828,train
2017-09-22,219.657288048,218.05938149674208,train
2017-09-25,219.208181181,217.64133402334838,train
2017-09-26,219.340271436,219.06236813588296,train
2017-09-27,220.194455085,218.32907473512418,train
2017-09-28,220.458635595,218.98405210495508,train
2017-09-29,221.233565091,219.46736397874713,train
2017-10-02,222.193420944,217.8633334943644,train
2017-10-03,222.668945862,218.6820086287242,train
2017-10-04,222.933126372,221.72803679883333,train
2017-10-05,224.254028922,222.27791907658482,train
2017-10-06,223.998654429,229.6544983178424,train
2017-10-09,223.628801715,214.58780856576857,train
2017-10-10,224.218804854,221.49041194000017,train
2017-10-11,224.571045534,220.69352377807806,train
2017-10-12,224.236416888,221.58191435288526,train
2017-10-13,224.509403415,220.81569739368396,train
2017-10-16,224.808807993,223.903973387459,train
2017-10-17,224.967316299,223.13698045090476,train
2017-10-18,225.187466724,223.56488102600426,train
2017-10-19,225.249108843,224.1890928857871,train
2017-10-20,226.411503087,224.54990289637502,train
2017-10-23,225.530901387,224.45365230030097,train
2017-10-24,225.927172152,223.58640652232114,train
2017-10-25,224.808807993,224.9617572133132,train
2017-10-26,225.099406554,223.2703780022864,train
2017-10-27,226.939864107,223.9704474528482,train
2017-10-30,226.094486475,226.03019179457186,train
2017-10-31,226.446727155,224.942151042747,train
2017-11-01,226.746131733,217.1264551245861,train
2017-11-02,226.834191903,224.70854546424917,train
2017-11-03,227.591509365,225.46667184102475,train
2017-11-06,227.943750045,231.22057285652724,train
2017-11-07,227.785241739,227.01658155386937,train
2017-11-08,228.172706487,226.9681542722335,train
2017-11-09,227.344940889,226.13850995120424,train
2017-11-10,227.274492753,225.4041982936586,train
2017-11-13,227.485837161,226.3799203970289,train
2017-11-14,226.957476141,226.53055522706177,train
2017-11-15,225.821499948,223.9904687634329,train
2017-11-16,227.741211654,225.16555062421028,train
2017-11-17,227.071954362,224.10860290795506,train
2017-11-20,227.45941911,228.08440377728763,train
2017-11-21,228.947635983,225.51045523922275,train
2017-11-22,228.745097592,216.716087737836,train
2017-11-24,229.273458612,226.86772378634853,train
2017-11-27,229.158980391,228.06953035308948,train
2017-11-28,231.483768879,228.35249873494953,train
2017-11-29,231.342872607,229.66636487576,train
2017-11-30,233.368256517,226.2609333893846,train
2017-12-01,232.883925582,231.25803304773984,train
2017-12-04,232.602133038,235.26968255230898,train
2017-12-05,231.765561423,231.72307572819054,train
2017-12-06,231.809591508,230.86192820293158,train
2017-12-07,232.540490919,230.30465278115244,train
2017-12-08,233.808557367,238.94133204322063,train
2017-12-11,234.513038727,224.74926366361714,train
2017-12-12,234.926921526,233.20056441421852,train
2017-12-13,234.900503475,233.17663762755288,train
2017-12-14,233.940647622,233.70310443949424,train
2017-12-15,235.89679583,230.69182987969248,train
2017-12-18,237.3926706,233.80294091018135,train
2017-12-19,236.48098361,232.04610067165666,train
2017-12-20,236.35706499,226.6281528210278,train
2017-12-21,236.84388814,234.54957687033271,train
2017-12-22,236.78192883,235.0176228295127,train
2017-12-26,236.49868627,234.9542557243371,train
2017-12-27,236.61375356,235.31251036336545,train
2017-12-28,237.10057671,233.08307123147705,train
2017-12-29,236.20659238,236.78598832959025,train
2018-01-02,237.89719641,235.58987234298004,train
2018-01-03,239.40192251,236.34031352941875,train
2018-01-04,240.41097413,241.877371790135,train
2018-01-05,242.01306486,241.87444793281324,train
2018-01-08,242.45563136,240.54450158781182,train
2018-01-09,243.00441382,240.98722485202435,train
2018-01-10,242.63265796,241.05475722976462,train
2018-01-11,244.40292396,244.071379726086,train
2018-01-12,245.99616336,244.96910904899266,train
2018-01-16,245.15528701,248.04770788965507,train
2018-01-17,247.49203813,236.71742522370658,train
2018-01-18,247.07602562,244.12484016701308,train
2018-01-19,248.20014453,245.0499762515494,train
2018-01-22,250.21824777,245.83050765639925,train
2018-01-23,250.74932757,247.03988571276804,train
2018-01-24,250.65196294,249.5559899111736,train
2018-01-25,250.7581789,248.25171287995386,train
2018-01-26,253.66141514,247.01316701646962,train
2018-01-29,251.97966244,250.77882223007583,train
2018-01-30,249.39507408,249.62326793023496,train
2018-01-31,249.5189927,247.0532959009607,train
2018-02-01,249.23575014,244.02252514991122,train
2018-02-02,243.80988485,245.51868132893603,train
2018-02-05,233.61315269,241.9065069530102,train
2018-02-06,238.21584429,218.35342991621945,train
2018-02-07,236.92355011,235.71734316500348,train
2018-02-08,228.03681479,239.1354275397685,train
2018-02-09,231.4622795,232.80663605362327,train
2018-02-12,234.86119022,231.46223651782708,train
2018-02-13,235.445378,238.68778636320755,train
2018-02-14,238.62300547,232.13975143906177,train
2018-02-15,241.66786299,237.57598105492315,train
2018-02-16,241.73867363,249.15607756390432,train
2018-02-20,240.2250962,244.11049874418458,train
2018-02-21,239.03016665,238.4680429788089,train
2018-02-22,239.3399632,238.08187241389663,train
2018-02-23,243.15488643,239.62594642423048,train
2018-02-26,245.9784607,241.8692653136654,train
2018-02-27,242.90704919,252.25425027686387,train
2018-02-28,240.44637945,241.8890375005791,train
2018-03-01,236.9501041,239.0615894358748,train
2018-03-02,238.17158764,233.58732926604262,train
2018-03-05,240.92435127,236.51213796642378,train
2018-03-06,241.53509304,239.3581007307669,train
2018-03-07,241.44657974,241.80253414888156,train
2018-03-08,242.6149553,239.6723954500694,train
2018-03-09,246.83703971,240.87235961995322,train
2018-03-12,246.52724316,234.3730236612371,train
2018-03-13,244.93400376,243.91289974472215,train
2018-03-14,243.6771149,241.3063664142171,train
2018-03-15,243.411575,239.25009214273754,train
2018-03-16,243.67816734,242.94200975951176,train
2018-03-19,240.381135973,242.4846514863132,train
2018-03-20,240.789932315,236.08099874884226,train
2018-03-21,240.327814711,239.3117091593677,train
2018-03-22,234.320285859,243.9068163886043,train
2018-03-23,229.325860985,221.3543246457476,train
2018-03-26,235.599996147,227.84119055797564,train
2018-03-27,231.59201462,234.1352838124841,train
2018-03-28,230.907725091,233.45634843329552,train
2018-03-29,233.858168255,229.71943020685023,train
2018-04-02,228.810422119,236.77081506606302,train
2018-04-03,231.743091529,227.96356328844087,train
2018-04-04,234.222530212,232.26370390406856,train
2018-04-05,236.071000628,221.5940013949846,train
2018-04-06,230.809969444,227.1398411510668,train
2018-04-09,231.9474897,231.54665515229686,train
2018-04-10,235.635543655,228.34776490604727,train
2018-04-11,234.400267752,234.26431455413774,train
2018-04-12,236.328720061,242.68021614896767,train
2018-04-13,235.635543655,232.13590100602622,train
2018-04-16,237.572882841,233.389811876439,train
2018-04-17,240.114529663,235.53482173835394,train
2018-04-18,240.292267203,237.8347652630942,train
2018-04-19,238.959235653,238.10741087056337,train
2018-04-20,236.933027697,238.14383186590518,train
2018-04-23,236.897480189,233.03084733634256,train
2018-04-24,233.707091346,235.2297847545965,train
2018-04-25,234.284738351,232.26598046142118,train
2018-04-26,236.666421387,231.00510335691615,train
2018-04-27,236.888593312,234.1108047160558,train
2018-04-30,235.066783527,236.56414962759055,train
2018-05-01,235.484466746,232.99189543272917,train
2018-05-02,233.90260264,233.3841753730923,train
2018-05-03,233.387163774,231.78613956616684,train
2018-05-04,236.408701954,240.13744054813492,train
2018-05-07,237.208520884,235.76606403137993,train
2018-05-08,237.208520884,234.87724360885113,train
2018-05-09,239.50133515,236.57101617722486,train
2018-05-10,241.740828154,242.69310701867357,train
2018-05-11,242.478438945,243.22371958626132,train
2018-05-14,242.593968346,247.80997924622793,train
2018-05-15,240.92323547,239.754084482079,train
2018-05-16,241.936339448,248.1130796383487,train
2018-05-17,241.731941277,230.5169424560097,train
2018-05-18,241.127633641,239.8112211815802,train
2018-05-21,242.940556549,242.23687033796028,train
2018-05-22,242.265153897,240.69316760211322,train
2018-05-23,242.931669672,234.33384745919525,train
2018-05-24,242.43400456,241.167988839334,train
2018-05-25,241.856357555,239.8945352048191,train
2018-05-29,239.074765054,239.73848821866687,train
2018-05-30,242.265153897,245.29173089772314,train
2018-05-31,240.781045438,243.8688400318586,train
2018-06-01,243.14495472,240.4922427521391,train
2018-06-04,244.30024873,240.85646844413125,train
2018-06-05,244.47798627,242.55239216845226,train
2018-06-06,246.52196798,241.5716848462586,train
2018-06-07,246.495307349,243.23156148148144,train
2018-06-08,247.224031263,245.10842807627807,train
2018-06-11,247.552845712,245.3407173863397,train
2018-06-12,247.872773284,246.11962346001962,train
2018-06-13,247.081841231,243.88849420233677,train
2018-06-14,247.703922621,244.8493832238322,train
2018-06-15,247.391484543,244.05246203277957,train
2018-06-18,246.882650616,247.7963423762987,train
2018-06-19,245.93639805,249.99763587972566,train
2018-06-20,246.355962867,241.7933381673081,train
2018-06-21,244.811607264,242.33875666505637,train
2018-06-22,245.257952814,231.5758778804837,train
2018-06-25,241.9192881,245.33439600280954,train
2018-06-26,242.45490276,241.9467117126667,train
2018-06-27,240.446347785,249.2472723672527,train
2018-06-28,241.821092079,239.60943464498712,train
2018-06-29,242.169241608,243.0690794180378,train
2018-07-02,242.687002446,241.22932779558798,train
2018-07-03,241.83001899,241.14811178588562,train
2018-07-05,243.802866321,239.97371356562138,train
2018-07-06,245.864982762,242.201558500231,train
2018-07-09,248.07885669,244.64642673203008,train
2018-07-10,248.97154779,242.66935147322647,train
2018-07-11,247.150457946,247.6259041108083,train
2018-07-12,249.391112607,245.7360041147688,train
2018-07-13,249.587504649,245.7428211801776,train
2018-07-16,249.364331874,248.8369850922492,train
2018-07-17,250.373072817,247.3948740359375,train
2018-07-18,250.899760566,246.21937892344738,train
2018-07-19,249.953508,252.37695049373403,train
2018-07-20,249.667846848,248.72058771476256,train
2018-07-23,250.13204622,246.27918730943884,train
2018-07-24,251.390740671,248.62126018394574,train
2018-07-25,253.533199311,238.5745535473194,train
2018-07-26,252.935096274,240.20490618308648,train
2018-07-27,251.221129362,249.85109386636398,train
2018-07-30,249.908873445,247.74880787861773,train
2018-07-31,251.140787163,249.23176124041228,train
2018-08-01,250.721222346,258.25333482107203,train
2018-08-02,252.087039729,254.92261121198953,train
2018-08-03,253.16719596,252.88269275095053,train
2018-08-06,254.095594704,250.88700290138482,train
2018-08-07,254.934724338,241.370039850352,train
2018-08-08,254.827601406,254.01344229412496,train
2018-08-09,254.479451877,252.81734372892126,train
2018-08-10,252.774411876,251.25065971000873,train
2018-08-13,251.82815931,248.55028595843743,train
2018-08-14,253.43500329,249.42662130839344,train
2018-08-15,251.542498158,251.08880893499037,train
2018-08-16,253.577833866,250.4391319076583,train
2018-08-17,254.470524966,249.21458870469667,train
2018-08-20,255.015066537,250.22002522507952,train
2018-08-21,255.613169574,252.7151390504737,train
2018-08-22,255.461412087,247.42548245813185,train
2018-08-23,255.122189469,254.7039435952682,train
2018-08-24,256.657618161,253.92387135848435,train
2018-08-27,258.684026958,254.27465438064402,train
2018-08-28,258.809003712,265.9544501273669,train
2018-08-29,260.201601828,256.97672726441954,train
2018-08-30,259.14822633,258.5656769288796,train
2018-08-31,259.157153241,255.92592347913003,train
2018-09-04,258.710807691,256.47557091341696,train
2018-09-05,258.014508633,261.07646967749605,train
2018-09-06,257.237867376,246.55084756614855,train
2018-09-07,256.73796036,256.77352202543744,train
2018-09-10,257.18430591,254.23324705242507,train
2018-09-11,258.032362455,254.66746511866967,train
2018-09-12,258.094850832,260.10712127522885,train
2018-09-13,259.621352613,253.67155329205437,train
2018-09-14,259.665987168,255.53432741107636,train
2018-09-17,258.291242874,267.7278799710569,train
2018-09-18,259.692767901,256.236722863248,train
2018-09-19,259.969502142,256.72728247411237,train
2018-09-20,262.076253138,265.4552406029677,train
2018-09-21,261.843083664,260.0874078800672,train
2018-09-24,260.973232672,260.0041307316057,train
2018-09-25,260.7311092,257.2279918855907,train
2018-09-26,259.950933568,259.3424373715933,train
2018-09-27,260.677303984,263.6636720627096,train
2018-09-28,260.704206592,258.13246739634985,train
2018-10-01,261.609927728,256.93337595227763,train
2018-10-02,261.457479616,259.47439937633,train
2018-10-03,261.600960192,263.5975602770808,train
2018-10-04,259.556361984,257.28557829504166,train
2018-10-05,258.103621152,257.03310388566024,train
2018-10-08,258.103621152,246.7045003411242,train
2018-10-09,257.72698464,256.638916986679,train
2018-10-10,249.56652688,254.71308146920234,train
2018-10-11,244.069427312,251.90567663969023,train
2018-10-12,247.45915592,249.4537151134058,train
2018-10-15,246.06918784,245.89210447924748,train
2018-10-16,251.44970944,242.64795280500675,train
2018-10-17,251.49454712,249.45260363742196,train
2018-10-18,247.86269504,247.10272724359476,train
2018-10-19,247.728182,244.69213179085895,train
2018-10-22,246.616207536,247.5246806740344,train
2018-10-23,245.360752496,247.7064040641831,train
2018-10-24,237.926665152,243.9290055510278,train
2018-10-25,242.195212288,248.10025247258298,train
2018-10-26,237.935632688,250.6202567640714,train
2018-10-29,236.617404896,233.56300324074417,train
2018-10-30,240.123711472,237.13884600165352,train
2018-10-31,242.688426768,238.62897059233956,train
2018-11-01,245.271077136,239.62403008212956,train
2018-11-02,243.818336304,241.7774431227391,train
2018-11-05,245.163466704,249.09851407463302,train
2018-11-06,246.714850432,243.19265428464914,train
2018-11-07,251.996729136,248.71979452993097,train
2018-11-08,251.5393848,250.02512049431533,train
2018-11-09,249.082279936,249.53082416112767,train
2018-11-12,244.428128752,250.02606281345672,train
2018-11-13,243.970784416,243.99628684559477,train
2018-11-14,242.30282272,242.95425231274297,train
2018-11-15,244.831667872,237.76008058422326,train
2018-11-16,245.468362928,253.18321562528666,train
2018-11-19,241.31639376,250.27620881348426,train
2018-11-20,236.850560832,239.8523051378833,train
2018-11-21,237.657639072,242.62115344241926,train
2018-11-23,236.0703852,234.50751599528823,train
2018-11-26,239.881588,231.6371718503948,train
2018-11-27,240.68866624,239.16750424416819,train
2018-11-28,246.230603488,238.46504977470113,train
2018-11-29,245.692551328,243.1266835626573,train
2018-11-30,247.19012984,244.41560313905688,train
2018-12-03,250.46328048,244.81174670036876,train
2018-12-04,242.3476604,247.43575451224663,train
2018-12-06,241.979991424,240.02324287020426,train
2018-12-07,236.357346352,239.72586056898714,train
2018-12-10,236.805723152,239.0081624795056,train
2018-12-11,236.859528368,236.76386786036323,train
2018-12-12,238.052210656,242.75553776317204,train
2018-12-13,237.971502832,233.8051232348708,train
2018-12-14,233.577410192,234.95443920942222,train
2018-12-17,228.994999296,230.10242616732342,train
2018-12-18,228.743908288,226.92166803810056,train
2018-12-19,225.318309536,223.71357620975303,train
2018-12-20,221.650587312,221.4170305131758,train
2018-12-21,217.10942626,232.17776106747536,train
2018-12-24,211.372758412,219.10724344337203,train
2018-12-26,222.052341324,217.62255341688754,train
2018-12-27,223.757105826,218.60404292453072,train
2018-12-28,223.46846845,214.49108721583724,train
2018-12-31,225.425790656,220.2771589118592,train
2019-01-02,225.660308524,220.57151464442083,train
2019-01-03,220.275417478,225.73762579055338,train
2019-01-04,227.653710402,215.78375296665558,train
2019-01-07,229.448674084,226.68725855580132,train
2019-01-08,231.604434486,225.85639461733876,train
2019-01-09,232.686824646,234.0613728022332,train
2019-01-10,233.507637184,232.11314185713286,train
2019-01-11,233.597836364,228.6675049395877,train
2019-01-14,232.17268932,232.04411776073658,train
2019-01-15,234.83356513,232.10759208484623,train
2019-01-16,235.401819964,232.0513193814414,train
2019-01-17,237.187763728,231.4283064747145,train
2019-01-18,240.344735028,234.24923385545233,train
2019-01-22,237.097564548,239.6142162648035,train
2019-01-23,237.593660038,237.96073649140564,train
2019-01-24,237.71993889,238.49754977907236,train
2019-01-25,239.731380604,236.33104910119158,train
2019-01-28,237.909357168,237.51735383705247,train
2019-01-29,237.593660038,236.0916998541873,train
2019-01-30,241.354965844,235.87935211541193,train
2019-01-31,243.474646574,239.48061387072062,train
2019-02-01,243.591905508,243.31506923820112,train
2019-02-04,245.305689928,246.9444852298008,train
2019-02-05,246.33396058,248.97467894768093,train
2019-02-06,246.009243532,245.67972770578325,train
2019-02-07,243.664064852,249.0333741892125,train
2019-02-08,243.961722146,242.09258969340405,train
2019-02-11,244.097020916,250.49452567650346,train
2019-02-12,247.23595238,243.33721624369664,train
2019-02-13,248.038725082,255.2653904322374,train
2019-02-14,247.488510084,243.950809478722,train
2019-02-15,250.185465566,255.35130961753754,train
2019-02-19,250.61842163,249.85856657864886,train
2019-02-20,251.123537038,252.86640026427747,train
2019-02-21,250.230565156,250.51010948597838,train
2019-02-22,251.781991052,249.65053232595878,train
2019-02-25,252.124747936,248.76254385879562,train
2019-02-26,251.944349576,250.4565442105222,train
2019-02-27,251.83611056,248.12270018383344,train
2019-02-28,251.367074824,249.623198189589,train
2019-03-01,252.936540556,249.81948016415777,train
2019-03-04,252.01650892,252.26829975899398,train
2019-03-05,251.673752036,256.5375785660007,train
2019-03-06,250.149385894,238.0433063383773,train
2019-03-07,248.056764918,247.9714838047579,train
2019-03-08,247.560669428,245.8359760864505,train
2019-03-11,251.150596792,249.33330711199622,train
2019-03-12,252.097688182,251.6057675488847,train
2019-03-13,253.766373012,251.81553828363556,train
2019-03-14,253.604014488,251.15941318277257,train
2019-03-15,254.857070412,250.88639411819162,train
2019-03-18,255.781154916,251.482016088759,train
2019-03-19,255.84457248,253.61636072208475,train
2019-03-20,255.07450206,256.2081841497956,train
2019-03-21,257.955471396,254.76439920777707,train
2019-03-22,252.9907821,257.3118772661899,train
2019-03-25,252.800529408,251.55233255439845,train
2019-03-26,254.684937024,251.17606809752345,train
2019-03-27,253.35316818,252.65482544869164,train
2019-03-28,254.313491292,251.03136718337356,train
2019-03-29,255.917049696,252.4971164100002,train
2019-04-01,258.952033116,254.6187348410829,train
2019-04-02,259.078868244,256.39763298145766,train
2019-04-03,259.486552584,256.86627581111736,train
2019-04-04,260.175086136,257.68333384466104,train
2019-04-05,261.434377764,259.1374969082252,train
2019-04-08,261.633690108,260.70510761211233,train
2019-04-09,260.292861612,259.86230562885635,train
2019-04-10,261.180707508,252.39807553993134,train
2019-04-11,261.108230292,260.6571084695528,train
2019-04-12,262.874862432,257.59705090531116,train
2019-04-15,262.702729044,270.39785137633714,train
2019-04-16,262.874862432,259.8038101711959,train
2019-04-17,262.23162714,249.91090939131556,train
2019-04-18,262.748027304,262.01853415094104,train
2019-04-22,262.974518604,249.5923433084983,train
2019-04-23,265.339087776,261.4918905909448,train
2019-04-24,264.750210396,263.020366361738,train
2019-04-25,264.58713666,252.78441056303305,train
2019-04-26,265.819249332,263.3032522994851,train
2019-04-29,266.235993324,263.61153249068116,train
2019-04-30,266.371888104,265.1867214451944,train
2019-05-01,264.369705012,264.3431152014091,train
2019-05-02,263.798946936,262.59574420930267,train
2019-05-03,266.380947756,262.8667692242371,train
2019-05-06,265.284729864,264.2847806592254,train
2019-05-07,260.854560036,262.7107495236969,train
2019-05-08,260.492173956,262.170392116873,train
2019-05-09,259.703984232,259.0148298481112,train
2019-05-10,261.00857412,260.066203108777,train
2019-05-13,254.449386072,253.241564062341,train
2019-05-14,256.75053768,255.5705525982313,train
2019-05-15,258.254439912,262.19855607971147,train
2019-05-16,260.64618804,256.96055271228624,train
2019-05-17,258.961092768,257.60533802669573,train
2019-05-20,257.24881854,259.55124507132365,train
2019-05-21,259.568089452,255.13498929414314,train
2019-05-22,258.770840076,254.4508776613599,train
2019-05-23,255.609021528,258.79338117703713,train
2019-05-24,256.188839256,254.40236192635018,train
2019-05-28,253.80615078,256.2152062422359,train
2019-05-29,252.102936204,249.90370913755805,train
2019-05-30,252.791469756,250.84369591361457,train
2019-05-31,249.385040604,248.6692994154299,train
2019-06-03,248.750864964,250.06892813096843,train
2019-06-04,254.150417556,247.61226661689136,train
2019-06-05,256.351912992,254.8220204237328,train
2019-06-06,258.01888896,256.2897804831632,train
2019-06-07,260.60088978,257.67917307788093,train
2019-06-10,261.796763844,258.7732708357996,train
2019-06-11,261.73334628,259.58712196588255,train
2019-06-12,261.271304028,260.8632795356436,train
2019-06-13,262.349402616,268.62415368368534,train
2019-06-14,262.059493752,249.59863764891452,train
2019-06-17,262.159149924,259.7092309622963,train
2019-06-18,264.90422448,260.1652503118912,train
2019-06-19,265.502161512,262.37958896599883,train
2019-06-20,268.038864072,263.4357274034329,train
2019-06-21,267.6488976,265.5240060106193,train
2019-06-24,267.321164256,265.4465928320114,train
2019-06-25,264.699297504,262.97267138580406,train
2019-06-26,264.435290088,262.1115146328474,train
2019-06-27,265.3729716,271.89827412129785,train
2019-06-28,266.7385272,265.0676511216436,train
2019-07-01,269.160112464,260.3890245891921,train
2019-07-02,269.861097672,267.5815235380119,train
2019-07-03,272.01867552,269.1483137505565,train
2019-07-05,271.709149584,269.85104128704404,train
2019-07-08,270.216142128,273.5091724535091,train
2019-07-09,270.552979176,267.89912666550356,train
2019-07-10,271.845705144,268.95410408060656,train
2019-07-11,272.482964424,270.2738982241457,train
2019-07-12,273.70286076,270.3003315124341,train
2019-07-15,273.7938978,262.8649870078653,train
2019-07-16,272.847112584,269.5846467368038,train
2019-07-17,271.053682896,270.54811796368074,train
2019-07-18,272.045986632,269.56215352879696,train
2019-07-19,270.534771768,269.42443138428376,train
2019-07-22,271.19934216,255.6608455815246,train
2019-07-23,273.138431112,266.83065581232,train
2019-07-24,274.422053376,270.37375540149884,train
2019-07-25,273.11112,271.7657486236715,train
2019-07-26,274.940964504,269.24899330898484,train
2019-07-29,274.440260784,270.70559335088245,train
2019-07-30,273.766586688,270.40769394920045,train
2019-07-31,270.771468072,272.1260038089565,train
2019-08-01,268.413608736,268.49827875081536,train
2019-08-02,266.392586448,266.4518142951673,train
2019-08-05,258.381326928,266.5454409291011,train
2019-08-06,262.00460112,253.264165959098,train
2019-08-07,262.159364088,264.39823292594275,train
2019-08-08,267.302956848,257.1389509930521,train
2019-08-09,265.482216048,264.1646536606404,train
2019-08-12,262.27771224,252.0914096782804,train
2019-08-13,266.32886052,261.3227145745338,train
2019-08-14,258.45415656,256.1065850457256,train
2019-08-15,259.13693436,253.64227558430866,train
2019-08-16,262.96049004,255.87385061339015,train
2019-08-19,266.128579032,256.04299835333177,train
2019-08-20,264.089349336,261.12356210750164,train
2019-08-21,266.23782348,260.69458228700756,train
2019-08-22,266.155890144,263.6804159899532,train
2019-08-23,259.31900844,265.07233732665827,train
2019-08-26,262.1866752,257.70527586317706,train
2019-08-27,261.157956648,259.4540858611082,train
2019-08-28,262.996904856,263.82036154799425,train
2019-08-29,266.356171632,260.2998878098696,train
2019-08-30,266.23782348,266.54331043397843,train
2019-09-03,264.681090096,264.5434013119125,train
2019-09-04,267.685312416,252.08279796394106,train
2019-09-05,271.126512528,267.4123240757949,train
2019-09-06,271.33589772,269.8626292949577,train
2019-09-09,271.47245328,270.3018272837305,train
2019-09-10,271.408727352,267.5037718891238,train
2019-09-11,273.3387126,270.64421783951315,train
2019-09-12,274.285497816,271.3727968964264,train
2019-09-13,274.103423736,273.8634683687484,train
2019-09-16,273.256779264,273.7221957894023,train
2019-09-17,273.948660768,272.41669967068503,train
2019-09-18,274.11252744,272.8557243609204,train
2019-09-19,274.094320032,280.08902979578136,train
2019-09-20,272.798953752,269.8875507895728,train
2019-09-23,272.734933614,269.27831403451813,train
2019-09-24,270.594831858,272.0790659837411,train
2019-09-25,272.195335308,268.64148706102424,train
2019-09-26,271.6282998,269.0866906932767,train
2019-09-27,270.16498236,268.3064919299855,train
2019-09-30,271.417947918,269.6121674898652,train
2019-10-01,268.189503816,257.5074284154181,train
2019-10-02,263.452013604,266.4558753311978,train
2019-10-03,265.610406828,262.03088764811815,train
2019-10-04,269.20468029,260.36370917921533,train
2019-10-07,268.043172072,268.0860982035066,train
2019-10-08,263.881863102,266.3410386242251,train
2019-10-09,266.387794218,257.95795452942986,train
2019-10-10,268.189503816,267.7895654094504,train
2019-10-11,270.969806952,267.14000399974753,train
2019-10-14,270.66799773,268.097448212473,train
2019-10-15,273.347697792,267.1346424040865,train
2019-10-16,272.90870256,271.38410883358716,train
2019-10-17,273.713527152,270.4477630740747,train
2019-10-18,272.515435998,273.9047443129066,train
2019-10-21,274.362874266,269.47148063563503,train
2019-10-22,273.466592334,271.9610565255938,train
2019-10-23,274.262271192,271.17193093615964,train
2019-10-24,274.710412158,273.5135843753706,train
2019-10-25,275.83533744,272.4658522342461,train
2019-10-28,277.39011222,273.27945867536187,train
2019-10-29,277.307800614,275.1124366397683,train
2019-10-30,278.158353876,276.42628484511556,train
2019-10-31,277.417549422,277.4892784153921,train
2019-11-01,279.987500676,275.4378361161408,train
2019-11-04,281.112425958,277.1618824230421,train
2019-11-05,280.801471002,277.73461330985754,train
2019-11-06,280.86549114,272.60360108154964,train
2019-11-07,281.853230412,278.53106170848514,train
2019-11-08,282.548306196,277.60409899505794,train
2019-11-11,282.00870789,283.03554874312397,train
2019-11-12,282.6031806,280.6005303472317,train
2019-11-13,282.69463794,284.8443932350739,train
2019-11-14,283.10619597,288.88455759555745,train
2019-11-15,285.154840386,281.7660457477958,train
2019-11-18,285.365192268,283.62260042590043,train
2019-11-19,285.282880662,287.4950227221457,train
2019-11-20,284.221975518,282.9311123366978,train
2019-11-21,283.764688818,279.56401038758867,train
2019-11-22,284.395744464,282.8334841545536,train
2019-11-25,286.599866358,280.18261292361024,train
2019-11-26,287.249213472,285.27266680009996,train
2019-11-27,288.529616232,285.22394264455403,train
2019-11-29,287.459565354,284.4146032329781,train
2019-12-02,285.017654376,285.40045407598257,train
2019-12-03,283.10619597,287.1601641898944,train
2019-12-04,284.853031164,282.75408353052853,train
2019-12-05,285.365192268,284.3048719131843,train
2019-12-06,287.971726458,283.5982232731836,train
2019-12-09,287.066298792,283.5378999826174,train
2019-12-10,286.746198102,283.59847191516997,train
2019-12-11,287.560168428,285.84022617034685,train
2019-12-12,290.038662342,285.0079592576748,train
2019-12-13,290.212431288,290.42881254167753,train
2019-12-16,292.2062013,287.648341448686,train
2019-12-17,292.270221438,289.4986547079855,train
2019-12-18,292.288512906,288.52451506153847,train
2019-12-19,293.48660406,290.1704067720583,train
2019-12-20,294.773289027,288.77281226072654,train
2019-12-23,295.223633278,301.62401422693887,train
2019-12-24,295.232823977,292.7339547603193,train
2019-12-26,296.804433506,279.60932767237864,train
2019-12-27,296.730907914,294.38014401931946,train
2019-12-30,295.094963492,293.41485110157925,train
2019-12-31,295.811838014,294.30087365338454,train
2020-01-02,298.578238413,282.16948180490556,train
2020-01-03,296.317326459,296.3777522238376,train
2020-01-06,297.447782436,291.7527980132898,train
2020-01-07,296.611428827,296.33672184315293,train
2020-01-08,298.192229055,295.7442661735501,train
2020-01-09,300.214182835,298.24646265382046,train
2020-01-10,299.350257129,299.3400283776067,train
2020-01-13,301.408973705,297.4488083158247,train
2020-01-14,300.949438755,300.880347952759,train
2020-01-15,301.629550481,300.3428865713808,train
2020-01-16,304.138611308,289.48716701970295,train
2020-01-17,305.085253305,301.2790121556098,train
2020-01-21,304.48785787,304.2906779278544,train
2020-01-22,304.524620666,306.3672269024006,train
2020-01-23,304.873867228,301.57785690785596,train
2020-01-24,302.162611023,303.1025427048389,train
2020-01-27,297.31911265,298.6305826404826,train
2020-01-28,300.434759611,295.60954987013054,train
2020-01-29,300.186610738,295.3822198056726,train
2020-01-30,301.160824832,295.0921425529299,train
2020-01-31,295.692358927,306.76513769378397,train
2020-02-03,297.888935988,296.38323319930527,train
2020-02-04,302.429141294,302.1358670200513,train
2020-02-05,305.921606914,298.6305200327809,train
2020-02-06,306.950965202,303.50710761580285,train
2020-02-07,305.31502078,306.2130951637455,train
2020-02-10,307.594314132,302.5877238360718,train
2020-02-11,308.127374674,304.78389853014926,train
2020-02-12,310.112565658,306.56779043977895,train
2020-02-13,309.781700494,309.2410741720276,train
2020-02-14,310.27799824,302.78638660006146,train
2020-02-18,309.478407427,307.6025380308464,train
2020-02-19,310.958109966,295.1933272622676,train
2020-02-20,309.680602805,308.1778955033373,train
2020-02-21,306.491430252,306.43838260696856,train
2020-02-24,296.326517158,306.7205964532027,train
2020-02-25,287.347204235,298.358137668552,train
2020-02-26,286.29027385,282.3396836948215,train
2020-02-27,273.432485949,286.1570834667813,train
2020-02-28,272.283648574,283.0512779405555,train
2020-03-02,284.075315391,269.8563442248661,train
2020-03-03,275.941546776,274.36430292284894,train
2020-03-04,287.540208914,265.0525155859703,train
2020-03-05,277.981881954,278.81077701423806,train
2020-03-06,273.386532454,267.69966991652507,train
2020-03-09,252.036538677,278.9283881169803,train
2020-03-10,265.078140558,244.6284743383638,train
2020-03-11,252.156017764,218.73814192556716,train
2020-03-12,228.030432889,271.73246844226907,train
2020-03-13,247.523905468,198.34665025012032,train
2020-03-16,220.438915515,214.05713018791008,train
2020-03-17,232.34087072,237.95701895202802,train
2020-03-18,220.576776,248.32450489252398,train
2020-03-19,221.045501649,203.9766936842876,train
2020-03-20,211.51933088,211.68160723124186,train
2020-03-23,206.11116617,215.4758441333691,train
2020-03-24,224.78551269,229.79258917482804,train
2020-03-25,228.150592954,219.77290004850525,train
2020-03-26,241.47224312,241.4072857167053,train
2020-03-27,234.279846292,236.76430960251224,train
2020-03-30,241.88825579,234.42742050195847,train
2020-03-31,238.28281265,242.19672581063588,train
2020-04-01,227.55893049,241.66845015115254,train
2020-04-02,232.809934858,234.84776221660061,train
2020-04-03,229.444854594,234.44681440381163,train
2020-04-06,244.855812836,231.60125094515155,train
2020-04-07,245.105420438,240.08759299309435,train
2020-04-08,253.333226578,259.0816226844789,train
2020-04-09,257.18827732,249.16463479608097,train
2020-04-13,254.840116916,252.8101601476399,train
2020-04-14,262.356079154,257.6041242842133,train
2020-04-15,256.781509376,259.2633500360353,train
2020-04-16,258.02030266,252.52824674168778,train
2020-04-17,264.990826064,259.1423587260883,train
2020-04-20,260.322239434,251.60547663057554,train
2020-04-21,252.417998704,257.6738212390906,train
2020-04-22,258.02030266,249.63114259178346,train
2020-04-23,258.001813208,253.92572999109836,train
2020-04-24,261.598011622,252.94610404964564,train
2020-04-27,265.36985983,258.06110282778434,train
2020-04-28,264.149555998,262.55231213759805,train
2020-04-29,271.064611046,264.3819507249206,train
2020-04-30,268.540800848,276.04483581752424,train
2020-05-01,261.431606554,272.94586487040095,train
2020-05-04,262.152695182,261.8125189934165,train
2020-05-05,264.574813394,261.42229504783506,train
2020-05-06,262.78133655,273.810944251723,train
2020-05-07,265.952277568,258.5642541835157,train
2020-05-08,270.352767144,264.8325216179783,train
2020-05-11,270.4082355,280.4887700256775,train
2020-05-12,265.018560242,268.42076551699597,train
2020-05-13,260.33148416,265.34423332159434,train
2020-05-14,263.446956822,264.3460210917287,train
2020-05-15,264.658015928,274.94795530957026,train
2020-05-18,272.719417,264.93940412725175,train
2020-05-19,269.918265022,270.69540845699,train
2020-05-20,274.503649118,256.23103156126393,train
2020-05-21,272.608480288,271.46951008000235,train
2020-05-22,273.126184944,269.9019033050922,train
2020-05-26,276.491265208,275.46941032607197,train
2020-05-27,280.605168278,268.5567780814124,train
2020-05-28,280.087463622,279.5863551517858,train
2020-05-29,281.335501632,277.72198861710746,train
2020-06-01,282.47260293,278.0872513736473,train
2020-06-02,284.811518608,281.1406219770021,train
2020-06-03,288.601856268,277.9698734982669,train
2020-06-04,287.843788736,284.03232633498897,train
2020-06-05,295.221080084,285.5904497418007,train
2020-06-08,298.78954432,293.5249500884669,train
2020-06-09,296.561565354,296.1553857456873,train
2020-06-10,294.9067594,296.04025280457523,train
2020-06-11,277.905708286,292.90410698784785,train
2020-06-12,281.233809646,279.05618282685094,train
2020-06-15,283.85931183,285.26383566443997,train
2020-06-16,289.322944896,272.32979901629756,train
2020-06-17,288.121130516,280.6455721138272,train
2020-06-18,288.232067228,279.69552616334977,train
2020-06-19,286.58504856,289.3573386327552,train
2020-06-22,288.42356073,282.4952602463577,train
2020-06-23,289.751375075,287.1743796769074,train
2020-06-24,282.360184735,286.103070219788,train
2020-06-25,285.387230025,293.24768678302553,train
2020-06-26,278.608877075,284.40198040491214,train
2020-06-29,282.70374509,278.0766940752504,train
2020-06-30,286.32505694,279.3630610798973,train
2020-07-01,288.33070658,287.87808729912746,train
2020-07-02,289.918512545,287.12720891775183,train
2020-07-06,294.394082575,290.6735689055645,train
2020-07-07,291.35775187,289.96960329330506,train
2020-07-08,293.58625147,297.4117978379027,train
2020-07-09,291.91487677,289.3105998907587,train
2020-07-10,294.895494985,289.0114987377882,train
2020-07-13,292.34200586,293.68527216665245,train
2020-07-14,296.13045518,292.7018783307884,train
2020-07-15,298.851081775,292.1924227649835,train
2020-07-16,297.866827785,294.35886303971597,train
2020-07-17,298.73037138,296.11276388849006,train
2020-07-20,301.14457928,296.12749660231594,train
2020-07-21,301.785272915,298.542981278508,train
2020-07-22,303.50307469,302.45725751472696,train
2020-07-23,299.88176284,302.4066993405664,train
2020-07-24,297.95039652,309.69417736126053,train
2020-07-27,300.12318363,294.2623141173345,train
2020-07-28,298.219673555,295.34222984123545,train
2020-07-29,301.88741248,293.6618466006939,train
2020-07-30,300.81030434,297.4536429731685,train
2020-07-31,303.18737058,300.7645968936259,train
2020-08-03,305.295159785,302.02999275127064,train
2020-08-04,306.47440749,310.2478397568661,train
2020-08-05,308.377917565,308.3153097459698,train
2020-08-06,310.439279695,307.12337507177847,train
2020-08-07,310.662129655,308.5903501117417,train
2020-08-10,311.590671155,320.936994215179,train
2020-08-11,309.0186112,302.7194940914076,train
2020-08-12,313.32704376,307.33046104918685,train
2020-08-13,312.760633445,310.8266960946621,train
2020-08-14,312.76991886,314.2866332335455,train
2020-08-17,313.763458265,312.01207002562876,train
2020-08-18,314.44129356,308.5799463717196,train
2020-08-19,313.132050045,312.9086892466687,train
2020-08-20,314.10701862,310.6143185353786,train
2020-08-21,315.22126842,323.8991322759988,train
2020-08-24,318.41545118,314.17161245500694,train
2020-08-25,319.52970098,315.79470319546766,train
2020-08-26,322.733169155,318.6169046347629,train
2020-08-27,323.438860695,320.3310155237533,train
2020-08-28,325.52807907,322.9738547283582,train
2020-08-31,324.348831365,324.6252485525835,train
2020-09-01,327.4037329,313.2836785122799,train
2020-09-02,332.13929455,331.6460726983343,train
2020-09-03,320.708948685,333.6723878175558,train
2020-09-04,318.090461655,318.6360300358403,train
2020-09-08,309.399313215,304.6952767833089,train
2020-09-09,315.509116285,304.23309342835876,train
2020-09-10,310.030721435,315.31560785114084,train
2020-09-11,310.18857349,309.11552658719353,train
2020-09-14,314.27415609,306.1198588325483,train
2020-09-15,315.861962055,317.28267030003224,train
2020-09-16,314.60843103,314.71176891920277,train
2020-09-17,311.84137736,300.113100249847,train
2020-09-18,308.25143835,306.8209184825346,train
2020-09-21,304.82072523,310.1744665859022,train
2020-09-22,307.9251477,300.85762763725296,train
2020-09-23,300.78404376,304.40037888973944,train
2020-09-24,301.5857865,296.0719630638724,train
2020-09-25,306.46150107,296.8304383125671,train
2020-09-28,311.55163521,304.7734356260978,train
2020-09-29,309.85492383,309.90000934492235,train
2020-09-30,312.20421651,310.56472296050066,train
2020-10-01,314.20857336,317.6277953415554,train
2020-10-02,311.22534456,321.0913808349081,train
2020-10-05,316.74431784,296.18066587964086,train
2020-10-06,312.24150687,315.55766569828546,train
2020-10-07,317.67657684,320.69905140562236,train
2020-10-08,320.49199902,324.8951789940471,train
2020-10-09,323.35403415,318.30728398549996,train
2020-10-12,328.55603937,321.3263801449018,train
2020-10-13,326.41184367,325.94863923185835,train
2020-10-14,324.36087387,332.54556323357207,train
2020-10-15,323.9600025,330.59005992916366,train
2020-10-16,323.76422811,322.49923430507613,train
2020-10-19,318.84190059,323.34638196919923,train
2020-10-20,320.11909542,321.4284810664714,train
2020-10-21,319.51312707,323.0181549919214,train
2020-10-22,321.26577399,315.4724721223947,train
2020-10-23,322.35651702,321.57989795858623,train
2020-10-26,316.39938201,317.44842060502646,train
2020-10-27,315.30863898,315.3490435245886,train
2020-10-28,304.53172494,313.9949906976493,train
2020-10-29,307.62682482,307.1040171243601,train
2020-10-30,304.41985386,302.7967253866415,train
2020-11-02,307.8319218,303.6484960688971,train
2020-11-03,313.26699177,301.794434848611,train
2020-11-04,320.26825686,307.6343588099077,train
2020-11-05,326.51439216,307.96459594754987,train
2020-11-06,326.43981144,310.2104757800525,train
2020-11-09,330.54175104,324.6512967751732,train
2020-11-10,330.05697636,328.28302924048074,train
2020-11-11,332.50881753,339.65714542605485,train
2020-11-12,329.28320139,328.60336643711986,train
2020-11-13,333.8419479,332.31978961186616,train
2020-11-16,338.00914563,333.6433563119084,train
2020-11-17,336.19124058,335.9852444964097,train
2020-11-18,332.14523652,333.7064979362935,train
2020-11-19,333.54362502,339.01758427993684,train
2020-11-20,331.25959047,333.04032393679614,train
2020-11-23,333.24530214,329.11182931898463,train
2020-11-24,338.61511398,330.5487033207894,train
2020-11-25,338.09304894,345.49335838657964,train
2020-11-27,339.03463053,335.6129232112384,train
2020-11-30,337.53369354,328.15366745487063,train
2020-12-01,341.22543918,334.86118308375677,train
2020-12-02,341.94327861,338.13561672215656,train
2020-12-03,341.85005271,339.3615138777906,train
2020-12-04,344.79599115,339.83540297492993,train
2020-12-07,344.08747431,341.54161467318977,train
2020-12-08,345.09431403,343.1402632502525,train
2020-12-09,341.99921415,331.0394608390039,train
2020-12-10,341.88734307,339.4726068514392,train
2020-12-11,341.4864717,338.4755634890634,train
2020-12-14,339.95756694,342.6892706371208,train
2020-12-15,344.55360381,341.98267038823514,train
2020-12-16,345.09431403,356.43448693676953,train
2020-12-17,347.02409016,342.4912464451786,train
2020-12-18,345.638462022,345.6355098666684,train
2020-12-21,344.402634594,343.40613282012276,train
2020-12-22,343.822170196,342.9775494391817,train
2020-12-23,344.131127053,343.2410713983894,train
2020-12-24,345.4699401,341.6923755539528,train
2020-12-28,348.437798393,342.9449960120247,train
2020-12-29,347.773073034,353.98488631571354,train
2020-12-30,348.269276471,341.76101210888896,train
2020-12-31,350.038756652,344.66478202326596,train
2021-01-04,345.273331191,348.30073870974763,train
2021-01-05,347.651362757,342.62294081902735,train
2021-01-06,349.729799795,341.72271600642523,train
2021-01-07,354.92589239,348.02790009850986,train
2021-01-08,356.948155454,353.49844865524244,train
2021-01-11,354.542036901,350.9505837495771,train
2021-01-12,354.616935533,351.4071637886974,train
2021-01-13,355.571893091,352.3596407447952,train
2021-01-14,354.326703334,353.96524862394176,train
2021-01-15,351.74270053,351.1416246631646,train
2021-01-19,354.504587585,349.4839354496586,train
2021-01-20,359.410447981,355.79724408268527,train
2021-01-21,359.738129496,353.1252687565691,train
2021-01-22,358.464852752,356.23445185420894,train
2021-01-25,359.878564431,356.8987565360164,train
2021-01-26,359.316824691,344.2629014754009,train
2021-01-27,350.534960089,361.088313552273,train
2021-01-28,353.549630027,329.7802829768992,train
2021-01-29,346.471709303,349.6018587752185,train
2021-02-01,352.238903967,349.28633307734503,train
2021-02-02,357.219662995,346.11450880850026,train
2021-02-03,357.500532865,353.7842262514696,train
2021-02-04,361.563783651,356.1158239785293,train
2021-02-05,362.986857659,363.39471553921203,train
2021-02-08,365.608309779,358.33694317174906,train
2021-02-09,365.364889225,364.16257200457653,train
2021-02-10,365.205729632,362.9792425576447,train
2021-02-11,365.795556359,361.48064684226966,train
2021-02-12,367.602485856,362.2808835032258,train
2021-02-16,367.28416667,364.43101064654525,train
2021-02-17,367.368427631,364.7509300703974,train
2021-02-18,365.804918688,366.5755937220558,train
2021-02-19,365.158917987,362.8918841965311,train
2021-02-22,362.350219287,346.4644557877484,train
2021-02-23,362.79024875,360.1184561352415,train
2021-02-24,366.787963233,363.14245393419725,train
2021-02-25,357.949924657,363.91449524932216,train
2021-02-26,356.105545844,336.77103398525895,train
2021-03-01,364.737613182,350.2635664711448,train
2021-03-02,361.891465166,359.9744529811054,train
2021-03-03,357.097952718,356.14134056785736,train
2021-03-04,352.67893343,354.81898374441806,train
2021-03-05,359.167027427,346.8276394437272,train
2021-03-08,357.378822588,358.22653909458757,train
2021-03-09,362.481291893,355.158266977115,train
2021-03-10,364.737613182,362.4374829598134,train
2021-03-11,368.435733137,343.54702374910045,train
2021-03-12,368.931936574,381.5611050453652,train
2021-03-15,371.132083889,367.1917392271338,train
2021-03-16,370.663967439,374.61834184882343,train
2021-03-17,371.927881854,379.14723684607947,train
2021-03-18,366.516455692,353.6709848163581,train
2021-03-19,365.838096624,364.52895104164804,train
2021-03-22,368.759315892,374.87278085640776,train
2021-03-23,365.8568826,363.7555448947086,train
2021-03-24,363.997070976,365.38051073700507,train
2021-03-25,366.04474236,361.22622532217633,train
2021-03-26,371.943538824,369.8583187302652,train
2021-03-29,371.755679064,368.5204998472387,train
2021-03-30,370.769415324,358.81161722292455,train
2021-03-31,372.272293404,370.00928374405436,train
2021-04-01,376.292492268,366.5316218544857,train
2021-04-05,381.693460368,375.74184555452547,train
2021-04-06,381.468028656,378.6786521425206,train
2021-04-07,381.909499092,375.5131889881778,train
2021-04-08,383.722345776,378.707685134555,train
2021-04-09,386.512063212,383.02457142844855,train
2021-04-12,386.652958032,382.6764963047662,train
2021-04-13,387.798902568,383.01403190743383,train
2021-04-14,386.47449126,387.06215028152457,train
2021-04-15,390.626191956,381.4756760834282,train
2021-04-16,391.931817288,397.3432312328721,train
2021-04-19,390.006254748,391.1990944929558,train
2021-04-20,387.150786396,388.2030426217082,train
2021-04-21,390.814051716,392.30954913023226,train
2021-04-22,387.244716276,387.1684764302497,train
2021-04-23,391.443381912,381.2854918367431,train
2021-04-26,392.260571868,387.4535159800491,train
2021-04-27,392.176034976,387.09534801432056,train
2021-04-28,392.06331912,389.52292982414707,train
2021-04-29,394.561853928,391.5221018745769,train
2021-04-30,391.96938924,393.5941809171127,train
2021-05-03,392.81475816,387.76807544549456,train
2021-05-04,390.391367256,388.6758233037856,train
2021-05-05,390.5134761,390.47058335536065,train
2021-05-06,393.631948116,386.5208290618801,train
2021-05-07,396.496809456,399.57635121013465,train
2021-05-10,392.570540472,391.3345927752743,train
2021-05-11,389.066955948,389.4417576681794,train
2021-05-12,380.801126508,386.5679506797867,train
2021-05-13,385.375511664,381.49122159653155,train
2021-05-14,391.293094104,378.75477862720805,train
2021-05-17,390.297437376,401.3232451537558,train
2021-05-18,386.934747672,398.9421751616397,train
2021-05-19,385.920304968,387.42287276293695,train
2021-05-20,390.072005664,390.0412878590778,train
2021-05-21,389.752644072,383.6118023837804,train
2021-05-24,393.725877996,393.9619927111247,train
2021-05-25,392.852330112,383.2156156110512,train
2021-05-26,393.631948116,394.5546157369761,train
2021-05-27,393.838593852,392.074347804761,train
2021-05-28,394.543067952,390.7929007733206,train
2021-06-01,394.195527396,404.0461823390421,train
2021-06-02,394.815464604,380.75587301541236,train
2021-06-03,393.350158476,391.0132542102966,train
2021-06-04,396.94767288,390.9774360040732,train
2021-06-07,396.562560372,393.5644967913174,train
2021-06-08,396.647097264,392.8894151333696,train
2021-06-09,396.05533902,393.3487301738453,train
2021-06-10,397.896364668,400.9347932063915,train
2021-06-11,398.553873828,404.0720576499808,train
2021-06-14,399.446207688,399.662994753736,train
2021-06-15,398.713554624,397.4311571359949,train
2021-06-16,396.487416468,384.2742169628325,train
2021-06-17,396.355914636,394.41885129784504,train
2021-06-18,391.00878278,399.3368743359833,train
2021-06-21,396.60646949,391.5607203189729,train
2021-06-22,398.726805365,396.8287332861003,train
2021-06-23,398.2461959,381.04514387625215,train
2021-06-24,400.60212465,397.48439335286764,train
2021-06-25,402.025105615,398.5713076850521,train
2021-06-28,402.835545105,398.32729824142416,train
2021-06-29,403.05229055,398.9392661759642,train
2021-06-30,403.39154429,400.5076589235572,train
2021-07-01,405.624964745,398.94810716315845,train
2021-07-02,408.72536698,403.49651962968,train
2021-07-06,407.980893495,403.7012865494857,train
2021-07-07,409.42272189,403.8214256230852,train
2021-07-08,406.08672678,407.5671685610828,train
2021-07-09,410.42163568,399.3373196879623,train
2021-07-12,411.89173522,412.8168134819724,train
2021-07-13,410.487601685,407.64360999372525,train
2021-07-14,411.10014316,407.9321302535349,train
2021-07-15,409.696009625,415.71493757641053,train
2021-07-16,406.48252281,405.48897537962324,train
2021-07-19,400.479616355,404.9228912515942,train
2021-07-20,406.21865879,399.1400928288359,train
2021-07-21,409.507535325,402.1444465437695,train
2021-07-22,410.36509339,413.0848912443689,train
2021-07-23,414.58691771,403.6781453136617,train
2021-07-26,415.60467893,407.59424571775617,train
2021-07-27,413.710512215,412.20955452423965,train
2021-07-28,413.540885345,411.80698641730015,train
2021-07-29,415.256001475,421.3621265067587,train
2021-07-30,413.239326465,414.14704424469664,train
2021-08-02,412.372344685,426.82273079033484,train
2021-08-03,415.727187225,401.1343357178728,train
2021-08-04,413.68224107,413.6620596121193,train
2021-08-05,416.30203384,409.8388389052748,train
2021-08-06,416.989965035,415.3877685235487,train
2021-08-09,416.650711295,410.55633848438,train
2021-08-10,417.16901562,415.7234381101772,train
2021-08-11,418.20562427,413.1766435293199,train
2021-08-12,419.458978365,414.5793120933803,train
2021-08-13,420.22229928,413.8417655206508,train
2021-08-16,421.211789355,423.46350729945743,train
2021-08-17,418.45064086,417.0834697449391,train
2021-08-18,413.87071537,414.90478965084367,train
2021-08-19,414.51152799,407.77279966785164,train
2021-08-20,417.80982824,414.63218252507284,train
2021-08-23,421.48507709,415.26820645701,train
2021-08-24,422.154160855,418.1149636865728,train
2021-08-25,423.039990065,421.4788356665793,train
2021-08-26,420.54270559,415.86883071886285,train
2021-08-27,424.302767875,413.3719897919664,train
2021-08-30,426.168663445,426.28825436587607,train
2021-08-31,425.53727454,422.8200075239547,train
2021-09-01,425.7634437,423.5208282909662,train
2021-09-02,427.073340085,422.8530691135271,train
2021-09-03,426.96967922,425.67980089364556,train
2021-09-07,425.44303739,421.50837328909114,train
2021-09-08,424.924733065,427.5546952510813,train
2021-09-09,423.10595607,417.82876022642074,train
2021-09-10,419.76996096,416.9536315443475,train
2021-09-13,420.84426447,418.16013859941324,train
2021-09-14,418.573149155,421.0312370846488,train
2021-09-15,422.06934742,411.9446451561262,train
2021-09-16,421.400263655,420.2587310340914,train
2021-09-17,417.29549912,417.91010868515696,train
2021-09-20,410.337422832,416.66346068779455,train
2021-09-21,409.949812604,404.65661359984097,train
2021-09-22,413.948815688,412.1827717751035,train
2021-09-23,418.978294744,411.67237230712306,train
2021-09-24,419.668430028,434.30220487179633,train
2021-09-27,418.467783712,416.48628349631576,train
2021-09-28,410.034897776,418.83070742190444,train
2021-09-29,410.72503306,408.0504703933561,train
2021-09-30,405.705007912,403.94008559351585,train
2021-10-01,410.526500992,405.38875119191965,train
2021-10-04,405.232312512,406.1195904704043,train
2021-10-05,409.44875548,403.98298862076,train
2021-10-06,411.15045892,407.6731618554127,train
2021-10-07,414.705128328,407.88444003071544,train
2021-10-08,413.948815688,392.5070230903108,train
2021-10-11,410.951926852,407.5673762159903,train
2021-10-12,409.940358696,408.8069878905601,train
2021-10-13,411.415168344,409.6482197166684,train
2021-10-14,418.335429,408.5687769187907,train
2021-10-15,421.521395996,415.6727593555986,train
2021-10-18,422.769311852,418.429693782115,train
2021-10-19,426.030910112,407.1407053967632,train
2021-10-20,427.704251828,424.2140722584237,train
2021-10-21,428.819812972,421.3518699103585,train
2021-10-22,428.375479296,425.93913625960806,train
2021-10-25,430.67277894,426.1555299548104,train
2021-10-26,431.060389168,427.04495350609375,train
2021-10-27,429.150699752,429.71674005483175,train
2021-10-28,433.291511456,437.8576665144443,train
2021-10-29,434.1707249,427.3786374480314,train
2021-11-01,434.917583632,433.1785593952449,train
2021-11-02,436.67601052,432.2747124345965,train
2021-11-03,439.342012576,435.82970069918605,train
2021-11-04,441.412418428,436.0367057980987,train
2021-11-05,442.943951524,431.654515657062,train
2021-11-08,443.322107844,439.8441977294394,train
2021-11-09,441.856752104,439.26161140983135,train
2021-11-10,438.302082696,439.55297115603315,train
2021-11-11,438.443891316,432.0461020096218,train
2021-11-12,441.752759116,418.6439111021194,train
2021-11-15,441.904021644,440.79846683050357,train
2021-11-16,443.652994624,438.64815300423015,train
2021-11-17,442.575249112,441.4416133749835,train
2021-11-18,444.078420484,440.05217941665705,train
2021-11-19,443.284292212,441.19396825531743,train
2021-11-22,442.036376356,441.3259889345401,train
2021-11-23,442.622518652,440.0040146525883,train
2021-11-24,443.804257152,441.42182502396827,train
2021-11-26,433.906015476,453.3311189474697,train
2021-11-29,439.22856568,415.5048974925824,train
2021-11-30,430.682232848,436.15241810565936,train
2021-12-01,425.8985554,423.3179543901534,train
2021-12-02,432.42175192,425.12894068595784,train
2021-12-03,428.659096536,444.09327930248486,train
2021-12-06,433.735845132,431.7154775567769,train
2021-12-07,442.707603824,438.09378583713277,train
2021-12-08,443.879888416,442.08859339213853,train
2021-12-09,440.88299958,446.3466020382788,train
2021-12-10,445.033265192,433.0882543971893,train
2021-12-13,441.090985556,443.3996440993934,train
2021-12-14,438.056281088,443.6730929835713,train
2021-12-15,444.90091048,445.9608589493942,train
2021-12-16,440.97753866,437.56779160860015,train
2021-12-17,436.284693297,437.82946987145766,train
2021-12-20,431.645486238,433.5360468318371,train
2021-12-21,439.311088086,431.6963091577907,train
2021-12-22,443.703629739,441.3334783983536,train
2021-12-23,446.46438486,441.2468642736164,train
2021-12-27,452.782814106,446.31113382589626,train
2021-12-28,452.412815997,448.9269912721468,train
2021-12-29,452.991530988,450.07623598906247,train
2021-12-30,451.739229696,451.16738501895406,train
2021-12-31,450.600773976,459.42986104881794,train
2022-01-03,453.209735001,447.21606663523323,test
2022-01-04,453.057940905,448.647073040859,test
2022-01-05,444.358241778,460.20268330197456,test
2022-01-06,443.940808014,442.0005680278228,test
2022-01-07,442.185688779,442.1520719204979,test
2022-01-10,441.635435181,435.6335971194244,test
2022-01-11,445.657978725,439.7822703431753,test
2022-01-12,446.862844362,440.1102588487339,test
2022-01-13,440.705696343,447.57010606618746,test
2022-01-14,440.885951832,438.908087339493,test
2022-01-18,433.078043019,457.94422044001345,test
2022-01-19,428.581142925,434.84096637763986,test
2022-01-20,423.837577425,427.4859798486912,test
2022-01-21,415.517363538,418.61813586921573,test
2022-01-24,417.281969904,409.23680069500267,test
2022-01-25,412.187380557,417.0121928106283,test
2022-01-26,411.153283278,405.7794691573942,test
2022-01-27,409.123037244,412.011603754049,test
2022-01-28,419.283754545,406.9841035447652,test
2022-01-31,426.835510821,396.30591304893085,test
2022-02-01,429.719598645,429.4250700983076,test
2022-02-02,433.893936285,435.76917835899576,test
2022-02-03,423.69527046,425.86811188028145,test
2022-02-04,425.68756797,423.67156880206477,test
2022-02-07,424.321421106,435.18443733235995,test
2022-02-08,427.812685314,416.478011036863,test
2022-02-09,434.074191774,439.06539250050656,test
2022-02-10,426.275770092,434.1678637778032,test
2022-02-11,417.870172026,433.61001608420685,test
2022-02-14,416.504025162,397.12566917346606,test
2022-02-15,423.22091391,414.9626574710802,test
2022-02-16,423.69527046,421.27596225335844,test
2022-02-17,414.644547486,423.45565145581764,test
2022-02-18,411.959689413,414.5940695606053,test
2022-02-22,407.538686367,411.3116549672201,test
2022-02-23,400.309492545,406.20382880624584,test
2022-02-24,406.33382073,405.6366039946721,test
2022-02-25,415.299159525,406.2718906317117,test
2022-02-28,414.236600853,431.82493412040884,test
2022-03-01,407.927658738,428.6435388613989,test
2022-03-02,415.431979359,400.3636402549934,test
2022-03-03,413.363784801,416.0702552484051,test
2022-03-04,410.005340427,407.20660394456735,test
2022-03-07,397.918735533,410.6603017765191,test
2022-03-08,394.901827875,390.3891626531761,test
2022-03-09,405.489466071,385.90634160171174,test
2022-03-10,403.658449788,403.21512020321734,test
2022-03-11,398.525911917,395.8904950576406,test
2022-03-14,395.6133627,400.56211060132273,test
2022-03-15,404.313061827,390.31034022681166,test
2022-03-16,413.278400622,396.2647182731713,test
2022-03-17,418.448887017,388.40340554048566,test
2022-03-18,423.03212546,413.36101054211167,test
2022-03-21,422.908409595,415.1713245386974,test
2022-03-22,427.857044195,421.29880394988976,test
2022-03-23,422.3469299,424.60943236650036,test
2022-03-24,428.713538645,414.64818344067015,test
2022-03-25,430.807191745,421.05587700415475,test
2022-03-28,433.871538555,439.09415606032644,test
2022-03-29,439.238903775,415.94087607487677,test
2022-03-30,436.52667135,434.14422619880355,test
2022-03-31,429.80794822,434.8376443427263,test
2022-04-01,431.02607366,426.1724177754461,test
2022-04-04,434.7185164,426.637607530977,test
2022-04-05,429.227435315,431.77049199226235,test
2022-04-06,424.93544646,429.06488228367107,test
2022-04-07,427.076682585,437.17772662477233,test
2022-04-08,425.934689985,431.06298166407976,test
2022-04-11,418.65448716,423.14280531277194,test
2022-04-12,417.103280545,400.1855263176174,test
2022-04-13,421.880616255,411.66840184310024,test
2022-04-14,416.627450295,422.8107464669432,test
2022-04-18,416.798749185,417.528155146016,test
2022-04-19,423.52698892,415.66420700139946,test
2022-04-20,423.212940955,416.5473085285538,test
2022-04-21,416.88439863,420.5406068849485,test
2022-04-22,405.44543942,413.48571463235237,test
2022-04-25,407.796040855,398.4349968303957,test
2022-04-26,395.98593405,409.69761204963197,test
2022-04-27,397.099376835,397.86995450363924,test
2022-04-28,407.129878505,370.96784243462423,test
2022-04-29,392.084126,401.8572990747051,test
2022-05-02,394.44424404,391.34030866589046,test
2022-05-03,396.25239899,393.36129989508885,test
2022-05-04,408.31945413,395.16938828570795,test
2022-05-05,393.806631505,405.5471181328759,test
2022-05-06,391.45603007,387.07271183798366,test
2022-05-09,378.922661285,384.2753412883226,test
2022-05-10,379.798188945,373.0071533017385,test
2022-05-11,373.764661375,376.9323092884669,test
2022-05-12,373.37448057,371.2319674081104,test
2022-05-13,382.30105606,370.0570886284398,test
2022-05-16,380.749849445,373.880752830957,test
2022-05-17,388.58201536,376.71879180376703,test
2022-05-18,372.91768353,382.83346467872445,test
2022-05-19,370.63369833,371.13084197219223,test
2022-05-20,370.795480615,370.0716111399031,test
2022-05-23,377.73308566,369.7685012256711,test
2022-05-24,374.849554345,378.3929818497178,test
2022-05-25,378.161332885,372.00930763432046,test
2022-05-26,385.717517255,371.4390567248196,test
2022-05-27,395.18653923,382.5098264010485,test
2022-05-31,392.969170265,392.95688162459,test
2022-06-01,389.790624195,387.4585755939986,test
2022-06-02,397.213576095,387.0967369017748,test
2022-06-03,390.69470167,397.76718842955813,test
2022-06-06,391.884277295,386.87576430918864,test
2022-06-07,395.64333627,388.35499656795446,test
2022-06-08,391.34183081,395.41322563690204,test
2022-06-09,382.03459112,389.23497943967607,test
2022-06-10,370.9572629,369.65303594097435,test
2022-06-13,356.8726875,368.04610745732543,test
2022-06-14,355.797311135,354.29883491611866,test
2022-06-15,360.8696616,347.7562353267385,test
2022-06-16,348.926322325,364.6877953494871,test
2022-06-17,349.67837806,343.4814487602886,test
2022-06-21,358.48102897,356.5937066759455,test
2022-06-22,357.83110469,342.4041163847285,test
2022-06-23,361.33878426,349.90102471161424,test
2022-06-24,372.82715168,353.2161567099706,test
2022-06-27,371.40305289,375.79016701208474,test
2022-06-28,363.81423115,368.6254020780202,test
2022-06-29,363.51794214,360.21929817489314,test
2022-06-30,360.56460975,376.78007017905054,test
2022-07-01,364.37813604,361.21598436567285,test
2022-07-05,365.06629116,361.48022824358804,test
2022-07-06,366.29923575,361.50529126292497,test
2022-07-07,371.78536129,363.75018379872824,test
2022-07-08,371.47951457,369.4790920177145,test
2022-07-11,367.23589133,369.00822533782343,test
2022-07-12,363.98626993,362.51777644361766,test
2022-07-13,362.07472793,359.1805678023618,test
2022-07-14,361.19541861,343.89809015008814,test
2022-07-15,368.09608523,365.2295698844105,test
2022-07-18,365.05673345,376.43925730218695,test
2022-07-19,374.92029017,363.4354608642113,test
2022-07-20,377.30971767,373.8095611127395,test
2022-07-21,381.15191709,370.9293915319281,test
2022-07-22,377.61556439,378.3911154855326,test
2022-07-25,378.07433447,370.94890688713446,test
2022-07-26,373.60132619,374.8295531894992,test
2022-07-27,383.30240184,373.00302758883345,test
2022-07-28,388.10992997,361.67443189253856,test
2022-07-29,393.76809429,396.594398734709,test
2022-08-01,392.60205367,380.6693872875152,test
2022-08-02,390.01191426,388.41617407237067,test
2022-08-03,396.11929095,388.39946369980885,test
2022-08-04,395.85167507,393.26557764526774,test
2022-08-05,395.18263537,392.9271365058159,test
2022-08-08,394.72386529,392.1768533066213,test
2022-08-09,393.15640085,390.7593209660541,test
2022-08-10,401.41426229,392.4108869108005,test
2022-08-11,401.41426229,381.58218294980423,test
2022-08-12,408.2097941,401.6969298393166,test
2022-08-15,409.89195106,404.16673271298566,test
2022-08-16,410.6947987,403.4977889221792,test
2022-08-17,407.77969715,401.1123434654319,test
2022-08-18,408.96485319,405.98967383192604,test
2022-08-19,403.46916994,390.3979636210181,test
2022-08-22,395.06794285,398.8326218278653,test
2022-08-23,394.11217185,396.7126849123176,test
2022-08-24,395.37378957,388.39122443054083,test
2022-08-25,400.95549221,388.4946329595612,test
2022-08-26,387.38354401,405.3709963480925,test
2022-08-29,384.82207773,380.87125513560164,test
2022-08-30,380.59756991,370.71991398516104,test
2022-08-31,377.70158378,373.7681834877064,test
2022-09-01,378.88673982,378.9919015931359,test
2022-09-02,374.89161704,376.6042954220604,test
2022-09-06,373.47707596,368.4652349895004,test
2022-09-07,380.18658838,387.17189250066275,test
2022-09-08,382.67159298,380.18188750644435,test
2022-09-09,388.6164886,379.9204278684296,test
2022-09-12,392.79320787,391.93513220283467,test
2022-09-13,375.7135801,385.6407537490422,test
2022-09-14,377.1472366,374.51468101036284,test
2022-09-15,372.86538252,371.6868925456274,test
2022-09-16,370.021199436,369.96725645477414,test
2022-09-19,372.890696755,363.14265993768663,test
2022-09-20,368.610443229,374.5066963522391,test
2022-09-21,362.180465959,369.6080265738596,test
2022-09-22,359.138222982,357.66566275775307,test
2022-09-23,353.120915895,357.8404433696053,test
2022-09-26,349.627614811,368.57597876891487,test
2022-09-27,348.735095578,357.9179093492731,test
2022-09-28,355.596936993,330.873430024585,test
2022-09-29,348.168873699,353.82332690589,test
2022-09-30,342.784967358,351.2955909743413,test
2022-10-03,351.834920441,345.63407811941505,test
2022-10-04,362.737090857,353.14083317671776,test
2022-10-05,361.892556529,356.458262985281,test
2022-10-06,358.15933092,355.47632779553214,test
2022-10-07,348.168873699,356.6812904068693,test
2022-10-10,345.510509962,343.1086682330503,test
2022-10-11,343.322398294,348.28158214241915,test
2022-10-12,342.189954536,342.024632368511,test
2022-10-13,351.220713657,335.68942184857156,test
2022-10-14,343.216831503,350.44858725406306,test
2022-10-17,352.036457042,338.6645980682199,test
2022-10-18,356.172755853,348.0595321149388,test
2022-10-19,353.64874985,368.88753676599754,test
2022-10-20,350.683282721,349.82535300126665,test
2022-10-21,359.205401849,339.8535492439165,test
2022-10-24,363.600819147,364.9692805420556,test
2022-10-25,369.406992652,366.5881826489421,test
2022-10-26,366.623868162,367.5615156294636,test
2022-10-27,364.666084038,368.3451144662775,test
2022-10-28,373.341754862,361.05276824598775,test
2022-10-31,370.645003201,363.4795662448374,test
2022-11-01,369.023113412,367.794499415745,test
2022-11-02,359.762026747,365.9900484242947,test
2022-11-03,356.057592081,338.9062317326825,test
2022-11-04,361.182379935,338.3260230896378,test
2022-11-07,364.637293095,348.9162506924908,test
2022-11-08,366.6046742,363.9713050418721,test
2022-11-09,359.051850153,361.71823431232076,test
2022-11-10,378.783243089,368.45931003547315,test
2022-11-11,382.449289831,375.8625709943746,test
2022-11-14,379.195913272,378.6126006967265,test
2022-11-15,382.430095869,377.9093111698444,test
2022-11-16,379.512613645,376.079368094998,test
2022-11-17,378.351378944,375.22896408218173,test
2022-11-18,380.069238543,376.1167501286572,test
2022-11-21,378.687273279,376.835264309734,test
2022-11-22,383.78327019,387.29113462344213,test
2022-11-23,386.201709402,383.67822093555975,test
2022-11-25,386.115336573,385.58327517315195,test
2022-11-28,379.954074771,384.2128411026411,test
2022-11-29,379.301480063,377.49492480196335,test
2022-11-30,391.249721408,385.0187932065676,test
2022-12-01,390.961811978,391.0638486895809,test
2022-12-02,390.510753871,388.96340255013763,test
2022-12-05,383.485763779,389.3413718339102,test
2022-12-06,377.957902723,380.05758084105025,test
2022-12-07,377.314904996,390.340662197742,test
2022-12-08,380.270775144,377.1342709188472,test
2022-12-09,377.430068768,379.77624038236,test
2022-12-12,382.871556995,373.44323651284856,test
2022-12-13,385.769845257,379.09045819181773,test
2022-12-14,383.30342114,382.90817077157186,test
2022-12-15,373.927170703,381.4556717793327,test
2022-12-16,369.512944947,369.7423286710215,test
2022-12-19,366.379600122,363.2980620278352,test
2022-12-20,366.880935294,364.0394295792503,test
2022-12-21,372.366699003,361.3417267520723,test
2022-12-22,367.054474392,356.6569628293678,test
2022-12-23,369.165866751,370.98257241935363,test
2022-12-27,367.71006654,366.7451863117365,test
2022-12-28,363.140203626,364.7309768794921,test
2022-12-29,369.676842984,375.62187486545895,test
2022-12-30,368.703095823,377.1715560936074,test
2023-01-03,367.150885002,362.25704894880505,test
2023-01-04,369.985356936,364.9542716278245,test
2023-01-05,365.762572218,364.3549441823872,test
2023-01-06,374.150295288,360.5356728521396,test
2023-01-09,373.938191946,372.8956539113273,test
2023-01-10,376.560560538,372.3996212646133,test
2023-01-11,381.323244672,369.7859778365411,test
2023-01-12,382.711557456,375.11435405159534,test
2023-01-13,384.19628085,380.0829387811273,test
2023-01-17,383.492483397,392.23780165359955,test
2023-01-18,377.437897089,382.9632875237941,test
2023-01-19,374.690194704,375.2872086763035,test
2023-01-20,381.670322868,357.8821772420736,test
2023-01-23,386.249826843,375.8847977113388,test
2023-01-24,385.83526122,382.9029159159549,test
2023-01-25,385.979877135,382.8807295681989,test
2023-01-26,390.221943975,384.3130301461314,test
2023-01-27,391.118562648,387.3669585768692,test
2023-01-30,386.211262599,385.4868509040972,test
2023-01-31,391.889847528,385.9852461642135,test
2023-02-01,396.05478588,391.6308203588252,test
2023-02-02,401.820140358,393.344162122079,test
2023-02-03,397.549150335,399.6408235692484,test
2023-02-06,395.119602963,395.46625429672054,test
2023-02-07,400.287211659,393.9420869247627,test
2023-02-08,395.910169965,396.90396979742167,test
2023-02-09,392.477952249,393.67012627625536,test
2023-02-10,393.393853044,391.3271398066488,test
2023-02-13,398.011921263,401.8984632555491,test
2023-02-14,397.828741104,396.5157312317141,test
2023-02-15,399.120643278,396.13703119607374,test
2023-02-16,393.625238508,397.7324798801688,test
2023-02-17,392.641850286,390.14604591267243,test
2023-02-21,384.765103449,382.31974039054734,test
2023-02-22,384.234845094,365.13248196365583,test
2023-02-23,386.278750026,380.4266360794876,test
2023-02-24,382.152375918,384.82124266221444,test
2023-02-27,383.453919153,384.02910422381774,test
2023-02-28,382.036683186,384.6570508203964,test
2023-03-01,380.571241914,378.7079255922423,test
2023-03-02,383.531047641,375.76283578184797,test
2023-03-03,389.682044559,381.50679673360867,test
2023-03-06,389.951994267,387.2767583916914,test
2023-03-07,383.974536447,387.5163237555396,test
2023-03-08,384.601205412,383.3565917161507,test
2023-03-09,377.505384516,385.0987596431117,test
2023-03-10,372.058185051,375.90129135646384,test
2023-03-13,371.527926696,371.3303281422325,test
2023-03-14,377.669282553,365.35867659288704,test
2023-03-15,375.307222608,377.4206261221351,test
2023-03-16,381.892067271,365.0276355848219,test
2023-03-17,377.426901139,377.4421563744668,test
2023-03-20,381.056099014,370.8135058050748,test
2023-03-21,386.059553151,365.48529429094094,test
2023-03-22,379.478607671,385.50154905270244,test
2023-03-23,380.504460937,377.52664682526006,test
2023-03-24,383.001349075,381.2553800814774,test
2023-03-27,383.717510789,373.07994816886605,test
2023-03-28,382.85618116,377.8089573120512,test
2023-03-29,388.420951235,366.0099165114747,test
2023-03-30,390.69524857,387.094439784301,test
2023-03-31,396.201951479,388.92395841871377,test
2023-04-03,397.711697795,392.41959348420494,test
2023-04-04,395.505145487,395.7792271130441,test
2023-04-05,394.46961436,392.144993120709,test
2023-04-06,396.008394259,394.1420596136443,test
2023-04-10,396.414864421,394.46660807348115,test
2023-04-11,396.521320892,396.01869557635877,test
2023-04-12,394.905118105,394.9081780796875,test
2023-04-13,400.150518767,392.413618417132,test
2023-04-14,399.173054806,398.8240025241395,test
2023-04-17,400.605378234,393.14447005633303,test
2023-04-18,400.866680481,397.6990110858413,test
2023-04-19,400.798935454,395.455730830102,test
2023-04-20,398.611738868,397.6821305167985,test
2023-04-21,398.92143042,408.86780651320674,test
2023-04-24,399.337578443,395.1685013914611,test
2023-04-25,392.998579488,397.31702410671653,test
2023-04-26,391.333987396,395.2260240732544,test
2023-04-27,399.124665501,384.71689853813547,test
2023-04-28,402.531272573,405.05402342691474,test
2023-05-01,402.124802411,396.04058579287874,test
2023-05-02,397.605241324,395.91841718247196,test
2023-05-03,394.876084522,393.7448430830304,test
2023-05-04,392.079182693,391.56920668941956,test
2023-05-05,399.337578443,393.10115680338674,test
2023-05-08,399.444034914,396.1915505506991,test
2023-05-09,397.692342073,397.13667296742443,test
2023-05-10,399.550491385,392.0274500435715,test
2023-05-11,398.853685393,391.2563298408185,test
2023-05-12,398.331080899,401.75278801268774,test
2023-05-15,399.705337161,395.1991187505425,test
2023-05-16,397.034247525,393.98243509230383,test
2023-05-17,401.853822303,393.2074017114952,test
2023-05-18,405.724966703,399.8688211499406,test
2023-05-19,405.134617182,402.78378506220554,test
2023-05-22,405.299140819,402.7432253526722,test
2023-05-23,400.750546149,417.9102285926389,test
2023-05-24,397.847187849,400.3542152816497,test
2023-05-25,401.292506365,395.2252414419007,test
2023-05-26,406.489517722,403.53248985628994,test
2023-05-30,406.644363498,408.3557987627592,test
2023-05-31,404.389421885,399.8255535840463,test
2023-06-01,408.231532702,397.81509490081453,test
2023-06-02,414.135027912,404.2823802861701,test
2023-06-05,413.34144331,407.5613952038196,test
2023-06-06,414.241484383,411.7911108532019,test
2023-06-07,412.809160955,411.9780157745657,test
2023-06-08,415.306049093,411.7286678525747,test
2023-06-09,416.05124439,412.463054000116,test
2023-06-12,419.82561018,397.04614913723634,test
2023-06-13,422.593478426,432.16541748914915,test
2023-06-14,423.096727198,416.9207947891302,test
2023-06-15,428.34212786,419.99376539783424,test
2023-06-16,426.883445828,428.6945742344746,test
2023-06-20,424.668695324,422.66741850598413,test
2023-06-21,422.492800092,420.8492950160564,test
2023-06-22,424.017869518,421.78449837099413,test
2023-06-23,420.812309578,419.2058548524808,test
2023-06-26,419.092963792,417.66108958134413,test
2023-06-27,423.687599706,418.07214325839453,test
2023-06-28,423.901303702,422.85806097650993,test
2023-06-29,425.572080398,420.66929732968543,test
2023-06-30,430.594124304,426.6244752645059,test
2023-07-03,431.186667202,442.2100944832298,test
2023-07-05,430.448417034,428.94353548773216,test
2023-07-06,427.077722188,426.80347389891034,test
2023-07-07,425.99948839,425.1626528018952,test
2023-07-10,427.077722188,435.166359825482,test
2023-07-11,429.797591228,422.30219911533766,test
2023-07-12,433.255710436,430.08317471575515,test
2023-07-13,436.694402008,428.8465856833968,test
2023-07-14,436.422415104,438.588037192919,test
2023-07-17,437.937770712,437.3864761252254,test
2023-07-18,441.191899742,434.7804707591601,test
2023-07-19,442.17299536,437.07789857158303,test
2023-07-20,439.239422324,439.697591058155,test
2023-07-21,439.239422324,432.0902418676833,test
2023-07-24,441.20161356,435.03343295316193,test
2023-07-25,442.406126992,433.7149301141363,test
2023-07-26,442.474123718,439.094149821191,test
2023-07-27,439.540550682,435.3174889268207,test
2023-07-28,443.843772056,435.42565640509457,test
2023-07-31,444.688874222,440.85558229724757,test
2023-08-01,443.416364064,442.43214643016995,test
2023-08-02,437.248089634,437.6412434629943,test
2023-08-03,435.995007112,432.8102307343912,test
2023-08-04,434.023102058,434.55537251666345,test
2023-08-07,437.811491078,426.17217293938097,test
2023-08-08,435.90758275,440.18948706048707,test
2023-08-09,432.99343735,432.46481879042415,test
2023-08-10,433.148858438,438.50022924465094,test
2023-08-11,432.89629917,428.66370357908585,test
2023-08-14,435.285898398,432.46866561830853,test
2023-08-15,430.215285402,429.84025563482686,test
2023-08-16,427.058294552,424.55350834721725,test
2023-08-17,423.804165522,422.0410822727813,test
2023-08-18,424.0081557,420.5952875273336,test
2023-08-21,426.766880012,416.7931270439107,test
2023-08-22,425.61093567,425.3237046034502,test
2023-08-23,430.351278854,422.9161401883824,test
2023-08-24,424.386994602,440.1163731654213,test
2023-08-25,427.378850546,419.71413637313003,test
2023-08-28,430.089005768,427.2160141299499,test
2023-08-29,436.305849288,426.83975263891523,test
2023-08-30,438.102905618,431.76701260724604,test
2023-08-31,437.46179363,435.9909286539346,test
2023-09-01,438.277754342,431.8008116916681,test
2023-09-05,436.383559832,422.1752589603444,test
2023-09-06,433.449986796,433.8270049300535,test
2023-09-07,432.11919373,429.37783169583656,test
2023-09-08,432.770019536,425.39953385226784,test
2023-09-11,435.61616821,429.1091739025953,test
2023-09-12,433.226568982,433.46374412076455,test
2023-09-13,433.731687518,437.22028396042,test
2023-09-14,437.471507448,427.05637223226955,test
2023-09-15,432.200888982,433.2524272795329,test
2023-09-18,432.454339218,431.8049901928397,test
2023-09-19,431.557515306,438.0341555983581,test
2023-09-20,427.590044304,419.4561439443434,test
2023-09-21,420.522681954,426.19562825460895,test
2023-09-22,419.577117612,412.9831632174653,test
2023-09-25,421.341521178,420.5254401922562,test
2023-09-26,415.151486568,417.01811870641353,test
2023-09-27,415.31720403,413.1951346278802,test
2023-09-28,417.724981272,410.3789059708017,test
2023-09-29,416.711180328,410.6218315673892,test
2023-10-02,416.545462866,424.09646491617184,test
2023-10-03,410.969557674,414.89475473124116,test
2023-10-04,413.962220076,425.75528956323484,test
2023-10-05,413.8062507,413.0870341712496,test
2023-10-06,418.719286044,413.9989656022852,test
2023-10-09,421.400009694,415.8562596493864,test
2023-10-10,423.593329044,420.7197998257288,test
2023-10-11,425.328488352,406.31518080310656,test
2023-10-12,422.735497476,422.26000929854456,test
2023-10-13,420.6299109,435.379987132038,test
2023-10-16,425.055541944,417.864508732218,test
2023-10-17,425.036045772,421.97920563802836,test
2023-10-18,419.372407806,417.5633355841021,test
2023-10-19,415.687631298,412.3331268192152,test
2023-10-20,410.579634234,410.16837711837394,test
2023-10-23,409.868023956,405.28367698399757,test
2023-10-24,412.958167218,409.34104003682677,test
2023-10-25,407.03133093,413.2422245949537,test
2023-10-26,402.15728793,408.49228822521485,test
2023-10-27,400.334395848,395.7426546179781,test
2023-10-30,405.120706074,402.26895558574006,test
2023-10-31,407.66495652,412.7243399120965,test
2023-11-01,412.012602876,400.4168715132482,test
2023-11-02,419.908552536,410.6623132884953,test
2023-11-03,423.739550334,416.7276171997305,test
2023-11-06,424.714358934,421.0989849871196,test
2023-11-07,425.923121598,421.1121251421931,test
2023-11-08,426.23506035,421.8862038404139,test
2023-11-09,422.910963024,422.6513496511431,test
2023-11-10,429.510417246,416.9235186709089,test
2023-11-13,429.100997634,427.6619697347589,test
2023-11-14,437.425863078,424.7713052252986,test
2023-11-15,438.351931248,437.00045400006604,test
2023-11-16,438.888075978,445.4277382998583,test
2023-11-17,439.433968794,435.45350809060807,test
2023-11-20,442.816554636,438.49350974708386,test
2023-11-21,441.851494122,454.9453972891812,test
2023-11-22,443.557409172,453.7289389078107,test
2023-11-24,443.83035558,431.04969872746545,test
2023-11-27,443.031012528,437.5380931497964,test
2023-11-28,443.469676398,438.4468444791232,test
2023-11-29,443.157737646,436.28545104586544,test
2023-11-30,444.90264504,441.94517837161465,test
2023-12-01,447.53462826,438.0085992875456,test
2023-12-04,445.185339534,444.2038804914227,test
2023-12-05,445.09760676,451.2018736684681,test
2023-12-06,443.303958936,455.10198845961327,test
2023-12-07,446.686544778,440.1017910571158,test
2023-12-08,448.60691772,442.28422804950276,test
2023-12-11,450.351825114,443.95067885328353,test
2023-12-12,452.40867126,447.4454321710882,test
2023-12-13,458.6474463,449.2378784709503,test
2023-12-14,460.119407286,451.00116254996,test
2023-12-15,459.36190013,469.72526582368954,test
2023-12-18,461.94582917,454.95275889552755,test
2023-12-19,464.75487324,446.8543764324555,test
2023-12-20,458.31462586,457.55621846240336,test
2023-12-21,462.6603247,456.9991542701539,test
2023-12-22,463.59014765,460.35765614797117,test
2023-12-26,465.54766965,459.99566663641406,test
2023-12-27,466.38940411,457.47195381944096,test
2023-12-28,466.56558109,448.1940896052988,test
2023-12-29,465.21489091,461.9606493299583,test
2024-01-02,462.61138665,461.0284421971434,test
2024-01-03,458.83336919,455.4140298037711,test
2024-01-04,457.35544008,437.25737990114845,test
2024-01-05,457.98184712,458.50944997086157,test
2024-01-08,464.5199706,450.94595969491286,test
2024-01-09,463.81526268,479.14855347381047,test
2024-01-10,466.43834216,461.53858579068,test
2024-01-11,466.23280235,459.1755368596617,test
2024-01-12,466.55579348,480.89632079502235,test
2024-01-16,464.84296173,461.0637377083061,test
2024-01-17,462.25903269,440.7372164234672,test
2024-01-18,466.36982889,464.15566944087936,test
2024-01-19,472.18366923,459.35078991124476,test
2024-01-22,473.18200545,467.6175210228197,test
2024-01-23,474.56205846,476.98934933282914,test
2024-01-24,475.08080179,467.67255321778947,test
2024-01-25,477.66473083,471.0978429712623,test
2024-01-26,477.05789901,469.8956271130195,test
2024-01-29,480.83591647,477.51696564916693,test
2024-01-30,480.46398729,478.0166054759109,test
2024-01-31,472.62411168,475.83507250824636,test
2024-02-01,478.8098812,469.2234947604875,test
2024-02-02,483.85050035,479.5938031582914,test
2024-02-05,482.08873055,478.8216894593273,test
2024-02-06,483.48835878,477.8831188158461,test
2024-02-07,487.5208541,478.7377809436598,test
2024-02-08,487.73618152,485.885957066546,test
2024-02-09,490.5550132,481.56050284903137,test
2024-02-12,490.33968578,485.52063921993505,test
2024-02-13,483.58623488,473.5332799175392,test
2024-02-14,487.98087177,479.39165255023124,test
2024-02-15,491.34780961,481.2956166367361,test
2024-02-16,488.90090711,489.4413614615173,test
2024-02-20,486.20931436,486.4764257247027,test
2024-02-21,486.64975681,471.3485902655357,test
2024-02-22,496.7212075,488.2112396359331,test
2024-02-23,497.06377385,480.3412065138011,test
2024-02-26,495.24327839,493.6813573846443,test
2024-02-27,496.16331373,491.5015904150495,test
2024-02-28,495.50754386,494.886211018877,test
2024-02-29,497.28888888,496.34183043840255,test
2024-03-01,501.95757885,499.14251710730326,test
2024-03-04,501.4192603,498.2205087921765,test
2024-03-05,496.40800398,492.8535912532031,test
2024-03-06,498.92341975,492.02141485836165,test
2024-03-07,503.87595041,497.0828436609774,test
2024-03-08,500.85157892,481.2755777966965,test
2024-03-11,500.42092408,497.7773414535779,test
2024-03-12,505.80410958,496.52895014479117,test
2024-03-13,505.01131317,517.2921517751182,test
2024-03-14,504.01297695,478.47577563580035,test
2024-03-15,500.552062677,495.9133265568895,test
2024-03-18,503.526922434,496.9585155833196,test
2024-03-19,506.325057849,491.82711016351,test
2024-03-20,511.008252912,502.56772726575207,test
2024-03-21,512.69695218,506.15805284733466,test
2024-03-22,511.724968299,509.98250495156174,test
2024-03-25,510.311173563,508.7080623756,test
2024-03-26,509.368643739,505.58442733200303,test
2024-03-27,513.649300023,500.750236718949,test
2024-03-28,513.551119833,505.2153058305813,test
2024-04-01,512.657680104,508.22950010367526,test
2024-04-02,509.398097796,526.7108902506703,test
2024-04-03,509.957724879,506.58423787091164,test
2024-04-04,503.733100833,513.9463650375484,test
2024-04-05,508.995559017,503.0535292943658,test
2024-04-08,509.280281568,487.212440849699,test
2024-04-09,509.869362708,505.73100673700526,test
2024-04-10,504.763992828,503.42951163672524,test
2024-04-11,508.5733842,497.9458623865239,test
2024-04-12,501.553500615,503.82205954799167,test
2024-04-15,495.269968455,497.8392937650939,test
2024-04-16,494.366710707,494.27330225622336,test
2024-04-17,491.440941045,493.3570346779992,test
2024-04-18,490.429685088,487.300151987334,test
2024-04-19,486.149028804,492.5118777921793,test
2024-04-22,490.626045468,477.61004870904776,test
2024-04-23,496.448130735,503.9231079670327,test
2024-04-24,496.212498279,495.7889503286587,test
2024-04-25,494.327438631,488.2309398580404,test
2024-04-26,499.010633694,509.87678665147047,test
2024-04-29,500.777877114,498.4644790630078,test
2024-04-30,492.844917762,492.7007506988798,test
2024-05-01,491.244580665,488.682601522119,test
2024-05-02,495.839413557,487.6220433594769,test
2024-05-03,501.985493451,494.80924050492774,test
2024-05-06,507.169407483,499.47484543344194,test
2024-05-07,507.729034566,504.38331142068876,test
2024-05-08,507.778124661,496.45053200802425,test
2024-05-09,510.703894323,503.9922053855897,test
2024-05-10,511.361701596,508.34179699859635,test
2024-05-13,511.430427729,492.59760865706625,test
2024-05-14,513.77693427,507.5083525152495,test
2024-05-15,520.139010582,510.75780632473186,test
2024-05-16,519.068846511,526.9995951500707,test
2024-05-17,519.815015955,513.5373334936598,test
2024-05-20,520.413915114,516.5298315181025,test
2024-05-21,521.690257584,520.0839454424708,test
2024-05-22,520.188100677,517.6410639415391,test
2024-05-23,516.388527324,515.9529719501988,test
2024-05-24,519.805197936,512.1653650809744,test
2024-05-28,520.168464639,514.7167310939784,test
2024-05-29,516.52597959,521.2266202693261,test
2024-05-30,513.099490959,512.2109346636778,test
2024-05-31,517.772868003,508.28084138396696,test
2024-06-03,518.19504282,503.3892514496736,test
2024-06-04,518.774305941,511.25839242939645,test
2024-06-05,524.940021873,517.9953750855032,test
2024-06-06,524.930203854,517.3494363702737,test
2024-06-07,524.292032619,523.659353530257,test
2024-06-10,525.912005754,519.5082393681918,test
2024-06-11,527.178530205,535.3786628913899,test
2024-06-12,531.508276584,525.7357558950978,test
2024-06-13,532.578440655,527.7610321829649,test
2024-06-14,532.902435282,524.4105785521513,test
2024-06-17,537.14381949,529.1252426209101,test
2024-06-18,538.508524131,532.3437619264097,test
2024-06-20,537.0456393,530.5239191593407,test
2024-06-21,536.325687994,532.5896206959665,test
2024-06-24,534.582292156,544.4072984120672,test
2024-06-25,536.640878202,528.8982054225121,test
2024-06-26,537.310657394,531.0464339456383,test
2024-06-27,538.157731078,533.6494172889858,test
2024-06-28,536.040046868,536.2647181685855,test
2024-07-01,537.143212596,533.643523344794,test
2024-07-02,540.758050294,520.406202839575,test
2024-07-03,543.171225324,542.2490666505338,test
2024-07-05,546.303428016,522.2529664298468,test
2024-07-08,546.933808432,539.459610310882,test
2024-07-09,547.465691908,543.1326537854106,test
2024-07-10,552.883023608,542.1565451962016,test
2024-07-11,548.115771712,549.5945589539269,test
2024-07-12,551.573014306,543.0608973297577,test
2024-07-15,553.089867182,548.5696252897161,test
2024-07-16,556.369815284,537.7263590804665,test
2024-07-17,548.568857636,548.5861858064653,test
2024-07-18,544.353188604,544.185963830418,test
2024-07-19,540.738350906,540.4476977106084,test
2024-07-22,546.31327771,535.2263468570943,test
2024-07-23,545.456354332,540.8103218585888,test
2024-07-24,533.094988362,527.1974140749376,test
2024-07-25,530.317374654,540.6276191700491,test
2024-07-26,536.256740136,525.1333324353349,test
2024-07-29,536.571930344,531.270215282074,test
2024-07-30,533.8534148,543.0865015357705,test
2024-07-31,542.530995214,528.5928329348486,test
2024-08-01,534.848233894,538.9130074289646,test
2024-08-02,524.89019326,532.4774758923675,test
2024-08-05,509.603468172,515.0118300090379,test
2024-08-06,514.30177221,528.5891184890816,test
2024-08-07,510.864229004,512.7973565915642,test
2024-08-08,522.67401211,508.16087623126447,test
2024-08-09,524.978840506,522.5548592889752,test
2024-08-12,525.254631938,533.5359394239415,test
2024-08-13,533.892813576,517.8281198187947,test
2024-08-14,535.57711125,532.6319566043679,test
2024-08-15,544.757026058,533.047694909104,test
2024-08-16,545.978388114,541.8400461067505,test
2024-08-19,551.198725934,519.0996595634597,test
2024-08-20,550.30240378,559.5574308695024,test
2024-08-21,552.193545028,547.1567460512474,test
2024-08-22,547.859679668,542.4448263455828,test
2024-08-23,553.680848822,541.8937588374519,test
2024-08-26,552.360989826,547.7486134936854,test
2024-08-27,553.119416264,547.5154282859882,test
2024-08-28,549.90841602,551.7537778717746,test
2024-08-29,549.95766449,541.0213045759352,test
2024-08-30,555.207551392,559.007900280251,test
2024-09-03,543.781906352,551.6620648712977,test
2024-09-04,542.66889093,538.3471706022078,test
2024-09-05,541.349031934,536.0965092092108,test
2024-09-06,532.238064984,536.7197380957191,test
2024-09-09,538.197129854,522.2794467982802,test
2024-09-10,540.541357026,534.4208558994922,test
2024-09-11,546.086734748,534.9383869866967,test
2024-09-12,550.686541846,542.9684994407835,test
2024-09-13,553.562652494,543.9327413013394,test
2024-09-16,554.380177096,555.5989965103822,test
2024-09-17,554.606720058,552.8844870245952,test
2024-09-18,552.96182116,546.435050243718,test
2024-09-19,562.397828012,543.0223872258862,test
2024-09-20,561.425147025,556.4567469689626,test
2024-09-23,562.828092399,562.1038298153765,test
2024-09-24,564.43851561,565.0642872051687,test
2024-09-25,563.193648588,559.638408631448,test
2024-09-26,565.42650531,556.9401141536118,test
2024-09-27,564.606473859,560.5564401379183,test
2024-09-30,566.868970272,554.9101595241032,test
2024-10-01,561.790703214,555.2613317652456,test
2024-10-02,562.027820742,555.8071830312663,test
2024-10-03,561.000311454,557.4464341926622,test
2024-10-04,566.098338306,554.9899131417725,test
2024-10-07,560.98055166,560.0076841085097,test
2024-10-08,566.286056349,558.3682732104983,test
2024-10-09,570.208375458,566.9876157329385,test
2024-10-10,569.210505861,561.1222835488285,test
2024-10-11,572.619070326,562.8431995327945,test
2024-10-14,577.302141504,583.4765376888852,test
2024-10-15,572.816668266,579.6084507602676,test
2024-10-16,575.30640231,570.4485331218799,test
2024-10-17,575.355801795,569.5214143781293,test
2024-10-18,577.568898723,569.6294932329176,test
2024-10-21,576.620428611,577.5818603592137,test
2024-10-22,576.314151804,592.5008997881507,test
2024-10-23,571.048166703,571.1288696462412,test
2024-10-24,572.283153828,571.2509628257004,test
2024-10-25,572.085555888,570.0867333361629,test
2024-10-28,573.854057451,568.4471018365308,test
2024-10-29,574.782767769,563.6438223093608,test
2024-10-30,573.043905897,570.7004054981595,test
2024-10-31,561.810463008,568.557846181617,test
2024-11-01,564.181638288,553.9239465572108,test
2024-11-04,562.966410957,555.0307681901579,test
2024-11-05,569.77365999,560.5726844871124,test
2024-11-06,583.941432288,581.6900195989614,test
2024-11-07,588.456545217,573.7658975862206,test
2024-11-08,591.005558643,583.483012571561,test
2024-11-11,591.568712772,587.4720198515373,test
2024-11-12,589.73105193,590.0684004129263,test
2024-11-13,590.017568943,585.0171459903864,test
2024-11-14,586.223688495,585.0606466371283,test
2024-11-15,578.714966775,565.8768061899777,test
2024-11-18,581.086142055,577.4878932436181,test
2024-11-19,583.21031991,575.3388390612533,test
2024-11-20,583.40791785,577.7291063179129,test
2024-11-21,586.539845199,576.019764943076,test
2024-11-22,588.357746247,579.4308875271765,test
2024-11-25,590.353485441,574.0032484560452,test
2024-11-26,593.436013305,585.4440103730592,test
2024-11-27,591.637872051,587.8482855242391,test
2024-11-29,595.313193735,588.4060806687984,test
2024-12-02,596.380222611,591.4916441560299,test
2024-12-03,596.656859727,591.1862698540592,test
2024-12-04,600.361821102,586.738074860351,test
2024-12-05,599.373831402,598.0168078652979,test
2024-12-06,600.510019557,596.0954992174564,test
2024-12-09,597.417611796,617.5378566222616,test
2024-12-10,595.56019116,586.9465120418837,test
2024-12-11,600.164223162,592.7503938454396,test
2024-12-12,597.071815401,593.610014981161,test
2024-12-13,596.953256637,609.7864384372656,test
2024-12-16,599.502270063,613.9888648422036,test
2024-12-17,597.032295813,598.9835152271769,test
2024-12-18,579.238601316,592.2517026149602,test
2024-12-19,579.06076317,574.2170426467184,test
2024-12-20,586.01538933,577.837092989425,test
2024-12-23,589.524641598,569.3283424592322,test
2024-12-24,596.07722846,583.3639223314009,test
2024-12-26,596.116881028,594.9700515050242,test
2024-12-27,589.841862142,588.2398186283751,test
2024-12-30,583.110838724,586.5727918829062,test
2024-12-31,580.989426336,563.9642567138538,test
2025-01-02,579.561933888,570.889156065094,test
2025-01-03,586.80844069,579.1982054944441,test
2025-01-06,590.188822112,585.3314402199558,test
2025-01-07,583.517277546,586.5722677791225,test
2025-01-08,584.369807758,583.2801495912147,test
2025-01-10,575.447979958,580.3666602299643,test
2025-01-13,576.340162738,542.9449675960487,test
2025-01-14,577.133214098,564.7299355140638,test
2025-01-15,587.631231476,553.2308118508914,test
2025-01-16,586.501133288,582.1830779085288,test
2025-01-17,592.389539636,584.6621752807855,test
2025-01-21,597.81202831,586.2752497927107,test
2025-01-22,601.172583448,588.760486988541,test
2025-01-23,604.45383345,569.4158149098436,test
2025-01-24,602.689294174,608.0358574433649,test
2025-01-27,594.163992054,596.0063794522025,test
2025-01-28,599.269260184,587.0231954687971,test
2025-01-29,596.582798702,583.2090879505906,test
2025-01-30,599.784743568,591.0902888894398,test
2025-01-31,596.592711844,590.4637371371774,test
2025-02-03,592.577889334,589.7091335476506,test
2025-02-04,596.553059276,588.8156852843848,test
2025-02-05,598.971865924,603.2527185128895,test
2025-02-06,601.053625744,592.9086443793836,test
2025-02-07,595.551831934,578.9568081339199,test
2025-02-10,599.59639387,594.5618307623746,test
2025-02-11,600.052398402,601.82422994829,test
2025-02-12,598.119335712,598.3533973394947,test
2025-02-13,604.434007166,594.6395026069064,test
2025-02-14,604.40426774,597.7762997314672,test
2025-02-18,606.178720158,604.6476930728451,test
2025-02-19,607.606212606,581.917960234396,test
2025-02-20,605.078361396,602.0239755614717,test
2025-02-21,594.729041148,598.64777540735,test
2025-02-24,592.022753382,589.5024613584139,test
2025-02-25,589.078550208,580.6554301146675,test
2025-02-26,589.375944468,578.9742832482633,test
2025-02-27,579.96837271,589.6826577841776,test
2025-02-28,589.019071356,560.9923688933146,test
2025-03-03,578.699490534,584.107803287458,test
2025-03-04,571.849509412,575.6517417123018,test
2025-03-05,577.995657452,583.1431232058472,test
2025-03-06,567.735555482,587.5056186417728,test
2025-03-07,570.917674064,564.1799586621232,test
2025-03-10,555.710914236,567.1209901938303,test
2025-03-11,551.091390064,551.8814084582384,test
2025-03-12,554.015766954,548.2473114907855,test
2025-03-13,546.630476164,550.6405039608322,test
2025-03-14,557.921544902,557.0178241526511,test
2025-03-17,562.22384853,552.2321399773065,test
2025-03-18,556.147092484,554.4564339919079,test
2025-03-19,562.204022246,545.2513727237455,test
2025-03-20,560.578266958,546.688249869015,test
2025-03-21,560.762719692,562.9315108525332,test
2025-03-24,570.805103232,555.886640380584,test
2025-03-25,572.177230884,566.9544888310486,test
2025-03-26,565.346421486,565.709636153713,test
2025-03-27,563.845035432,557.7407005948379,test
2025-03-28,552.490181964,562.0788927714221,test
2025-03-31,556.198903806,527.1826991026774,test
2025-04-01,557.769890538,549.5135834348545,test
2025-04-02,561.299639208,546.8933281722647,test
2025-04-03,533.63834118,543.2193941389506,test
2025-04-04,502.397579712,529.2560013086664,test
2025-04-07,501.502713852,492.5505994268946,test
2025-04-08,493.647780192,488.68527363080545,test
2025-04-09,545.490342348,508.5104365362146,test
2025-04-10,521.587480932,542.9947322532865,test
2025-04-11,530.894085876,513.6583394229198,test
2025-04-14,536.044536048,536.0029406777991,test
2025-04-15,534.543149994,528.804357189672,test
2025-04-16,522.661319964,534.3981845915149,test
2025-04-17,523.407041514,512.2820457357411,test
2025-04-21,510.948520152,521.619541613734,test
2025-04-22,524.24224965,476.67979533551085,test
2025-04-23,532.365643068,518.3005061080647,test
2025-04-24,543.571352226,526.4969115259443,test
2025-04-25,547.498819056,537.5340835811969,test
2025-04-28,547.70762109,551.3996288862983,test
2025-04-29,551.157826128,543.2496774417592,test
2025-04-30,551.376571116,547.4107041166216,test
2025-05-01,555.284152038,558.9593982454467,test
2025-05-02,563.526860904,552.8200872147065,test
2025-05-05,560.295400854,560.0164525360649,test
2025-05-06,555.61226952,555.7619392763853,test
2025-05-07,557.94886371,549.6805392603724,test
2025-05-08,561.836558724,553.1514301360562,test
2025-05-09,561.120666036,556.5892955802583,test
2025-05-12,579.664275246,555.1016036793241,test
2025-05-13,583.492312536,559.4415281916267,test
2025-05-14,584.238034086,577.6542108684323,test
2025-05-15,587.091661884,573.7381873236154,test
2025-05-16,590.81032668,580.4629889439293,test
2025-05-19,591.45661869,607.849558167304,test
2025-05-20,589.46802789,584.9596726288796,test
2025-05-21,579.535016844,584.2859474934587,test
2025-05-22,579.763704786,584.746184195999,test
2025-05-23,575.806409094,592.6503842048843,test
2025-05-27,587.77772571,549.629638935431,test
2025-05-28,584.377235442,553.6630073539086,test
2025-05-29,586.68400077,597.9971905645797,test
